seed,target,method,ensemble_size,pool_size,active_count,active_ratio_pool,queried_total,queried_hits,AUBC,ECE,Brier,NLL,EF_0.1pct,EF_1pct,BEDROC_alpha20,neural_inferences,inference_saved_ratio,hits_per_1000_inferences,mean_pairwise_cosine_distance_at1000,mean_pairwise_tanimoto_at1000,PAINS_Brenk_free_ratio_at1000,PAINS_free_ratio_at1000,Brenk_free_ratio_at1000,unseen_initial_scaffold_hit_rate_at1000,high_score_high_unc_hit_rate,high_score_low_unc_hit_rate,false_confidence_gap,calib_train_size,calib_calibration_size,calib_test_size,calib_train_positive_count,calib_calibration_positive_count,conformal_residual_q90,conformal_coverage90,risk_coverage_auc,calib_ECE_test,calib_Brier_test,calib_NLL_test,Hit@100,Recall@100,unique_scaffold_count@100,Hit@500,Recall@500,unique_scaffold_count@500,Hit@1000,Recall@1000,unique_scaffold_count@1000
0,FEN1,boba_ucb,5,50091,91,0.001816693617615939,2560,27,0.8379629629629629,0.4762137078641484,0.24601700263126908,0.7660443372711209,231.18923076923076,32.96111074554189,0.4526411389192136,5120,0.9872232536783054,6.4453125,0.6302428245544434,0.12156230838949211,0.29600000000000004,0.857,0.31200000000000006,0.018433179723502304,0.01157684630738523,0.009580838323353293,-0.001996007984031937,2048,512,47531,22,5,0.9912906327526925,0.9937514464244388,0.5216187447470461,0.4757237897201765,0.24238174701535592,0.7312732571776179,24,0.26373626373626374,81,30,0.32967032967032966,381,33,0.3626373626373626,726
0,FEN1,greedy_surrogate,5,50091,91,0.001816693617615939,2560,43,0.6700581395348837,0.47765288675345147,0.24570972595593352,0.7558102402048152,231.18923076923076,47.2442587352767,0.5248229695487341,400728,0.0,0.10730470543610629,0.6406174898147583,0.10655678861298368,0.28200000000000003,0.823,0.30000000000000004,0.0295159386068477,0.013173652694610778,0.009181636726546906,-0.003992015968063872,2048,512,47531,34,9,0.9985884116102017,0.9993477940712377,0.5249962000848242,0.46842557326703493,0.23412781554715628,0.6843867495056781,31,0.34065934065934067,86,43,0.4725274725274725,398,43,0.4725274725274725,755
0,FEN1,rabvs_budgeted_no_ucb,5,50091,91,0.001816693617615939,2560,41,0.6859756097560976,0.47693666086455183,0.2453645488854657,0.7574666272831768,33.027032967032966,29.664999670987697,0.4577352934302086,5120,0.9872232536783054,7.421875,0.6438145637512207,0.10501553718761292,0.481,0.851,0.495,0.02478448275862069,0.013173652694610778,0.008782435129740519,-0.004391217564870259,2048,512,47531,33,8,0.999688419176202,0.9999158443962888,0.5259439357369846,0.4695766019028471,0.23293054200924485,0.6701248077797775,5,0.054945054945054944,99,27,0.2967032967032967,470,38,0.4175824175824176,866
0,FEN1,rabvs_budgeted_no_ucb_soft_reliable,5,50091,91,0.001816693617615939,2560,41,0.6859756097560976,0.47693666086455183,0.2453645488854657,0.7574666272831768,22.01802197802198,38.4546292031322,0.4834842105480286,5120,0.9872232536783054,8.203125,0.6412567496299744,0.1062496558272501,0.362,0.831,0.378,0.026744186046511628,0.013173652694610778,0.008782435129740519,-0.004391217564870259,2048,512,47531,33,8,0.999688419176202,0.9999158443962888,0.5259439357369846,0.4695766019028471,0.23293054200924485,0.6701248077797775,7,0.07692307692307693,90,35,0.38461538461538464,417,42,0.46153846153846156,755
0,FEN1,rabvs_budgeted_no_ucb_hit_guard,5,50091,91,0.001816693617615939,2560,41,0.6859756097560976,0.47693666086455183,0.2453645488854657,0.7574666272831768,88.07208791208792,43.94814766072251,0.5010280058879392,5120,0.9872232536783054,8.3984375,0.6389811635017395,0.10838901891587738,0.32899999999999996,0.834,0.344,0.028368794326241134,0.013173652694610778,0.008782435129740519,-0.004391217564870259,2048,512,47531,33,8,0.999688419176202,0.9999158443962888,0.5259439357369846,0.4695766019028471,0.23293054200924485,0.6701248077797775,8,0.08791208791208792,80,40,0.43956043956043955,378,43,0.4725274725274725,722
0,FEN1,rabvs_budgeted_no_ucb_pareto_rrf,5,50091,91,0.001816693617615939,2560,41,0.6859756097560976,0.47693666086455183,0.2453645488854657,0.7574666272831768,319.26131868131864,61.52740672501152,0.8118074388201478,5120,0.9872232536783054,13.671875,0.6439954042434692,0.10683022001979336,0.381,0.841,0.393,0.059509918319719954,0.013173652694610778,0.008782435129740519,-0.004391217564870259,2048,512,47531,33,8,0.999688419176202,0.9999158443962888,0.5259439357369846,0.4695766019028471,0.23293054200924485,0.6701248077797775,34,0.37362637362637363,75,56,0.6153846153846154,386,70,0.7692307692307693,758
0,FEN1,rabvs_budgeted_no_ucb_scaffaug_rerank,5,50091,91,0.001816693617615939,2560,41,0.6859756097560976,0.47693666086455183,0.2453645488854657,0.7574666272831768,33.027032967032966,35.15851812857801,0.4844729758203573,5120,0.9872232536783054,7.6171875,0.6434966921806335,0.10593996307653875,0.387,0.833,0.404,0.025219298245614034,0.013173652694610778,0.008782435129740519,-0.004391217564870259,2048,512,47531,33,8,0.999688419176202,0.9999158443962888,0.5259439357369846,0.4695766019028471,0.23293054200924485,0.6701248077797775,4,0.04395604395604396,100,32,0.3516483516483517,476,39,0.42857142857142855,828
0,MAPK1,boba_ucb,5,15327,77,0.0050238141841195275,2560,35,0.6,0.4712948323379369,0.25293923758907694,0.7791398759137741,199.05194805194805,45.53475935828877,0.5026362128256362,3328,0.9728583545377438,11.71875,0.6325402855873108,0.12837815935091057,0.734,0.924,0.783,0.026136363636363635,0.035202086049543675,0.018276762402088774,-0.0169253236474549,2048,512,12767,28,7,0.9705404354100988,0.9900524790475445,0.5062255855468449,0.4697498253544457,0.24617220513567595,0.7301868877177548,33,0.42857142857142855,94,37,0.4805194805194805,437,39,0.5064935064935064,829
0,MAPK1,greedy_surrogate,5,15327,77,0.0050238141841195275,2560,39,0.6362179487179487,0.4724369711818488,0.25033317648624137,0.7657524729436892,199.05194805194805,45.53475935828877,0.5196869698316414,122616,0.0,0.32622170026750175,0.6161953806877136,0.1380063680053064,0.769,0.925,0.819,0.026726057906458798,0.03650586701434159,0.016971279373368148,-0.01953458764097344,2048,512,12767,31,8,0.9837178293853315,0.9976501919009948,0.5096043497506424,0.4631224273499789,0.2343979269178043,0.6816848704653606,33,0.42857142857142855,97,40,0.5194805194805194,443,40,0.5194805194805194,847
0,MAPK1,rabvs_budgeted_no_ucb,5,15327,77,0.0050238141841195275,2560,32,0.689453125,0.472940232885078,0.2519263721657717,0.769264805643291,145.97142857142856,19.514896867838043,0.38164289992739586,3328,0.9728583545377438,10.216346153846153,0.6173118948936462,0.1374723082965963,0.8180000000000001,0.956,0.85,0.019845644983461964,0.03389830508474576,0.014360313315926894,-0.019537991768818867,2048,512,12767,26,6,0.9849201296628537,0.9973368841544608,0.504199434354358,0.46186101465142526,0.23435486334771355,0.6835125143891211,15,0.19480519480519481,100,29,0.37662337662337664,473,34,0.44155844155844154,917
0,MAPK1,rabvs_budgeted_no_ucb_soft_reliable,5,15327,77,0.0050238141841195275,2560,32,0.689453125,0.472940232885078,0.2519263721657717,0.769264805643291,26.540259740259742,26.019862490450727,0.39390797678056744,3328,0.9728583545377438,10.216346153846153,0.6152804493904114,0.13993026262478336,0.79,0.949,0.827,0.019955654101995565,0.03389830508474576,0.014360313315926894,-0.019537991768818867,2048,512,12767,26,6,0.9849201296628537,0.9973368841544608,0.504199434354358,0.46186101465142526,0.23435486334771355,0.6835125143891211,12,0.15584415584415584,98,33,0.42857142857142855,457,34,0.44155844155844154,895
0,MAPK1,rabvs_budgeted_no_ucb_hit_guard,5,15327,77,0.0050238141841195275,2560,32,0.689453125,0.472940232885078,0.2519263721657717,0.769264805643291,185.78181818181818,37.72880061115355,0.43838404289939575,3328,0.9728583545377438,10.516826923076923,0.6172332167625427,0.14012025221804514,0.767,0.947,0.8069999999999999,0.021040974529346623,0.03389830508474576,0.014360313315926894,-0.019537991768818867,2048,512,12767,26,6,0.9849201296628537,0.9973368841544608,0.504199434354358,0.46186101465142526,0.23435486334771355,0.6835125143891211,22,0.2857142857142857,96,33,0.42857142857142855,452,35,0.45454545454545453,889
0,MAPK1,rabvs_budgeted_no_ucb_pareto_rrf,5,15327,77,0.0050238141841195275,2560,32,0.689453125,0.472940232885078,0.2519263721657717,0.769264805643291,199.05194805194805,42.9327731092437,0.7634602195760554,3328,0.9728583545377438,21.033653846153847,0.6239089369773865,0.13209113395725747,0.785,0.951,0.821,0.05788876276958002,0.03389830508474576,0.014360313315926894,-0.019537991768818867,2048,512,12767,26,6,0.9849201296628537,0.9973368841544608,0.504199434354358,0.46186101465142526,0.23435486334771355,0.6835125143891211,31,0.4025974025974026,96,61,0.7922077922077922,459,70,0.9090909090909091,862
0,MAPK1,rabvs_budgeted_no_ucb_scaffaug_rerank,5,15327,77,0.0050238141841195275,2560,32,0.689453125,0.472940232885078,0.2519263721657717,0.769264805643291,145.97142857142856,20.81588999236058,0.4098430271212996,3328,0.9728583545377438,10.516826923076923,0.6162508726119995,0.14047927748022693,0.784,0.949,0.823,0.02092511013215859,0.03389830508474576,0.014360313315926894,-0.019537991768818867,2048,512,12767,26,6,0.9849201296628537,0.9973368841544608,0.504199434354358,0.46186101465142526,0.23435486334771355,0.6835125143891211,16,0.2077922077922078,100,33,0.42857142857142855,474,35,0.45454545454545453,908
0,PKM2,boba_ucb,5,50136,136,0.0027126216690601564,2560,31,0.6633064516129032,0.4732192642137672,0.2539714334006211,0.7899670919444166,184.3235294117647,24.282141599154635,0.31646473500781075,5120,0.987234721557364,7.421875,0.6212496161460876,0.13237954626825965,0.606,0.917,0.617,0.020964360587002098,0.014359792580773833,0.007179896290386917,-0.007179896290386917,2048,512,47576,25,6,0.9920214153277497,0.9916134185303515,0.4940575392820534,0.4715000866177504,0.24766740645476804,0.7612543397304682,27,0.19852941176470587,90,33,0.2426470588235294,421,38,0.27941176470588236,829
0,PKM2,greedy_surrogate,5,50136,136,0.0027126216690601564,2560,31,0.6995967741935484,0.4736712730149116,0.25351939621402125,0.7867996176205682,176.9505882352941,22.81049665375132,0.2776497288424505,401088,0.0,0.07728977182064783,0.6163212060928345,0.1309006678673631,0.687,0.956,0.704,0.013844515441959531,0.00997207818109294,0.007578779417630634,-0.002393298763462306,2048,512,47576,25,6,0.9981096112369875,0.9975407768622835,0.49333925729465733,0.46846412751139954,0.24453392558349668,0.7380875484842568,28,0.20588235294117646,91,31,0.22794117647058823,408,31,0.22794117647058823,788
0,PKM2,rabvs_budgeted_no_ucb,5,50136,136,0.0027126216690601564,2560,30,0.7541666666666667,0.47340423610132953,0.2514244186607827,0.7845068545922422,73.72941176470589,13.244804508629798,0.24986918389111723,5120,0.987234721557364,5.46875,0.6163893938064575,0.12695478847719655,0.85,0.974,0.856,0.015479876160990712,0.011966493817311527,0.008376545672118069,-0.0035899481451934587,2048,512,47576,24,6,0.998018618969742,0.9974146628552211,0.49062407503210687,0.4701142617985413,0.24670417187735538,0.7489995966275916,12,0.08823529411764706,100,18,0.1323529411764706,487,28,0.20588235294117646,925
0,PKM2,rabvs_budgeted_no_ucb_soft_reliable,5,50136,136,0.0027126216690601564,2560,30,0.7541666666666667,0.47340423610132953,0.2514244186607827,0.7845068545922422,73.72941176470589,22.074674181049666,0.2719154191493436,5120,0.987234721557364,6.25,0.6213452219963074,0.12468529690758412,0.78,0.963,0.788,0.015069967707212056,0.011966493817311527,0.008376545672118069,-0.0035899481451934587,2048,512,47576,24,6,0.998018618969742,0.9974146628552211,0.49062407503210687,0.4701142617985413,0.24670417187735538,0.7489995966275916,12,0.08823529411764706,93,29,0.21323529411764705,436,32,0.23529411764705882,822
0,PKM2,rabvs_budgeted_no_ucb_hit_guard,5,50136,136,0.0027126216690601564,2560,30,0.7541666666666667,0.47340423610132953,0.2514244186607827,0.7845068545922422,125.34,22.81049665375132,0.28285106634139034,5120,0.987234721557364,6.4453125,0.6238750219345093,0.12578270396309355,0.636,0.957,0.648,0.017448200654307525,0.011966493817311527,0.008376545672118069,-0.0035899481451934587,2048,512,47576,24,6,0.998018618969742,0.9974146628552211,0.49062407503210687,0.4701142617985413,0.24670417187735538,0.7489995966275916,18,0.1323529411764706,89,31,0.22794117647058823,398,33,0.2426470588235294,775
0,PKM2,rabvs_budgeted_no_ucb_pareto_rrf,5,50136,136,0.0027126216690601564,2560,30,0.7541666666666667,0.47340423610132953,0.2514244186607827,0.7845068545922422,169.57764705882354,49.300105671010925,0.7031527004769855,5120,0.987234721557364,17.1875,0.6304319500923157,0.12331838947952323,0.655,0.958,0.6659999999999999,0.07641921397379912,0.011966493817311527,0.008376545672118069,-0.0035899481451934587,2048,512,47576,24,6,0.998018618969742,0.9974146628552211,0.49062407503210687,0.4701142617985413,0.24670417187735538,0.7489995966275916,26,0.19117647058823528,89,67,0.49264705882352944,411,88,0.6470588235294118,788
0,PKM2,rabvs_budgeted_no_ucb_scaffaug_rerank,5,50136,136,0.0027126216690601564,2560,30,0.7541666666666667,0.47340423610132953,0.2514244186607827,0.7845068545922422,73.72941176470589,19.8672067629447,0.27102410028046325,5120,0.987234721557364,6.4453125,0.6192117929458618,0.12719407533442917,0.767,0.964,0.775,0.017708333333333333,0.011966493817311527,0.008376545672118069,-0.0035899481451934587,2048,512,47576,24,6,0.998018618969742,0.9974146628552211,0.49062407503210687,0.4701142617985413,0.24670417187735538,0.7489995966275916,12,0.08823529411764706,100,27,0.19852941176470587,496,33,0.2426470588235294,930
0,VDR,boba_ucb,5,50165,165,0.0032891458187979668,2560,29,0.6228448275862069,0.4714041226451607,0.253007562844141,0.7952539385727035,109.45090909090908,17.563503561511528,0.26783464957372016,5120,0.9872421010664806,7.03125,0.5970231890678406,0.13164796954988367,0.52,0.913,0.5529999999999999,0.021134593993325918,0.013551215623754484,0.009170653907496013,-0.004380561716258471,2048,512,47605,23,6,0.984096075507532,0.9874172880999895,0.48723972709503965,0.4699530267003633,0.2561277214621008,0.7916106477915565,20,0.12121212121212122,93,29,0.17575757575757575,421,36,0.21818181818181817,792
0,VDR,greedy_surrogate,5,50165,165,0.0032891458187979668,2560,32,0.71484375,0.47287758984999884,0.2557473085191496,0.7935271426126393,127.69272727272727,18.77477966920198,0.2580517523788128,401320,0.0,0.08721219974085519,0.630547046661377,0.11135146947272401,0.531,0.9319999999999999,0.5569999999999999,0.01868131868131868,0.01315265045834994,0.007971303308090873,-0.005181347150259067,2048,512,47605,26,6,0.9954685949591239,0.997731330742569,0.499798757098612,0.46396348830034995,0.2448179974204393,0.7401346162477696,24,0.14545454545454545,90,31,0.18787878787878787,413,35,0.21212121212121213,787
0,VDR,rabvs_budgeted_no_ucb,5,50165,165,0.0032891458187979668,2560,33,0.6912878787878788,0.4723006696758978,0.2572368302414401,0.7985717333155845,42.56424242424243,6.0563805384522515,0.1921299872232586,5120,0.9872421010664806,5.2734375,0.6007354855537415,0.12232505548574402,0.8109999999999999,0.985,0.8160000000000001,0.013333333333333334,0.00996412913511359,0.008373205741626795,-0.0015909233934867963,2048,512,47605,26,7,0.9935168211796885,0.9956097048629345,0.4938897957110746,0.46565359693403785,0.25092456932735385,0.7685901333323572,7,0.04242424242424243,100,10,0.06060606060606061,496,27,0.16363636363636364,963
0,VDR,rabvs_budgeted_no_ucb_soft_reliable,5,50165,165,0.0032891458187979668,2560,33,0.6912878787878788,0.4723006696758978,0.2572368302414401,0.7985717333155845,24.322424242424244,15.140951346130628,0.22333421796653527,5120,0.9872421010664806,6.4453125,0.6061017513275146,0.11199555096679725,0.69,0.964,0.7,0.018027571580063628,0.00996412913511359,0.008373205741626795,-0.0015909233934867963,2048,512,47605,26,7,0.9935168211796885,0.9956097048629345,0.4938897957110746,0.46565359693403785,0.25092456932735385,0.7685901333323572,7,0.04242424242424243,89,25,0.15151515151515152,441,33,0.2,870
0,VDR,rabvs_budgeted_no_ucb_hit_guard,5,50165,165,0.0032891458187979668,2560,33,0.6912878787878788,0.4723006696758978,0.2572368302414401,0.7985717333155845,66.88666666666667,20.591693830737654,0.23362517287837914,5120,0.9872421010664806,7.03125,0.5984137058258057,0.12413907251958212,0.5700000000000001,0.965,0.5800000000000001,0.01956521739130435,0.00996412913511359,0.008373205741626795,-0.0015909233934867963,2048,512,47605,26,7,0.9935168211796885,0.9956097048629345,0.4938897957110746,0.46565359693403785,0.25092456932735385,0.7685901333323572,12,0.07272727272727272,88,34,0.20606060606060606,442,36,0.21818181818181817,823
0,VDR,rabvs_budgeted_no_ucb_pareto_rrf,5,50165,165,0.0032891458187979668,2560,33,0.6912878787878788,0.4723006696758978,0.2572368302414401,0.7985717333155845,145.93454545454546,38.76083544609441,0.5916844190135417,5120,0.9872421010664806,15.234375,0.61247318983078,0.11752736307740186,0.5640000000000001,0.964,0.5760000000000001,0.06364617044228695,0.00996412913511359,0.008373205741626795,-0.0015909233934867963,2048,512,47605,26,7,0.9935168211796885,0.9956097048629345,0.4938897957110746,0.46565359693403785,0.25092456932735385,0.7685901333323572,29,0.17575757575757575,89,64,0.3878787878787879,432,78,0.4727272727272727,826
0,VDR,rabvs_budgeted_no_ucb_scaffaug_rerank,5,50165,165,0.0032891458187979668,2560,33,0.6912878787878788,0.4723006696758978,0.2572368302414401,0.7985717333155845,42.56424242424243,15.746589399975855,0.21186382302531523,5120,0.9872421010664806,5.46875,0.5988301634788513,0.12347526359858751,0.72,0.972,0.726,0.014418125643666324,0.00996412913511359,0.008373205741626795,-0.0015909233934867963,2048,512,47605,26,7,0.9935168211796885,0.9956097048629345,0.4938897957110746,0.46565359693403785,0.25092456932735385,0.7685901333323572,7,0.04242424242424243,100,26,0.15757575757575756,499,28,0.1696969696969697,962
