seed,target,method,pool_size,active_count,active_ratio_pool,queried_total,queried_hits,AUBC,ECE,Brier,EF_0.1pct,EF_1pct,neural_inferences,inference_saved_ratio,hits_per_1000_inferences,mean_pairwise_cosine_distance_at1000,PAINS_Brenk_free_ratio_at1000,unseen_initial_scaffold_hit_rate_at1000,high_score_high_unc_hit_rate,high_score_low_unc_hit_rate,false_confidence_gap,Hit@100,Recall@100,unique_scaffold_count@100,Hit@500,Recall@500,unique_scaffold_count@500,Hit@1000,Recall@1000,unique_scaffold_count@1000
0,ADRB2,greedy_surrogate,50004,4,7.999360051195904e-05,1024,4,0.8333333333333334,0.0010265306560258499,0.00011497724194026903,1000.08,100.00800000000001,300024,0.0,0.013332266751993173,0.6022636890411377,0.33399999999999996,0.0,0.0,0.0016,0.0016,4,1.0,86,4,1.0,424,4,1.0,814
0,ADRB2,uncertainty_sampling,50004,4,7.999360051195904e-05,1024,4,0.8333333333333334,0.0011769168308832807,0.0001187565132644025,1000.08,100.00800000000001,300024,0.0,0.013332266751993173,0.6071370840072632,0.34299999999999997,0.0,0.0,0.0016,0.0016,4,1.0,87,4,1.0,421,4,1.0,828
0,ADRB2,boba_ucb,50004,4,7.999360051195904e-05,1024,4,0.8333333333333334,0.0020681816308538528,0.0002625513267738554,1000.08,100.00800000000001,3584,0.9880542889902141,1.1160714285714286,0.619304358959198,0.31299999999999994,0.0,0.0,0.0016,0.0016,4,1.0,86,4,1.0,403,4,1.0,815
0,ADRB2,rabvs_hit,50004,4,7.999360051195904e-05,1024,4,0.8333333333333334,0.0037549783787783684,0.0005736235095199282,1000.08,100.00800000000001,3584,0.9880542889902141,1.1160714285714286,0.6122280955314636,0.31399999999999995,0.0,0.0,0.0016,0.0016,4,1.0,83,4,1.0,390,4,1.0,771
0,ADRB2,rabvs_reliable,50004,4,7.999360051195904e-05,1024,4,0.8333333333333334,0.0037549783787783684,0.0005736235095199282,1000.08,100.00800000000001,3584,0.9880542889902141,1.1160714285714286,0.6011145114898682,0.8069999999999999,0.0,0.0,0.0016,0.0016,4,1.0,89,4,1.0,457,4,1.0,951
1,ADRB2,greedy_surrogate,50004,4,7.999360051195904e-05,1024,4,0.8333333333333334,0.001112431674862568,0.00012474748005462895,1000.08,100.00800000000001,300024,0.0,0.013332266751993173,0.5937942862510681,0.33499999999999996,0.0,0.0,0.0016,0.0016,4,1.0,82,4,1.0,409,4,1.0,817
1,ADRB2,uncertainty_sampling,50004,4,7.999360051195904e-05,1024,4,0.8333333333333334,0.0013035513116789123,0.00013634395898375819,1000.08,100.00800000000001,300024,0.0,0.013332266751993173,0.5931364893913269,0.362,0.0,0.0,0.0016,0.0016,4,1.0,81,4,1.0,413,4,1.0,824
1,ADRB2,boba_ucb,50004,4,7.999360051195904e-05,1024,4,0.8333333333333334,0.0028437363468007525,0.00040374465672374124,1000.08,100.00800000000001,3584,0.9880542889902141,1.1160714285714286,0.6120410561561584,0.30400000000000005,0.0,0.0,0.0016,0.0016,4,1.0,87,4,1.0,411,4,1.0,812
1,ADRB2,rabvs_hit,50004,4,7.999360051195904e-05,1024,4,0.8333333333333334,0.003803695048933616,0.0005711612754832091,1000.08,100.00800000000001,3584,0.9880542889902141,1.1160714285714286,0.6122047901153564,0.30300000000000005,0.0,0.0,0.0016,0.0016,4,1.0,85,4,1.0,411,4,1.0,812
1,ADRB2,rabvs_reliable,50004,4,7.999360051195904e-05,1024,4,0.8333333333333334,0.003803695048933616,0.0005711612754832091,1000.08,100.00800000000001,3584,0.9880542889902141,1.1160714285714286,0.6042667627334595,0.798,0.0,0.0,0.0016,0.0016,4,1.0,91,4,1.0,469,4,1.0,964
2,ADRB2,greedy_surrogate,50004,4,7.999360051195904e-05,1024,4,0.8333333333333334,0.0008349338157109916,0.00011061001496408107,1000.08,100.00800000000001,300024,0.0,0.013332266751993173,0.6037401556968689,0.30900000000000005,0.0,0.0,0.0016,0.0016,4,1.0,77,4,1.0,409,4,1.0,810
2,ADRB2,uncertainty_sampling,50004,4,7.999360051195904e-05,1024,4,0.8333333333333334,0.0010452438691892975,0.000127022616501745,1000.08,100.00800000000001,300024,0.0,0.013332266751993173,0.6083699464797974,0.30400000000000005,0.0,0.0,0.0016,0.0016,4,1.0,75,4,1.0,408,4,1.0,803
2,ADRB2,boba_ucb,50004,4,7.999360051195904e-05,1024,4,0.8333333333333334,0.0021334834017256144,0.000347993312145995,750.0600000000001,100.00800000000001,3584,0.9880542889902141,1.1160714285714286,0.6098302602767944,0.32599999999999996,0.0,0.0,0.0016,0.0016,4,1.0,74,4,1.0,414,4,1.0,799
2,ADRB2,rabvs_hit,50004,4,7.999360051195904e-05,1024,4,0.8333333333333334,0.003112589390385714,0.0005771683786202589,750.0600000000001,100.00800000000001,3584,0.9880542889902141,1.1160714285714286,0.6107063889503479,0.32099999999999995,0.0,0.0,0.0016,0.0016,3,0.75,70,4,1.0,397,4,1.0,790
2,ADRB2,rabvs_reliable,50004,4,7.999360051195904e-05,1024,4,0.8333333333333334,0.003112589390385714,0.0005771683786202589,750.0600000000001,100.00800000000001,3584,0.9880542889902141,1.1160714285714286,0.6003549695014954,0.865,0.0,0.0,0.0016,0.0016,3,0.75,78,4,1.0,463,4,1.0,960
0,ALDH1,greedy_surrogate,26640,1343,0.050412912912912916,1024,94,0.5106382978723404,0.04769074074476182,0.0529641617510099,13.224125093075203,5.369193646812488,159840,0.0,0.8571071071071071,0.6291279196739197,0.46099999999999997,0.13566289825282632,0.08933933933933934,0.10735735735735735,0.018018018018018014,41,0.03052866716306776,93,97,0.07222635889798958,456,137,0.10201042442293373,897
0,ALDH1,uncertainty_sampling,26640,1343,0.050412912912912916,1024,76,0.5493421052631579,0.0613241115461962,0.060019666626710044,5.1427153139736905,3.504890297224819,159840,0.0,0.7632632632632632,0.5805239081382751,0.725,0.11722731906218145,0.07882882882882883,0.08933933933933934,0.01051051051051051,23,0.01712583767684289,96,80,0.05956813104988831,482,122,0.09084139985107967,958
0,ALDH1,boba_ucb,26640,1343,0.050412912912912916,1024,71,0.4894366197183099,0.051935158835040726,0.05484485104880227,6.612062546537602,4.623472306977421,2304,0.9855855855855856,52.517361111111114,0.611242413520813,0.612,0.11522633744855967,0.07507507507507508,0.0945945945945946,0.019519519519519524,34,0.02531645569620253,96,82,0.06105733432613552,452,121,0.09009679821295608,883
0,ALDH1,rabvs_hit,26640,1343,0.050412912912912916,1024,64,0.5143229166666666,0.060388202890061186,0.059554592375181986,2.938694465127823,3.504890297224819,2304,0.9855855855855856,53.385416666666664,0.595830500125885,0.608,0.121875,0.10135135135135136,0.08258258258258258,-0.018768768768768776,25,0.018615040953090096,92,70,0.05212211466865227,448,123,0.09158600148920328,881
0,ALDH1,rabvs_reliable,26640,1343,0.050412912912912916,1024,64,0.5143229166666666,0.060388202890061186,0.059554592375181986,2.2040208488458672,3.2066017612907918,2304,0.9855855855855856,49.479166666666664,0.5936667323112488,0.716,0.10974358974358975,0.10135135135135136,0.08258258258258258,-0.018768768768768776,25,0.018615040953090096,97,66,0.049143708116157855,468,114,0.08488458674609084,912
1,ALDH1,greedy_surrogate,26640,1343,0.050412912912912916,1024,95,0.5412280701754386,0.04767852817158535,0.05047363104282595,12.48945147679325,5.965770718680543,159840,0.0,0.832082082082082,0.5966440439224243,0.531,0.1279916753381894,0.08558558558558559,0.09384384384384384,0.008258258258258253,51,0.0379746835443038,97,99,0.07371556217423679,456,133,0.09903201787043932,879
1,ALDH1,uncertainty_sampling,26640,1343,0.050412912912912916,1024,91,0.4990842490842491,0.05242869942803244,0.05428554927072956,5.1427153139736905,6.26405925461457,159840,0.0,1.1073573573573572,0.5887131094932556,0.477,0.17463617463617465,0.1006006006006006,0.10810810810810811,0.007507507507507519,34,0.02531645569620253,96,125,0.09307520476545049,455,177,0.13179448994787787,890
1,ALDH1,boba_ucb,26640,1343,0.050412912912912916,1024,83,0.5401606425702812,0.05566893411743012,0.056461133333636705,8.081409779101513,5.070905110878462,2304,0.9855855855855856,62.5,0.6016584038734436,0.44399999999999995,0.14270500532481364,0.08108108108108109,0.1021021021021021,0.02102102102102102,32,0.023827252419955324,93,104,0.0774385703648548,439,144,0.10722263588979895,856
1,ALDH1,rabvs_hit,26640,1343,0.050412912912912916,1024,77,0.5227272727272727,0.056652204605760856,0.0575746451838572,8.816083395383469,4.921760842911448,2304,0.9855855855855856,70.3125,0.5835089683532715,0.45699999999999996,0.1566390041493776,0.11036036036036036,0.09984984984984985,-0.01051051051051051,31,0.02308265078183172,96,103,0.0766939687267312,459,162,0.12062546537602382,885
1,ALDH1,rabvs_reliable,26640,1343,0.050412912912912916,1024,77,0.5227272727272727,0.056652204605760856,0.0575746451838572,5.1427153139736905,4.847188708927941,2304,0.9855855855855856,66.84027777777777,0.5776888132095337,0.569,0.14754098360655737,0.11036036036036036,0.09984984984984985,-0.01051051051051051,30,0.022338049143708117,98,102,0.0759493670886076,473,154,0.114668652271035,916
2,ALDH1,greedy_surrogate,26640,1343,0.050412912912912916,1024,100,0.4125,0.05102234958753378,0.05419216953809601,11.020104244229337,6.04034285266405,159840,0.0,0.9697197197197198,0.6298443078994751,0.472,0.15233160621761657,0.0990990990990991,0.1111111111111111,0.012012012012012005,42,0.03127326880119136,93,113,0.08413998510796723,461,155,0.1154132539091586,894
2,ALDH1,uncertainty_sampling,26640,1343,0.050412912912912916,1024,81,0.5061728395061729,0.06385478111198144,0.062017857224155544,4.4080416976917345,3.8777509671423527,159840,0.0,0.8821321321321322,0.614324152469635,0.5880000000000001,0.1396534148827727,0.0945945945945946,0.1066066066066066,0.012012012012012005,24,0.017870439314966492,94,87,0.06478034251675353,475,141,0.10498883097542815,924
2,ALDH1,boba_ucb,26640,1343,0.050412912912912916,1024,70,0.4583333333333333,0.052212015080099816,0.05476791816699777,7.346736162819558,4.623472306977421,2304,0.9855855855855856,54.25347222222222,0.6053009629249573,0.5569999999999999,0.11875,0.09684684684684684,0.09759759759759759,0.0007507507507507477,35,0.026061057334326135,97,83,0.06180193596425912,469,125,0.09307520476545049,922
2,ALDH1,rabvs_hit,26640,1343,0.050412912912912916,1024,61,0.5218579234972678,0.05882916191350294,0.058386692598756645,1.4693472325639114,3.4303181632413122,2304,0.9855855855855856,59.02777777777778,0.5954720973968506,0.594,0.12863070539419086,0.08783783783783784,0.09759759759759759,0.009759759759759748,22,0.016381236038719285,95,81,0.06031273268801191,469,136,0.10126582278481013,911
2,ALDH1,rabvs_reliable,26640,1343,0.050412912912912916,1024,61,0.5218579234972678,0.05882916191350294,0.058386692598756645,2.938694465127823,3.504890297224819,2304,0.9855855855855856,58.59375,0.5898682475090027,0.6839999999999999,0.12796697626418987,0.08783783783783784,0.09759759759759759,0.009759759759759748,21,0.01563663440059568,99,81,0.06031273268801191,479,135,0.10052122114668652,942
0,ESR1_ago,greedy_surrogate,911,3,0.003293084522502744,911,3,0.8333333333333334,0.008715455011604445,0.0012960850167853311,303.6666666666667,101.22222222222221,5466,0.0,0.5488474204171241,0.7339131236076355,0.4401756311745335,0.0,0.021739130434782608,0.043478260869565216,0.021739130434782608,3,1.0,78,3,1.0,322,3,1.0,611
0,ESR1_ago,uncertainty_sampling,911,3,0.003293084522502744,911,3,0.8333333333333334,0.008702700217522258,0.0010925491715543204,303.6666666666667,101.22222222222221,5466,0.0,0.5488474204171241,0.7339129447937012,0.4401756311745335,0.0,0.021739130434782608,0.043478260869565216,0.021739130434782608,3,1.0,77,3,1.0,322,3,1.0,611
0,ESR1_ago,boba_ucb,911,3,0.003293084522502744,911,3,0.8333333333333334,0.009408280065852079,0.0012499486597769658,303.6666666666667,101.22222222222221,1060,0.8060739114526162,2.830188679245283,0.7339130640029907,0.4401756311745335,0.0,0.021739130434782608,0.043478260869565216,0.021739130434782608,3,1.0,79,3,1.0,322,3,1.0,611
0,ESR1_ago,rabvs_hit,911,3,0.003293084522502744,911,3,0.8333333333333334,0.008740216395833333,0.0015160388300353507,303.6666666666667,101.22222222222221,1060,0.8060739114526162,2.830188679245283,0.7339128851890564,0.4401756311745335,0.0,0.021739130434782608,0.043478260869565216,0.021739130434782608,3,1.0,80,3,1.0,320,3,1.0,611
0,ESR1_ago,rabvs_reliable,911,3,0.003293084522502744,911,3,0.8333333333333334,0.008740216395833333,0.0015160388300353507,303.6666666666667,67.48148148148148,1060,0.8060739114526162,2.830188679245283,0.7339129447937012,0.4401756311745335,0.0,0.021739130434782608,0.043478260869565216,0.021739130434782608,2,0.6666666666666666,97,2,0.6666666666666666,402,3,1.0,611
1,ESR1_ago,greedy_surrogate,911,3,0.003293084522502744,911,3,0.8333333333333334,0.010366562003995975,0.001750612242303593,303.6666666666667,101.22222222222221,5466,0.0,0.5488474204171241,0.7339509725570679,0.4401756311745335,0.0,0.021739130434782608,0.043478260869565216,0.021739130434782608,3,1.0,77,3,1.0,335,3,1.0,611
1,ESR1_ago,uncertainty_sampling,911,3,0.003293084522502744,911,3,0.8333333333333334,0.009407070946812356,0.001772866650784447,303.6666666666667,101.22222222222221,5466,0.0,0.5488474204171241,0.7339509725570679,0.4401756311745335,0.0,0.021739130434782608,0.043478260869565216,0.021739130434782608,3,1.0,78,3,1.0,339,3,1.0,611
1,ESR1_ago,boba_ucb,911,3,0.003293084522502744,911,3,0.8333333333333334,0.01019018309723015,0.0017598845860981888,303.6666666666667,101.22222222222221,1060,0.8060739114526162,2.830188679245283,0.7339509725570679,0.4401756311745335,0.0,0.021739130434782608,0.043478260869565216,0.021739130434782608,3,1.0,79,3,1.0,338,3,1.0,611
1,ESR1_ago,rabvs_hit,911,3,0.003293084522502744,911,3,0.8333333333333334,0.010388344697929932,0.0015503562138478614,303.6666666666667,101.22222222222221,1060,0.8060739114526162,2.830188679245283,0.7339509129524231,0.4401756311745335,0.0,0.021739130434782608,0.043478260869565216,0.021739130434782608,3,1.0,80,3,1.0,332,3,1.0,611
1,ESR1_ago,rabvs_reliable,911,3,0.003293084522502744,911,3,0.8333333333333334,0.010388344697929932,0.0015503562138478614,303.6666666666667,67.48148148148148,1060,0.8060739114526162,2.830188679245283,0.7339509725570679,0.4401756311745335,0.0,0.021739130434782608,0.043478260869565216,0.021739130434782608,2,0.6666666666666666,96,2,0.6666666666666666,401,3,1.0,611
2,ESR1_ago,greedy_surrogate,911,3,0.003293084522502744,911,3,0.8333333333333334,0.0094900876903077,0.0012771297437438299,303.6666666666667,101.22222222222221,5466,0.0,0.5488474204171241,0.7340320348739624,0.4401756311745335,0.0,0.021739130434782608,0.043478260869565216,0.021739130434782608,3,1.0,80,3,1.0,327,3,1.0,611
2,ESR1_ago,uncertainty_sampling,911,3,0.003293084522502744,911,3,0.8333333333333334,0.009257254365253563,0.0012391438455832586,303.6666666666667,101.22222222222221,5466,0.0,0.5488474204171241,0.7340319156646729,0.4401756311745335,0.0,0.021739130434782608,0.043478260869565216,0.021739130434782608,3,1.0,79,3,1.0,326,3,1.0,611
2,ESR1_ago,boba_ucb,911,3,0.003293084522502744,911,3,0.8333333333333334,0.008543531975500035,0.001420428982698418,303.6666666666667,101.22222222222221,1060,0.8060739114526162,2.830188679245283,0.7340320348739624,0.4401756311745335,0.0,0.021739130434782608,0.043478260869565216,0.021739130434782608,3,1.0,82,3,1.0,325,3,1.0,611
2,ESR1_ago,rabvs_hit,911,3,0.003293084522502744,911,3,0.8333333333333334,0.008734564092858183,0.001268221320322211,303.6666666666667,101.22222222222221,1060,0.8060739114526162,2.830188679245283,0.7340319156646729,0.4401756311745335,0.0,0.021739130434782608,0.043478260869565216,0.021739130434782608,3,1.0,80,3,1.0,324,3,1.0,611
2,ESR1_ago,rabvs_reliable,911,3,0.003293084522502744,911,3,0.8333333333333334,0.008734564092858183,0.001268221320322211,303.6666666666667,67.48148148148148,1060,0.8060739114526162,2.830188679245283,0.7340319156646729,0.4401756311745335,0.0,0.021739130434782608,0.043478260869565216,0.021739130434782608,2,0.6666666666666666,96,2,0.6666666666666666,406,3,1.0,611
0,ESR1_ant,greedy_surrogate,819,25,0.030525030525030524,819,25,0.6933333333333334,0.0898138325658002,0.03909291149182495,32.76,24.57,4914,0.0,5.087505087505088,0.7360277771949768,0.4652014652014652,0.022613065326633167,0.3170731707317073,0.17073170731707318,-0.14634146341463414,24,0.96,60,25,1.0,316,25,1.0,536
0,ESR1_ant,uncertainty_sampling,819,25,0.030525030525030524,819,25,0.6833333333333333,0.0898138325658002,0.03909291149182495,32.76,24.57,4914,0.0,5.087505087505088,0.7360277771949768,0.4652014652014652,0.022613065326633167,0.3170731707317073,0.17073170731707318,-0.14634146341463414,24,0.96,60,25,1.0,316,25,1.0,536
0,ESR1_ant,boba_ucb,819,25,0.030525030525030524,819,25,0.6766666666666666,0.0898138325658002,0.03909291149182495,32.76,24.57,1056,0.7851037851037851,23.674242424242426,0.7360277771949768,0.4652014652014652,0.022613065326633167,0.3170731707317073,0.17073170731707318,-0.14634146341463414,24,0.96,60,25,1.0,316,25,1.0,536
0,ESR1_ant,rabvs_hit,819,25,0.030525030525030524,819,25,0.7066666666666667,0.0898138325658002,0.03909291149182495,32.76,24.57,1056,0.7851037851037851,23.674242424242426,0.7360277771949768,0.4652014652014652,0.022613065326633167,0.3170731707317073,0.17073170731707318,-0.14634146341463414,24,0.96,60,25,1.0,316,25,1.0,536
0,ESR1_ant,rabvs_reliable,819,25,0.030525030525030524,819,25,0.7066666666666667,0.0898138325658002,0.03909291149182495,32.76,12.285,1056,0.7851037851037851,23.674242424242426,0.7360278367996216,0.4652014652014652,0.022613065326633167,0.3170731707317073,0.17073170731707318,-0.14634146341463414,16,0.64,60,16,0.64,346,25,1.0,536
1,ESR1_ant,greedy_surrogate,819,25,0.030525030525030524,819,25,0.6933333333333334,0.08488286370283986,0.037256136115475666,32.76,20.475,4914,0.0,5.087505087505088,0.7360116243362427,0.4652014652014652,0.031007751937984496,0.36585365853658536,0.1951219512195122,-0.17073170731707316,24,0.96,59,25,1.0,328,25,1.0,536
1,ESR1_ant,uncertainty_sampling,819,25,0.030525030525030524,819,25,0.6933333333333334,0.08488286370283986,0.037256136115475666,32.76,20.475,4914,0.0,5.087505087505088,0.7360116243362427,0.4652014652014652,0.031007751937984496,0.36585365853658536,0.1951219512195122,-0.17073170731707316,24,0.96,59,25,1.0,328,25,1.0,536
1,ESR1_ant,boba_ucb,819,25,0.030525030525030524,819,25,0.71,0.08488286370283986,0.037256136115475666,32.76,20.475,1056,0.7851037851037851,23.674242424242426,0.7360116243362427,0.4652014652014652,0.031007751937984496,0.36585365853658536,0.1951219512195122,-0.17073170731707316,24,0.96,59,25,1.0,328,25,1.0,536
1,ESR1_ant,rabvs_hit,819,25,0.030525030525030524,819,25,0.6966666666666667,0.08488286370283986,0.037256136115475666,32.76,20.475,1056,0.7851037851037851,23.674242424242426,0.7360116243362427,0.4652014652014652,0.031007751937984496,0.36585365853658536,0.1951219512195122,-0.17073170731707316,24,0.96,59,25,1.0,328,25,1.0,536
1,ESR1_ant,rabvs_reliable,819,25,0.030525030525030524,819,25,0.6966666666666667,0.08488286370283986,0.037256136115475666,32.76,24.57,1056,0.7851037851037851,23.674242424242426,0.7360116243362427,0.4652014652014652,0.031007751937984496,0.36585365853658536,0.1951219512195122,-0.17073170731707316,17,0.68,63,18,0.72,352,25,1.0,536
2,ESR1_ant,greedy_surrogate,819,25,0.030525030525030524,819,25,0.67,0.09782398110980063,0.041200560724895134,32.76,24.57,4914,0.0,5.087505087505088,0.7360069751739502,0.4652014652014652,0.029411764705882353,0.36585365853658536,0.17073170731707318,-0.19512195121951217,23,0.92,60,25,1.0,325,25,1.0,536
2,ESR1_ant,uncertainty_sampling,819,25,0.030525030525030524,819,25,0.6766666666666666,0.09782398110980063,0.041200560724895134,32.76,24.57,4914,0.0,5.087505087505088,0.7360069751739502,0.4652014652014652,0.029411764705882353,0.36585365853658536,0.17073170731707318,-0.19512195121951217,23,0.92,60,25,1.0,325,25,1.0,536
2,ESR1_ant,boba_ucb,819,25,0.030525030525030524,819,25,0.7,0.09782398110980063,0.041200560724895134,32.76,24.57,1056,0.7851037851037851,23.674242424242426,0.7360069751739502,0.4652014652014652,0.029411764705882353,0.36585365853658536,0.17073170731707318,-0.19512195121951217,23,0.92,60,25,1.0,325,25,1.0,536
2,ESR1_ant,rabvs_hit,819,25,0.030525030525030524,819,25,0.6433333333333333,0.09782398110980063,0.041200560724895134,32.76,24.57,1056,0.7851037851037851,23.674242424242426,0.7360069751739502,0.4652014652014652,0.029411764705882353,0.36585365853658536,0.17073170731707318,-0.19512195121951217,23,0.92,60,25,1.0,325,25,1.0,536
2,ESR1_ant,rabvs_reliable,819,25,0.030525030525030524,819,25,0.6433333333333333,0.09782398110980063,0.041200560724895134,32.76,12.285,1056,0.7851037851037851,23.674242424242426,0.7360069155693054,0.4652014652014652,0.029411764705882353,0.36585365853658536,0.17073170731707318,-0.19512195121951217,16,0.64,65,18,0.72,351,25,1.0,536
0,FEN1,greedy_surrogate,50091,91,0.001816693617615939,1024,25,0.58,0.017560140695626645,0.004665179203242172,176.14417582417585,29.664999670987697,300546,0.0,0.09981833063823842,0.636847972869873,0.384,0.021664766248574687,0.0011976047904191617,0.014770459081836327,0.013572854291417165,18,0.1978021978021978,81,27,0.2967032967032967,378,30,0.32967032967032966,726
0,FEN1,uncertainty_sampling,50091,91,0.001816693617615939,1024,14,0.5952380952380952,0.005854485816302197,0.002529821330395513,77.06307692307693,17.579259064289005,300546,0.0,0.07985466451059073,0.5857223868370056,0.43500000000000005,0.013555787278415016,0.003592814371257485,0.01437125748502994,0.010778443113772455,13,0.14285714285714285,94,16,0.17582417582417584,449,24,0.26373626373626374,850
0,FEN1,boba_ucb,50091,91,0.001816693617615939,1024,14,0.6428571428571429,0.01638179190142461,0.005286933149223043,88.07208791208792,20.875370138843195,3584,0.9880750367664185,7.254464285714286,0.5983134508132935,0.406,0.01733477789815818,0.003592814371257485,0.012375249500998005,0.00878243512974052,10,0.10989010989010989,93,19,0.2087912087912088,415,26,0.2857142857142857,784
0,FEN1,rabvs_hit,50091,91,0.001816693617615939,1024,13,0.6474358974358975,0.011871861288444283,0.004045261630564893,110.0901098901099,19.77666644732513,3584,0.9880750367664185,5.580357142857143,0.5843473076820374,0.521,0.012779552715654952,0.003992015968063872,0.011976047904191617,0.007984031936127746,10,0.10989010989010989,85,18,0.1978021978021978,424,20,0.21978021978021978,795
0,FEN1,rabvs_reliable,50091,91,0.001816693617615939,1024,13,0.6474358974358975,0.011871861288444283,0.004045261630564893,99.0810989010989,17.579259064289005,3584,0.9880750367664185,5.022321428571429,0.5857353210449219,0.7030000000000001,0.010471204188481676,0.003992015968063872,0.011976047904191617,0.007984031936127746,11,0.12087912087912088,88,16,0.17582417582417584,451,18,0.1978021978021978,887
1,FEN1,greedy_surrogate,50091,91,0.001816693617615939,1024,19,0.793859649122807,0.002547528445121128,0.002133108469522164,176.14417582417585,20.875370138843195,300546,0.0,0.07985466451059073,0.628806471824646,0.471,0.013468013468013467,0.004391217564870259,0.01277445109780439,0.008383233532934131,18,0.1978021978021978,79,19,0.2087912087912088,376,24,0.26373626373626374,719
1,FEN1,uncertainty_sampling,50091,91,0.001816693617615939,1024,20,0.6083333333333333,0.0072345360613825125,0.002717074019282805,154.12615384615387,30.76370336250576,300546,0.0,0.09316377526235585,0.6417466998100281,0.41200000000000003,0.017524644030668127,0.004391217564870259,0.01437125748502994,0.00998003992015968,19,0.2087912087912088,81,28,0.3076923076923077,399,28,0.3076923076923077,772
1,FEN1,boba_ucb,50091,91,0.001816693617615939,1024,19,0.7894736842105263,0.009146501318010246,0.0033874968243496235,154.12615384615387,27.46759228795157,3584,0.9880750367664185,7.533482142857143,0.6661884784698486,0.352,0.017462165308498253,0.0031936127744510976,0.013572854291417165,0.010379241516966068,19,0.2087912087912088,77,25,0.27472527472527475,380,27,0.2967032967032967,720
1,FEN1,rabvs_hit,50091,91,0.001816693617615939,1024,14,0.7619047619047619,0.008196852363695805,0.0036370818680511773,132.10813186813186,26.368888596433507,3584,0.9880750367664185,8.370535714285714,0.6581311225891113,0.32799999999999996,0.01991150442477876,0.0031936127744510976,0.01437125748502994,0.011177644710578843,15,0.16483516483516483,84,24,0.26373626373626374,392,30,0.32967032967032966,763
1,FEN1,rabvs_reliable,50091,91,0.001816693617615939,1024,14,0.7619047619047619,0.008196852363695805,0.0036370818680511773,110.0901098901099,28.566295979469633,3584,0.9880750367664185,8.091517857142858,0.658767819404602,0.573,0.0189873417721519,0.0031936127744510976,0.01437125748502994,0.011177644710578843,14,0.15384615384615385,91,26,0.2857142857142857,436,29,0.31868131868131866,897
2,FEN1,greedy_surrogate,50091,91,0.001816693617615939,1024,22,0.6401515151515151,0.005582073929354542,0.002614005518539035,209.1712087912088,25.270184904915443,300546,0.0,0.08650921988647328,0.6136782765388489,0.351,0.017391304347826087,0.0027944111776447107,0.014770459081836327,0.011976047904191617,21,0.23076923076923078,81,23,0.25274725274725274,390,26,0.2857142857142857,771
2,FEN1,uncertainty_sampling,50091,91,0.001816693617615939,1024,18,0.6111111111111112,0.007613824946154282,0.0032422496105155092,176.14417582417585,28.566295979469633,300546,0.0,0.09649105295029713,0.6328392028808594,0.42200000000000004,0.02045209903121636,0.0027944111776447107,0.01437125748502994,0.01157684630738523,19,0.2087912087912088,87,26,0.2857142857142857,412,29,0.31868131868131866,801
2,FEN1,boba_ucb,50091,91,0.001816693617615939,1024,10,0.825,0.004659357205971751,0.0025979965841077582,110.0901098901099,20.875370138843195,3584,0.9880750367664185,6.138392857142857,0.6062425971031189,0.375,0.013948497854077254,0.0031936127744510976,0.011976047904191617,0.00878243512974052,11,0.12087912087912088,90,19,0.2087912087912088,410,22,0.24175824175824176,773
2,FEN1,rabvs_hit,50091,91,0.001816693617615939,1024,17,0.5637254901960784,0.007471799422257451,0.004370064629839351,55.04505494505495,26.368888596433507,3584,0.9880750367664185,7.8125,0.5964462161064148,0.262,0.019522776572668113,0.003992015968063872,0.01277445109780439,0.008782435129740519,9,0.0989010989010989,83,24,0.26373626373626374,389,28,0.3076923076923077,739
2,FEN1,rabvs_reliable,50091,91,0.001816693617615939,1024,17,0.5637254901960784,0.007471799422257451,0.004370064629839351,66.05406593406593,26.368888596433507,3584,0.9880750367664185,7.533482142857143,0.6110562086105347,0.492,0.01795142555438226,0.003992015968063872,0.01277445109780439,0.008782435129740519,10,0.10989010989010989,87,24,0.26373626373626374,412,27,0.2967032967032967,852
0,GBA,greedy_surrogate,50041,41,0.0008193281509162487,1024,12,0.7916666666666666,0.0022610470587878665,0.0009714921325048879,268.51268292682926,31.733317073170728,300246,0.0,0.0432978291134603,0.6686707735061646,0.40700000000000003,0.003436426116838488,0.0011985617259288853,0.005195843325339729,0.003997281599410843,11,0.2682926829268293,76,13,0.3170731707317073,370,13,0.3170731707317073,722
0,GBA,uncertainty_sampling,50041,41,0.0008193281509162487,1024,12,0.7638888888888888,0.003980847496505724,0.0012462626075313169,268.51268292682926,31.733317073170728,300246,0.0,0.0432978291134603,0.6679337024688721,0.361,0.0035046728971962616,0.0023971234518577705,0.005195843325339729,0.002798719873481958,11,0.2682926829268293,70,13,0.3170731707317073,358,13,0.3170731707317073,687
0,GBA,boba_ucb,50041,41,0.0008193281509162487,1024,9,0.8333333333333334,0.0048761982055781795,0.0013929017907564959,219.69219512195122,24.410243902439024,3584,0.988063121573643,3.0691964285714284,0.6377812623977661,0.544,0.002224694104560623,0.001997602876548142,0.004796163069544364,0.002798560192996222,9,0.21951219512195122,74,10,0.24390243902439024,378,11,0.2682926829268293,752
0,GBA,rabvs_hit,50041,41,0.0008193281509162487,1024,9,0.8333333333333334,0.00550224582182945,0.001521291864692791,219.69219512195122,26.851268292682924,3584,0.988063121573643,3.0691964285714284,0.6517427563667297,0.45999999999999996,0.0022598870056497176,0.0015980823012385138,0.004796163069544364,0.00319808076830585,9,0.21951219512195122,72,11,0.2682926829268293,375,11,0.2682926829268293,730
0,GBA,rabvs_reliable,50041,41,0.0008193281509162487,1024,9,0.8333333333333334,0.00550224582182945,0.001521291864692791,219.69219512195122,26.851268292682924,3584,0.988063121573643,3.627232142857143,0.6400358080863953,0.7989999999999999,0.004201680672268907,0.0015980823012385138,0.004796163069544364,0.00319808076830585,9,0.21951219512195122,89,11,0.2682926829268293,440,13,0.3170731707317073,912
1,GBA,greedy_surrogate,50041,41,0.0008193281509162487,1024,14,0.7559523809523809,0.0025459132510616323,0.0010027443595340387,317.3331707317073,34.174341463414635,300246,0.0,0.04662843135295724,0.6303660273551941,0.569,0.005405405405405406,0.0007990411506192569,0.007593924860111911,0.006794883709492654,13,0.3170731707317073,79,14,0.34146341463414637,399,14,0.34146341463414637,781
1,GBA,uncertainty_sampling,50041,41,0.0008193281509162487,1024,13,0.7371794871794872,0.003100134799272802,0.0010324868240203944,292.92292682926825,34.174341463414635,300246,0.0,0.04995903359245419,0.6381552219390869,0.529,0.006666666666666667,0.0007990411506192569,0.007194244604316547,0.00639520345369729,12,0.2926829268292683,81,14,0.34146341463414637,389,15,0.36585365853658536,743
1,GBA,boba_ucb,50041,41,0.0008193281509162487,1024,12,0.7777777777777778,0.00571367365176675,0.0015322752473760058,268.51268292682926,34.174341463414635,3584,0.988063121573643,4.185267857142857,0.6321511268615723,0.5429999999999999,0.00646551724137931,0.0007990411506192569,0.006394884092725819,0.005595842942106562,13,0.3170731707317073,88,14,0.34146341463414637,407,15,0.36585365853658536,776
1,GBA,rabvs_hit,50041,41,0.0008193281509162487,1024,12,0.7569444444444444,0.005635849977224197,0.0015709491036540507,244.10243902439024,36.61536585365853,3584,0.988063121573643,4.464285714285714,0.6303098797798157,0.46199999999999997,0.0075107296137339056,0.00039952057530962844,0.007593924860111911,0.007194404284802282,14,0.34146341463414637,88,15,0.36585365853658536,402,16,0.3902439024390244,793
1,GBA,rabvs_reliable,50041,41,0.0008193281509162487,1024,12,0.7569444444444444,0.005635849977224197,0.0015709491036540507,268.51268292682926,34.174341463414635,3584,0.988063121573643,4.185267857142857,0.625615119934082,0.8049999999999999,0.006191950464396285,0.00039952057530962844,0.007593924860111911,0.007194404284802282,13,0.3170731707317073,93,14,0.34146341463414637,461,15,0.36585365853658536,939
2,GBA,greedy_surrogate,50041,41,0.0008193281509162487,1024,11,0.8106060606060606,0.0013023786538177019,0.0009248768192039623,268.51268292682926,29.292292682926828,300246,0.0,0.0432978291134603,0.6098411679267883,0.536,0.004153686396677051,0.0015980823012385138,0.005995203836930456,0.004397121535691942,11,0.2682926829268293,85,12,0.2926829268292683,433,13,0.3170731707317073,868
2,GBA,uncertainty_sampling,50041,41,0.0008193281509162487,1024,13,0.75,0.002403705951393996,0.0010137523511749849,317.3331707317073,31.733317073170728,300246,0.0,0.04662843135295724,0.6167329549789429,0.5489999999999999,0.005219206680584551,0.0015980823012385138,0.006794564348521183,0.005196482047282669,13,0.3170731707317073,90,13,0.3170731707317073,453,14,0.34146341463414637,879
2,GBA,boba_ucb,50041,41,0.0008193281509162487,1024,15,0.6611111111111111,0.006065293533024246,0.001871278098958848,341.74341463414635,39.05639024390244,3584,0.988063121573643,5.022321428571429,0.627665102481842,0.524,0.009453781512605041,0.0,0.007194244604316547,0.007194244604316547,14,0.34146341463414637,92,16,0.3902439024390244,441,18,0.43902439024390244,858
2,GBA,rabvs_hit,50041,41,0.0008193281509162487,1024,8,0.8333333333333334,0.003907963387672763,0.00138176912421574,244.10243902439024,26.851268292682924,3584,0.988063121573643,3.3482142857142856,0.6101456880569458,0.498,0.003125,0.0015980823012385138,0.005195843325339729,0.0035977610241012146,10,0.24390243902439024,90,11,0.2682926829268293,440,12,0.2926829268292683,862
2,GBA,rabvs_reliable,50041,41,0.0008193281509162487,1024,8,0.8333333333333334,0.003907963387672763,0.00138176912421574,244.10243902439024,24.410243902439024,3584,0.988063121573643,3.0691964285714284,0.5950600504875183,0.862,0.002034587995930824,0.0015980823012385138,0.005195843325339729,0.0035977610241012146,10,0.24390243902439024,92,10,0.24390243902439024,471,11,0.2682926829268293,962
0,IDH1,greedy_surrogate,50009,9,0.00017996760583095044,1024,8,0.8333333333333334,0.004071827497761101,0.00047626740663564085,666.7866666666666,88.90488888888889,300054,0.0,0.026661867530511175,0.5978865623474121,0.784,0.0,0.0,0.0032,0.0032,6,0.6666666666666666,84,8,0.8888888888888888,434,8,0.8888888888888888,855
0,IDH1,uncertainty_sampling,50009,9,0.00017996760583095044,1024,8,0.8333333333333334,0.0035530064898400783,0.00039810389179104695,666.7866666666666,88.90488888888889,300054,0.0,0.026661867530511175,0.59991854429245,0.782,0.0,0.0,0.0032,0.0032,6,0.6666666666666666,92,8,0.8888888888888888,443,8,0.8888888888888888,866
0,IDH1,boba_ucb,50009,9,0.00017996760583095044,1024,8,0.8333333333333334,0.006487794064339069,0.0012314049963925262,666.7866666666666,88.90488888888889,3584,0.988055483346331,2.232142857142857,0.6003873944282532,0.755,0.0,0.0,0.0032,0.0032,6,0.6666666666666666,80,8,0.8888888888888888,417,8,0.8888888888888888,830
0,IDH1,rabvs_hit,50009,9,0.00017996760583095044,1024,8,0.8333333333333334,0.007327993092764773,0.0012697381451910613,666.7866666666666,88.90488888888889,3584,0.988055483346331,2.232142857142857,0.6033595204353333,0.741,0.0,0.0,0.0032,0.0032,6,0.6666666666666666,81,8,0.8888888888888888,422,8,0.8888888888888888,834
0,IDH1,rabvs_reliable,50009,9,0.00017996760583095044,1024,8,0.8333333333333334,0.007327993092764773,0.0012697381451910613,666.7866666666666,77.79177777777778,3584,0.988055483346331,2.232142857142857,0.5950537323951721,0.921,0.0,0.0,0.0032,0.0032,6,0.6666666666666666,90,7,0.7777777777777778,468,8,0.8888888888888888,943
1,IDH1,greedy_surrogate,50009,9,0.00017996760583095044,1024,8,0.8333333333333334,0.003555336109986106,0.0003719322372900446,777.9177777777778,88.90488888888889,300054,0.0,0.026661867530511175,0.6225849390029907,0.696,0.0,0.0,0.0032,0.0032,7,0.7777777777777778,89,8,0.8888888888888888,436,8,0.8888888888888888,843
1,IDH1,uncertainty_sampling,50009,9,0.00017996760583095044,1024,8,0.8333333333333334,0.003756225134080944,0.0004083338539841988,777.9177777777778,88.90488888888889,300054,0.0,0.026661867530511175,0.618145227432251,0.681,0.0,0.0,0.0032,0.0032,7,0.7777777777777778,90,8,0.8888888888888888,438,8,0.8888888888888888,856
1,IDH1,boba_ucb,50009,9,0.00017996760583095044,1024,8,0.8333333333333334,0.005840221971118882,0.0009357445209984945,777.9177777777778,88.90488888888889,3584,0.988055483346331,2.232142857142857,0.6206602454185486,0.6990000000000001,0.0,0.0,0.0032,0.0032,7,0.7777777777777778,86,8,0.8888888888888888,421,8,0.8888888888888888,837
1,IDH1,rabvs_hit,50009,9,0.00017996760583095044,1024,8,0.8333333333333334,0.007825989764467172,0.0012670779649750674,777.9177777777778,88.90488888888889,3584,0.988055483346331,2.232142857142857,0.6146594882011414,0.603,0.0,0.00039984006397441024,0.0028,0.0024001599360255897,7,0.7777777777777778,84,8,0.8888888888888888,408,8,0.8888888888888888,812
1,IDH1,rabvs_reliable,50009,9,0.00017996760583095044,1024,8,0.8333333333333334,0.007825989764467172,0.0012670779649750674,777.9177777777778,88.90488888888889,3584,0.988055483346331,2.232142857142857,0.6124321818351746,0.883,0.0,0.00039984006397441024,0.0028,0.0024001599360255897,7,0.7777777777777778,87,8,0.8888888888888888,462,8,0.8888888888888888,947
2,IDH1,greedy_surrogate,50009,9,0.00017996760583095044,1024,8,0.8333333333333334,0.003162163397254235,0.0002905615459535847,889.0488888888889,88.90488888888889,300054,0.0,0.026661867530511175,0.6222026348114014,0.742,0.0,0.0,0.0032,0.0032,8,0.8888888888888888,94,8,0.8888888888888888,451,8,0.8888888888888888,895
2,IDH1,uncertainty_sampling,50009,9,0.00017996760583095044,1024,8,0.8333333333333334,0.0030530494364474524,0.00029918475260013355,889.0488888888889,88.90488888888889,300054,0.0,0.026661867530511175,0.6192471981048584,0.777,0.0,0.0,0.0032,0.0032,8,0.8888888888888888,89,8,0.8888888888888888,448,8,0.8888888888888888,869
2,IDH1,boba_ucb,50009,9,0.00017996760583095044,1024,8,0.8333333333333334,0.00612462334796126,0.000999497048975274,889.0488888888889,88.90488888888889,3584,0.988055483346331,2.232142857142857,0.6125395894050598,0.755,0.0,0.0,0.0032,0.0032,8,0.8888888888888888,83,8,0.8888888888888888,431,8,0.8888888888888888,862
2,IDH1,rabvs_hit,50009,9,0.00017996760583095044,1024,8,0.8333333333333334,0.006105338132543752,0.0009119882176989283,889.0488888888889,88.90488888888889,3584,0.988055483346331,2.232142857142857,0.6181694269180298,0.74,0.0,0.0,0.0032,0.0032,8,0.8888888888888888,93,8,0.8888888888888888,437,8,0.8888888888888888,895
2,IDH1,rabvs_reliable,50009,9,0.00017996760583095044,1024,8,0.8333333333333334,0.006105338132543752,0.0009119882176989283,889.0488888888889,88.90488888888889,3584,0.988055483346331,2.232142857142857,0.610854983329773,0.9410000000000001,0.0,0.0,0.0032,0.0032,8,0.8888888888888888,98,8,0.8888888888888888,471,8,0.8888888888888888,962
0,KAT2A,greedy_surrogate,50048,48,0.0009590792838874681,1024,10,0.7,0.013953177889956555,0.0027413101875674124,145.97333333333336,16.682666666666666,300288,0.0,0.036631500426257464,0.6636527180671692,0.5700000000000001,0.002257336343115124,0.0007990411506192569,0.005595523581135092,0.004796482430515835,8,0.16666666666666666,82,8,0.16666666666666666,383,11,0.22916666666666666,757
0,KAT2A,uncertainty_sampling,50048,48,0.0009590792838874681,1024,11,0.7727272727272727,0.010089080776597804,0.002314678487140587,145.97333333333336,22.938666666666666,300288,0.0,0.0399616368286445,0.623674750328064,0.483,0.003218884120171674,0.0007990411506192569,0.005995203836930456,0.005196162686311199,9,0.1875,87,11,0.22916666666666666,398,12,0.25,776
0,KAT2A,boba_ucb,50048,48,0.0009590792838874681,1024,8,0.8333333333333334,0.01292910513969098,0.0029049686713401197,125.11999999999999,12.512,3584,0.9880647911338448,2.5111607142857144,0.6151533126831055,0.583,0.0,0.0011985617259288853,0.005195843325339729,0.003997281599410843,6,0.125,88,6,0.125,406,9,0.1875,800
0,KAT2A,rabvs_hit,50048,48,0.0009590792838874681,1024,10,0.8083333333333333,0.013865644333971102,0.0037836710222412177,125.11999999999999,20.85333333333333,3584,0.9880647911338448,3.0691964285714284,0.6221750974655151,0.514,0.0021551724137931034,0.0007990411506192569,0.005995203836930456,0.005196162686311199,8,0.16666666666666666,81,10,0.20833333333333334,389,11,0.22916666666666666,754
0,KAT2A,rabvs_reliable,50048,48,0.0009590792838874681,1024,10,0.8083333333333333,0.013865644333971102,0.0037836710222412177,125.11999999999999,20.85333333333333,3584,0.9880647911338448,2.7901785714285716,0.625747561454773,0.6890000000000001,0.0020964360587002098,0.0007990411506192569,0.005995203836930456,0.005196162686311199,6,0.125,87,10,0.20833333333333334,435,10,0.20833333333333334,858
1,KAT2A,greedy_surrogate,50048,48,0.0009590792838874681,1024,10,0.7166666666666667,0.002884838965907485,0.0011879303005287545,145.97333333333336,20.85333333333333,300288,0.0,0.03330136402387042,0.595804750919342,0.5389999999999999,0.002173913043478261,0.00039952057530962844,0.004796163069544364,0.004396642494234736,8,0.16666666666666666,78,10,0.20833333333333334,406,10,0.20833333333333334,790
1,KAT2A,uncertainty_sampling,50048,48,0.0009590792838874681,1024,8,0.8333333333333334,0.003243037860849245,0.0011501948022789833,145.97333333333336,18.767999999999997,300288,0.0,0.03330136402387042,0.6153387427330017,0.627,0.002157497303128371,0.0007990411506192569,0.004396482813749001,0.0035974416631297437,8,0.16666666666666666,91,9,0.1875,431,10,0.20833333333333334,823
1,KAT2A,boba_ucb,50048,48,0.0009590792838874681,1024,10,0.75,0.008286555900334426,0.0021117094657980137,166.82666666666665,20.85333333333333,3584,0.9880647911338448,3.0691964285714284,0.5951966047286987,0.523,0.003171247357293869,0.0,0.004796163069544364,0.004796163069544364,9,0.1875,88,10,0.20833333333333334,409,11,0.22916666666666666,817
1,KAT2A,rabvs_hit,50048,48,0.0009590792838874681,1024,10,0.8,0.006319225462212776,0.0017341531887814718,166.82666666666665,22.938666666666666,3584,0.9880647911338448,3.0691964285714284,0.6063644289970398,0.499,0.003181336161187699,0.00039952057530962844,0.005595523581135092,0.005196003005825464,9,0.1875,85,11,0.22916666666666666,420,11,0.22916666666666666,835
1,KAT2A,rabvs_reliable,50048,48,0.0009590792838874681,1024,10,0.8,0.006319225462212776,0.0017341531887814718,187.67999999999998,20.85333333333333,3584,0.9880647911338448,2.7901785714285716,0.6049104332923889,0.7989999999999999,0.0020597322348094747,0.00039952057530962844,0.005595523581135092,0.005196003005825464,9,0.1875,89,10,0.20833333333333334,471,10,0.20833333333333334,940
2,KAT2A,greedy_surrogate,50048,48,0.0009590792838874681,1024,10,0.775,0.015609925459670715,0.003032311909830576,187.67999999999998,20.85333333333333,300288,0.0,0.036631500426257464,0.5923793315887451,0.562,0.0031088082901554403,0.0011985617259288853,0.004796163069544364,0.0035976013436154787,9,0.1875,96,10,0.20833333333333334,431,11,0.22916666666666666,831
2,KAT2A,uncertainty_sampling,50048,48,0.0009590792838874681,1024,10,0.7833333333333333,0.022521855075587287,0.005271490963965057,145.97333333333336,20.85333333333333,300288,0.0,0.036631500426257464,0.5813493132591248,0.585,0.0031545741324921135,0.0007990411506192569,0.005995203836930456,0.005196162686311199,7,0.14583333333333334,92,10,0.20833333333333334,425,11,0.22916666666666666,820
2,KAT2A,boba_ucb,50048,48,0.0009590792838874681,1024,9,0.7685185185185185,0.018462029009620125,0.004042421473569336,145.97333333333336,25.024,3584,0.9880647911338448,3.627232142857143,0.5888394713401794,0.5660000000000001,0.0044004400440044,0.00039952057530962844,0.005995203836930456,0.005595683261620827,9,0.1875,88,12,0.25,402,13,0.2708333333333333,775
2,KAT2A,rabvs_hit,50048,48,0.0009590792838874681,1024,9,0.7870370370370371,0.019809677713990427,0.004569730959256613,125.11999999999999,22.938666666666666,3584,0.9880647911338448,3.3482142857142856,0.5848963260650635,0.519,0.0033076074972436605,0.0007990411506192569,0.005995203836930456,0.005196162686311199,9,0.1875,93,11,0.22916666666666666,397,12,0.25,764
2,KAT2A,rabvs_reliable,50048,48,0.0009590792838874681,1024,9,0.7870370370370371,0.019809677713990427,0.004569730959256613,145.97333333333336,25.024,3584,0.9880647911338448,3.3482142857142856,0.5841941833496094,0.725,0.003194888178913738,0.0007990411506192569,0.005995203836930456,0.005196162686311199,9,0.1875,95,12,0.25,440,12,0.25,861
0,MAPK1,greedy_surrogate,15327,77,0.0050238141841195275,1024,17,0.6078431372549019,0.007264848097661015,0.00609040364858846,132.7012987012987,16.912910618792974,91962,0.0,0.22835519018725126,0.6033547520637512,0.806,0.014690451206715634,0.010430247718383311,0.020887728459530026,0.010457480741146715,13,0.16883116883116883,98,18,0.23376623376623376,461,21,0.2727272727272727,898
0,MAPK1,uncertainty_sampling,15327,77,0.0050238141841195275,1024,17,0.6568627450980392,0.010649441212264651,0.0063574649773923035,159.24155844155845,20.81588999236058,91962,0.0,0.21748113351166787,0.6033212542533875,0.726,0.012875536480686695,0.00651890482398957,0.024804177545691905,0.018285272721702335,15,0.19480519480519481,95,18,0.23376623376623376,432,20,0.2597402597402597,827
0,MAPK1,boba_ucb,15327,77,0.0050238141841195275,1024,10,0.7166666666666667,0.0059950432409144674,0.005903307443063216,106.16103896103897,13.009931245225363,1792,0.9805136904373546,8.928571428571429,0.6231470704078674,0.7090000000000001,0.008602150537634409,0.009126466753585397,0.014360313315926894,0.005233846562341497,9,0.11688311688311688,98,13,0.16883116883116883,447,16,0.2077922077922078,873
0,MAPK1,rabvs_hit,15327,77,0.0050238141841195275,1024,13,0.6474358974358975,0.008997714827592816,0.006828765421394556,92.89090909090909,14.310924369747898,1792,0.9805136904373546,8.928571428571429,0.6256436705589294,0.716,0.008492569002123142,0.005215123859191656,0.020887728459530026,0.01567260460033837,11,0.14285714285714285,95,14,0.18181818181818182,436,16,0.2077922077922078,860
0,MAPK1,rabvs_reliable,15327,77,0.0050238141841195275,1024,13,0.6474358974358975,0.008997714827592816,0.006828765421394556,92.89090909090909,15.611917494270436,1792,0.9805136904373546,9.486607142857142,0.6179150938987732,0.89,0.009287925696594427,0.005215123859191656,0.020887728459530026,0.01567260460033837,11,0.14285714285714285,98,14,0.18181818181818182,476,17,0.22077922077922077,964
1,MAPK1,greedy_surrogate,15327,77,0.0050238141841195275,1024,20,0.6833333333333333,0.005773333860962886,0.005579363351079585,145.97142857142856,26.019862490450727,91962,0.0,0.25010330353841803,0.6326186656951904,0.7989999999999999,0.015739769150052464,0.00651890482398957,0.027379400260756193,0.020860495436766623,19,0.24675324675324675,95,20,0.2597402597402597,462,23,0.2987012987012987,904
1,MAPK1,uncertainty_sampling,15327,77,0.0050238141841195275,1024,18,0.6851851851851852,0.0033168942364597697,0.005083439804726179,145.97142857142856,22.116883116883116,91962,0.0,0.25010330353841803,0.6279124617576599,0.8089999999999999,0.015479876160990712,0.011734028683181226,0.02610966057441253,0.014375631891231306,17,0.22077922077922077,93,18,0.23376623376623376,460,23,0.2987012987012987,911
1,MAPK1,boba_ucb,15327,77,0.0050238141841195275,1024,20,0.7375,0.00990565351153711,0.006887133239486949,106.16103896103897,24.718869365928192,1792,0.9805136904373546,13.950892857142858,0.6208412647247314,0.8109999999999999,0.018907563025210083,0.007822685788787484,0.028720626631853787,0.0208979408430663,19,0.24675324675324675,97,22,0.2857142857142857,472,25,0.3246753246753247,912
1,MAPK1,rabvs_hit,15327,77,0.0050238141841195275,1024,20,0.6875,0.007813599885239771,0.006264119601183179,119.43116883116883,24.718869365928192,1792,0.9805136904373546,12.834821428571429,0.6151787638664246,0.806,0.01567398119122257,0.003911342894393742,0.030026109660574413,0.026114766766180672,19,0.24675324675324675,92,22,0.2857142857142857,454,23,0.2987012987012987,893
1,MAPK1,rabvs_reliable,15327,77,0.0050238141841195275,1024,20,0.6875,0.007813599885239771,0.006264119601183179,119.43116883116883,24.718869365928192,1792,0.9805136904373546,15.066964285714286,0.6115305423736572,0.943,0.01975051975051975,0.003911342894393742,0.030026109660574413,0.026114766766180672,19,0.24675324675324675,96,22,0.2857142857142857,476,27,0.35064935064935066,964
2,MAPK1,greedy_surrogate,15327,77,0.0050238141841195275,1024,20,0.6625,0.004449317309288652,0.005501085768249097,132.7012987012987,23.417876241405654,91962,0.0,0.22835519018725126,0.6496722102165222,0.744,0.012958963282937365,0.010430247718383311,0.02349869451697128,0.013068446798587968,18,0.23376623376623376,81,20,0.2597402597402597,424,21,0.2727272727272727,825
2,MAPK1,uncertainty_sampling,15327,77,0.0050238141841195275,1024,18,0.6898148148148148,0.004662274390755122,0.005714633812971712,119.43116883116883,22.116883116883116,91962,0.0,0.25010330353841803,0.647582471370697,0.749,0.015891032917139614,0.007822685788787484,0.022193211488250653,0.014370525699463168,17,0.22077922077922077,81,19,0.24675324675324675,407,23,0.2987012987012987,792
2,MAPK1,boba_ucb,15327,77,0.0050238141841195275,1024,18,0.6805555555555556,0.010756017773453948,0.007074723434770947,132.7012987012987,22.116883116883116,1792,0.9805136904373546,13.392857142857142,0.647712767124176,0.7150000000000001,0.016891891891891893,0.009126466753585397,0.02610966057441253,0.016983193820827136,17,0.22077922077922077,87,21,0.2727272727272727,405,24,0.3116883116883117,793
2,MAPK1,rabvs_hit,15327,77,0.0050238141841195275,1024,15,0.7722222222222223,0.011643018320551356,0.0077607448225683,106.16103896103897,23.417876241405654,1792,0.9805136904373546,14.508928571428571,0.6511725187301636,0.694,0.018973214285714284,0.010430247718383311,0.02349869451697128,0.013068446798587968,16,0.2077922077922078,85,22,0.2857142857142857,400,26,0.33766233766233766,780
2,MAPK1,rabvs_reliable,15327,77,0.0050238141841195275,1024,15,0.7722222222222223,0.011643018320551356,0.0077607448225683,119.43116883116883,24.718869365928192,1792,0.9805136904373546,12.834821428571429,0.6442193984985352,0.87,0.014721345951629864,0.010430247718383311,0.02349869451697128,0.013068446798587968,18,0.23376623376623376,87,22,0.2857142857142857,451,23,0.2987012987012987,920
0,MTORC1,greedy_surrogate,8267,24,0.0029031087456150963,1024,14,0.7797619047619048,0.010912432511665838,0.0035984811009358614,344.4583333333333,49.8012048192771,49602,0.0,0.2822466836014677,0.6181621551513672,0.753,0.00585480093676815,0.004830917874396135,0.029055690072639227,0.02422477219824309,12,0.5,79,13,0.5416666666666666,344,14,0.5833333333333334,631
0,MTORC1,uncertainty_sampling,8267,24,0.0029031087456150963,1024,14,0.7142857142857143,0.010988242957196435,0.003901973097139202,301.40104166666663,53.95130522088353,49602,0.0,0.2822466836014677,0.6144711375236511,0.746,0.006787330316742082,0.004830917874396135,0.029055690072639227,0.02422477219824309,13,0.5416666666666666,79,13,0.5416666666666666,352,14,0.5833333333333334,654
0,MTORC1,boba_ucb,8267,24,0.0029031087456150963,1024,13,0.7243589743589743,0.016707313884037907,0.005773279525598161,86.11458333333333,45.65110441767069,1536,0.969033506713439,9.114583333333334,0.6225943565368652,0.8029999999999999,0.006872852233676976,0.0,0.031476997578692496,0.031476997578692496,11,0.4583333333333333,75,12,0.5,354,14,0.5833333333333334,671
0,MTORC1,rabvs_hit,8267,24,0.0029031087456150963,1024,13,0.7371794871794872,0.013890364805287892,0.0052862631185167114,172.22916666666666,45.65110441767069,1536,0.969033506713439,8.463541666666666,0.621269702911377,0.77,0.0056433408577878106,0.0,0.031476997578692496,0.031476997578692496,11,0.4583333333333333,71,13,0.5416666666666666,344,13,0.5416666666666666,662
0,MTORC1,rabvs_reliable,8267,24,0.0029031087456150963,1024,13,0.7371794871794872,0.013890364805287892,0.0052862631185167114,129.171875,41.50100401606426,1536,0.969033506713439,9.114583333333334,0.61616450548172,0.952,0.006486486486486486,0.0,0.031476997578692496,0.031476997578692496,11,0.4583333333333333,76,12,0.5,446,14,0.5833333333333334,915
1,MTORC1,greedy_surrogate,8267,24,0.0029031087456150963,1024,11,0.7575757575757576,0.005386796466207776,0.002814245971986637,258.34375,41.50100401606426,49602,0.0,0.241925728801258,0.6163216233253479,0.8220000000000001,0.0033370411568409346,0.004830917874396135,0.024213075060532687,0.01938215718613655,10,0.4166666666666667,76,11,0.4583333333333333,377,12,0.5,694
1,MTORC1,uncertainty_sampling,8267,24,0.0029031087456150963,1024,14,0.7023809523809523,0.011994386915545831,0.004161902676631712,172.22916666666666,58.101405622489956,49602,0.0,0.32256763840167735,0.6049910187721252,0.786,0.007900677200902935,0.007246376811594203,0.029055690072639227,0.021809313261045023,14,0.5833333333333334,77,14,0.5833333333333334,352,16,0.6666666666666666,652
1,MTORC1,boba_ucb,8267,24,0.0029031087456150963,1024,11,0.7727272727272727,0.012221145125900577,0.004214550516961911,172.22916666666666,45.65110441767069,1536,0.969033506713439,7.8125,0.6082789897918701,0.783,0.0033707865168539327,0.0024154589371980675,0.026634382566585957,0.02421892362938789,11,0.4583333333333333,78,12,0.5,377,12,0.5,687
1,MTORC1,rabvs_hit,8267,24,0.0029031087456150963,1024,11,0.7575757575757576,0.009005952827726895,0.003597991765225909,172.22916666666666,37.35090361445783,1536,0.969033506713439,7.8125,0.6194829940795898,0.808,0.0033112582781456954,0.0024154589371980675,0.024213075060532687,0.02179761612333462,10,0.4166666666666667,81,11,0.4583333333333333,366,12,0.5,700
1,MTORC1,rabvs_reliable,8267,24,0.0029031087456150963,1024,11,0.7575757575757576,0.009005952827726895,0.003597991765225909,258.34375,37.35090361445783,1536,0.969033506713439,6.510416666666667,0.6162827610969543,0.955,0.0010718113612004287,0.0024154589371980675,0.024213075060532687,0.02179761612333462,9,0.375,85,10,0.4166666666666667,470,10,0.4166666666666667,914
2,MTORC1,greedy_surrogate,8267,24,0.0029031087456150963,1024,11,0.8257575757575758,0.006929452778752021,0.0037521135553277977,301.40104166666663,45.65110441767069,49602,0.0,0.241925728801258,0.6063962578773499,0.787,0.0022222222222222222,0.0024154589371980675,0.026634382566585957,0.02421892362938789,11,0.4583333333333333,75,11,0.4583333333333333,325,12,0.5,611
2,MTORC1,uncertainty_sampling,8267,24,0.0029031087456150963,1024,10,0.8,0.008278740776538748,0.003984781042276411,258.34375,41.50100401606426,49602,0.0,0.22176525140115316,0.6142057180404663,0.783,0.0011261261261261261,0.0024154589371980675,0.024213075060532687,0.02179761612333462,10,0.4166666666666667,73,10,0.4166666666666667,344,11,0.4583333333333333,633
2,MTORC1,boba_ucb,8267,24,0.0029031087456150963,1024,11,0.7651515151515151,0.010865123608058946,0.00457236577260562,215.28645833333331,41.50100401606426,1536,0.969033506713439,8.463541666666666,0.6096753478050232,0.771,0.0033519553072625698,0.004830917874396135,0.026634382566585957,0.02180346469218982,11,0.4583333333333333,66,11,0.4583333333333333,330,13,0.5416666666666666,641
2,MTORC1,rabvs_hit,8267,24,0.0029031087456150963,1024,9,0.7685185185185185,0.01392074001105162,0.005463397931836882,258.34375,41.50100401606426,1536,0.969033506713439,7.161458333333333,0.609095573425293,0.744,0.0011248593925759281,0.004830917874396135,0.021791767554479417,0.01696084968008328,10,0.4166666666666667,73,11,0.4583333333333333,343,11,0.4583333333333333,600
2,MTORC1,rabvs_reliable,8267,24,0.0029031087456150963,1024,9,0.7685185185185185,0.01392074001105162,0.005463397931836882,258.34375,41.50100401606426,1536,0.969033506713439,7.161458333333333,0.6148471832275391,0.937,0.0010845986984815619,0.004830917874396135,0.021791767554479417,0.01696084968008328,10,0.4166666666666667,81,10,0.4166666666666667,440,11,0.4583333333333333,903
0,OPRK1,greedy_surrogate,50006,6,0.00011998560172779267,1024,6,0.8333333333333334,0.0020451617586880206,0.00014406745421540287,1000.1199999999999,100.012,300036,0.0,0.019997600287965444,0.6035935878753662,0.623,0.0,0.0,0.0024,0.0024,6,1.0,93,6,1.0,428,6,1.0,826
0,OPRK1,uncertainty_sampling,50006,6,0.00011998560172779267,1024,6,0.8333333333333334,0.002726875602604766,0.00018890006297731717,1000.1199999999999,100.012,300036,0.0,0.019997600287965444,0.6103248596191406,0.639,0.0,0.0,0.0024,0.0024,6,1.0,94,6,1.0,437,6,1.0,853
0,OPRK1,boba_ucb,50006,6,0.00011998560172779267,1024,6,0.8333333333333334,0.003816405962324935,0.0003352977505541037,1000.1199999999999,100.012,3584,0.988054766761322,1.6741071428571428,0.5962599515914917,0.6639999999999999,0.0,0.0,0.0024,0.0024,6,1.0,89,6,1.0,428,6,1.0,835
0,OPRK1,rabvs_hit,50006,6,0.00011998560172779267,1024,6,0.8333333333333334,0.004301535786000973,0.00038887961638728335,1000.1199999999999,100.012,3584,0.988054766761322,1.6741071428571428,0.5988935828208923,0.601,0.0,0.0,0.0024,0.0024,6,1.0,91,6,1.0,418,6,1.0,816
0,OPRK1,rabvs_reliable,50006,6,0.00011998560172779267,1024,6,0.8333333333333334,0.004301535786000973,0.00038887961638728335,1000.1199999999999,100.012,3584,0.988054766761322,1.6741071428571428,0.6027448177337646,0.942,0.0,0.0,0.0024,0.0024,6,1.0,95,6,1.0,471,6,1.0,962
1,OPRK1,greedy_surrogate,50006,6,0.00011998560172779267,1024,6,0.8333333333333334,0.002101387242448453,0.00014996037322441208,1000.1199999999999,100.012,300036,0.0,0.019997600287965444,0.6009986996650696,0.608,0.0,0.0,0.0024,0.0024,6,1.0,93,6,1.0,445,6,1.0,847
1,OPRK1,uncertainty_sampling,50006,6,0.00011998560172779267,1024,6,0.8333333333333334,0.0022509702651908685,0.00016478848444675677,1000.1199999999999,100.012,300036,0.0,0.019997600287965444,0.595154345035553,0.622,0.0,0.0,0.0024,0.0024,6,1.0,93,6,1.0,425,6,1.0,822
1,OPRK1,boba_ucb,50006,6,0.00011998560172779267,1024,6,0.8333333333333334,0.0032550293866837783,0.00025929243408078867,833.4333333333333,100.012,3584,0.988054766761322,1.6741071428571428,0.5938016176223755,0.598,0.0,0.0,0.0024,0.0024,6,1.0,85,6,1.0,428,6,1.0,839
1,OPRK1,rabvs_hit,50006,6,0.00011998560172779267,1024,6,0.8333333333333334,0.0035173179309540745,0.0003272919182554541,833.4333333333333,100.012,3584,0.988054766761322,1.6741071428571428,0.6018513441085815,0.601,0.0,0.0,0.0024,0.0024,6,1.0,87,6,1.0,430,6,1.0,816
1,OPRK1,rabvs_reliable,50006,6,0.00011998560172779267,1024,6,0.8333333333333334,0.0035173179309540745,0.0003272919182554541,1000.1199999999999,100.012,3584,0.988054766761322,1.6741071428571428,0.606177031993866,0.943,0.0,0.0,0.0024,0.0024,6,1.0,94,6,1.0,482,6,1.0,979
2,OPRK1,greedy_surrogate,50006,6,0.00011998560172779267,1024,6,0.8333333333333334,0.0021043365399859007,0.00020697810587423846,1000.1199999999999,100.012,300036,0.0,0.019997600287965444,0.5854825973510742,0.72,0.0,0.0,0.0024,0.0024,6,1.0,89,6,1.0,439,6,1.0,863
2,OPRK1,uncertainty_sampling,50006,6,0.00011998560172779267,1024,6,0.8333333333333334,0.0021339985148619827,0.0002067605628753045,1000.1199999999999,100.012,300036,0.0,0.019997600287965444,0.5913541913032532,0.721,0.0,0.0,0.0024,0.0024,6,1.0,91,6,1.0,451,6,1.0,849
2,OPRK1,boba_ucb,50006,6,0.00011998560172779267,1024,6,0.8333333333333334,0.003252657812585594,0.00037594891262322046,1000.1199999999999,100.012,3584,0.988054766761322,1.6741071428571428,0.5996662974357605,0.6759999999999999,0.0,0.0,0.0024,0.0024,6,1.0,95,6,1.0,444,6,1.0,866
2,OPRK1,rabvs_hit,50006,6,0.00011998560172779267,1024,6,0.8333333333333334,0.0037625581737986786,0.0004635192165202372,1000.1199999999999,100.012,3584,0.988054766761322,1.6741071428571428,0.596129834651947,0.6599999999999999,0.0,0.0,0.0024,0.0024,6,1.0,93,6,1.0,441,6,1.0,869
2,OPRK1,rabvs_reliable,50006,6,0.00011998560172779267,1024,6,0.8333333333333334,0.0037625581737986786,0.0004635192165202372,1000.1199999999999,100.012,3584,0.988054766761322,1.6741071428571428,0.5899962186813354,0.931,0.0,0.0,0.0024,0.0024,6,1.0,94,6,1.0,480,6,1.0,973
0,PKM2,greedy_surrogate,50136,136,0.0027126216690601564,1024,12,0.75,0.003370629213496904,0.003120038087634865,81.10235294117648,8.829869672419866,300816,0.0,0.04654007765544386,0.6290919780731201,0.583,0.006134969325153374,0.004786597526924611,0.007578779417630634,0.002792181890706023,11,0.08088235294117647,94,12,0.08823529411764706,462,14,0.10294117647058823,917
0,PKM2,uncertainty_sampling,50136,136,0.0027126216690601564,1024,9,0.8055555555555556,0.00414331976388678,0.0032565521564907676,51.610588235294124,9.56569214512152,300816,0.0,0.04654007765544386,0.6172431111335754,0.631,0.006134969325153374,0.003988831272437176,0.009174311926605505,0.005185480654168329,7,0.051470588235294115,96,13,0.09558823529411764,460,14,0.10294117647058823,898
0,PKM2,boba_ucb,50136,136,0.0027126216690601564,1024,17,0.6274509803921569,0.014923755202186815,0.006128978795411059,73.72941176470589,15.452271926734765,3584,0.9880857401202063,5.859375,0.6262032985687256,0.44699999999999995,0.014675052410901468,0.002792181890706023,0.012365376944555246,0.009573195053849223,13,0.09558823529411764,96,21,0.15441176470588236,440,21,0.15441176470588236,845
0,PKM2,rabvs_hit,50136,136,0.0027126216690601564,1024,14,0.6666666666666666,0.010067104444943303,0.004675826264039906,73.72941176470589,10.301514617823177,3584,0.9880857401202063,5.022321428571429,0.6281354427337646,0.5429999999999999,0.01026694045174538,0.0031910650179497405,0.012365376944555246,0.009174311926605505,10,0.07352941176470588,93,14,0.10294117647058823,453,18,0.1323529411764706,876
0,PKM2,rabvs_reliable,50136,136,0.0027126216690601564,1024,14,0.6666666666666666,0.010067104444943303,0.004675826264039906,66.3564705882353,11.773159563226487,3584,0.9880857401202063,5.022321428571429,0.6242209672927856,0.755,0.01020408163265306,0.0031910650179497405,0.012365376944555246,0.009174311926605505,10,0.07352941176470588,97,16,0.11764705882352941,474,18,0.1323529411764706,936
1,PKM2,greedy_surrogate,50136,136,0.0027126216690601564,1024,17,0.5931372549019608,0.0025225367888925872,0.003139429369286232,88.47529411764705,13.244804508629798,300816,0.0,0.059837242699856394,0.6187459230422974,0.761,0.01026694045174538,0.002792181890706023,0.009174311926605505,0.006382130035899482,14,0.10294117647058823,93,18,0.1323529411764706,459,18,0.1323529411764706,867
1,PKM2,uncertainty_sampling,50136,136,0.0027126216690601564,1024,19,0.6140350877192983,0.008062938317230693,0.003998533660423092,95.84823529411766,16.188094399436423,300816,0.0,0.08310728152757832,0.6057377457618713,0.756,0.017400204708290685,0.0035899481451934583,0.011168727562824093,0.007578779417630634,15,0.11029411764705882,89,22,0.16176470588235295,425,25,0.18382352941176472,830
1,PKM2,boba_ucb,50136,136,0.0027126216690601564,1024,12,0.7638888888888888,0.004133314615096955,0.0034745873038215806,73.72941176470589,13.980626981331456,3584,0.9880857401202063,5.859375,0.5994071960449219,0.714,0.013513513513513514,0.006382130035899481,0.007977662544874352,0.0015955325089748711,13,0.09558823529411764,87,19,0.13970588235294118,433,21,0.15441176470588236,827
1,PKM2,rabvs_hit,50136,136,0.0027126216690601564,1024,14,0.7559523809523809,0.005732017134735873,0.004114313413914118,58.98352941176471,12.508982035928144,3584,0.9880857401202063,5.859375,0.5960091948509216,0.681,0.013527575442247659,0.006382130035899481,0.010370961308336658,0.003988831272437177,12,0.08823529411764706,89,17,0.125,421,21,0.15441176470588236,800
1,PKM2,rabvs_reliable,50136,136,0.0027126216690601564,1024,14,0.7559523809523809,0.005732017134735873,0.004114313413914118,73.72941176470589,13.244804508629798,3584,0.9880857401202063,5.859375,0.5873737931251526,0.864,0.013374485596707819,0.006382130035899481,0.010370961308336658,0.003988831272437177,12,0.08823529411764706,94,18,0.1323529411764706,450,21,0.15441176470588236,899
2,PKM2,greedy_surrogate,50136,136,0.0027126216690601564,1024,15,0.7,0.00598234988998408,0.003710987128481607,95.84823529411766,11.773159563226487,300816,0.0,0.06316153396095953,0.5939475297927856,0.677,0.009259259259259259,0.004786597526924611,0.007578779417630634,0.002792181890706023,15,0.11029411764705882,96,16,0.11764705882352941,456,19,0.13970588235294118,889
2,PKM2,uncertainty_sampling,50136,136,0.0027126216690601564,1024,16,0.671875,0.008781378127209439,0.004525190818592593,81.10235294117648,12.508982035928144,300816,0.0,0.06316153396095953,0.6049124598503113,0.6759999999999999,0.009365244536940686,0.0043877143996808934,0.008376545672118069,0.003988831272437175,14,0.10294117647058823,93,17,0.125,451,19,0.13970588235294118,858
2,PKM2,boba_ucb,50136,136,0.0027126216690601564,1024,13,0.7564102564102564,0.007501261056766586,0.0042356698554717395,81.10235294117648,11.773159563226487,3584,0.9880857401202063,5.301339285714286,0.5937432646751404,0.74,0.009230769230769232,0.005584363781412046,0.007179896290386917,0.0015955325089748703,12,0.08823529411764706,94,16,0.11764705882352941,438,19,0.13970588235294118,871
2,PKM2,rabvs_hit,50136,136,0.0027126216690601564,1024,14,0.6071428571428571,0.008734571931249826,0.005247263983567871,51.610588235294124,11.037337090524833,3584,0.9880857401202063,5.022321428571429,0.6039367318153381,0.69,0.008281573498964804,0.004786597526924611,0.010769844435580374,0.005983246908655764,8,0.058823529411764705,92,15,0.11029411764705882,430,18,0.1323529411764706,856
2,PKM2,rabvs_reliable,50136,136,0.0027126216690601564,1024,14,0.6071428571428571,0.008734571931249826,0.005247263983567871,51.610588235294124,10.301514617823177,3584,0.9880857401202063,4.464285714285714,0.602570652961731,0.806,0.006166495375128468,0.004786597526924611,0.010769844435580374,0.005983246908655764,9,0.0661764705882353,95,14,0.10294117647058823,450,16,0.11764705882352941,907
0,PPARG,greedy_surrogate,867,6,0.006920415224913495,867,6,0.8333333333333334,0.0188618828022842,0.00508655496272061,144.5,64.22222222222221,5202,0.0,1.1534025374855825,0.7416831254959106,0.4429065743944637,0.0,0.06818181818181818,0.06976744186046512,0.0015856236786469385,6,1.0,72,6,1.0,328,6,1.0,541
0,PPARG,uncertainty_sampling,867,6,0.006920415224913495,867,6,0.8333333333333334,0.0188618828022842,0.00508655496272061,144.5,64.22222222222221,5202,0.0,1.1534025374855825,0.7416831254959106,0.4429065743944637,0.0,0.06818181818181818,0.06976744186046512,0.0015856236786469385,6,1.0,72,6,1.0,328,6,1.0,541
0,PPARG,boba_ucb,867,6,0.006920415224913495,867,6,0.8333333333333334,0.0188618828022842,0.00508655496272061,144.5,64.22222222222221,1058,0.7966166858900423,5.671077504725898,0.7416831254959106,0.4429065743944637,0.0,0.06818181818181818,0.06976744186046512,0.0015856236786469385,6,1.0,72,6,1.0,328,6,1.0,541
0,PPARG,rabvs_hit,867,6,0.006920415224913495,867,6,0.8333333333333334,0.0188618828022842,0.00508655496272061,144.5,64.22222222222221,1058,0.7966166858900423,5.671077504725898,0.7416831254959106,0.4429065743944637,0.0,0.06818181818181818,0.06976744186046512,0.0015856236786469385,6,1.0,72,6,1.0,328,6,1.0,541
0,PPARG,rabvs_reliable,867,6,0.006920415224913495,867,6,0.8333333333333334,0.0188618828022842,0.00508655496272061,144.5,48.166666666666664,1058,0.7966166858900423,5.671077504725898,0.7416831851005554,0.4429065743944637,0.0,0.06818181818181818,0.06976744186046512,0.0015856236786469385,3,0.5,91,3,0.5,358,6,1.0,541
1,PPARG,greedy_surrogate,867,6,0.006920415224913495,867,6,0.8333333333333334,0.01991314374651585,0.005263782301983376,144.5,80.27777777777779,5202,0.0,1.1534025374855825,0.7416810393333435,0.4429065743944637,0.0,0.09090909090909091,0.046511627906976744,-0.04439746300211417,6,1.0,80,6,1.0,338,6,1.0,541
1,PPARG,uncertainty_sampling,867,6,0.006920415224913495,867,6,0.8333333333333334,0.01991314374651585,0.005263782301983376,144.5,80.27777777777779,5202,0.0,1.1534025374855825,0.7416810393333435,0.4429065743944637,0.0,0.09090909090909091,0.046511627906976744,-0.04439746300211417,6,1.0,80,6,1.0,338,6,1.0,541
1,PPARG,boba_ucb,867,6,0.006920415224913495,867,6,0.8333333333333334,0.01991314374651585,0.005263782301983376,144.5,80.27777777777779,1058,0.7966166858900423,5.671077504725898,0.7416810393333435,0.4429065743944637,0.0,0.09090909090909091,0.046511627906976744,-0.04439746300211417,6,1.0,80,6,1.0,338,6,1.0,541
1,PPARG,rabvs_hit,867,6,0.006920415224913495,867,6,0.8333333333333334,0.01991314374651585,0.005263782301983376,144.5,80.27777777777779,1058,0.7966166858900423,5.671077504725898,0.7416810393333435,0.4429065743944637,0.0,0.09090909090909091,0.046511627906976744,-0.04439746300211417,6,1.0,80,6,1.0,338,6,1.0,541
1,PPARG,rabvs_reliable,867,6,0.006920415224913495,867,6,0.8333333333333334,0.01991314374651585,0.005263782301983376,144.5,48.166666666666664,1058,0.7966166858900423,5.671077504725898,0.7416810393333435,0.4429065743944637,0.0,0.09090909090909091,0.046511627906976744,-0.04439746300211417,3,0.5,95,4,0.6666666666666666,356,6,1.0,541
2,PPARG,greedy_surrogate,867,6,0.006920415224913495,867,6,0.8333333333333334,0.025379935178192627,0.009225439820316591,144.5,64.22222222222221,5202,0.0,1.1534025374855825,0.7415961027145386,0.4429065743944637,0.0,0.06818181818181818,0.06976744186046512,0.0015856236786469385,6,1.0,75,6,1.0,347,6,1.0,541
2,PPARG,uncertainty_sampling,867,6,0.006920415224913495,867,6,0.8333333333333334,0.025379935178192627,0.009225439820316591,144.5,64.22222222222221,5202,0.0,1.1534025374855825,0.7415961027145386,0.4429065743944637,0.0,0.06818181818181818,0.06976744186046512,0.0015856236786469385,6,1.0,75,6,1.0,347,6,1.0,541
2,PPARG,boba_ucb,867,6,0.006920415224913495,867,6,0.8333333333333334,0.025379935178192627,0.009225439820316591,144.5,64.22222222222221,1058,0.7966166858900423,5.671077504725898,0.7415961027145386,0.4429065743944637,0.0,0.06818181818181818,0.06976744186046512,0.0015856236786469385,6,1.0,75,6,1.0,347,6,1.0,541
2,PPARG,rabvs_hit,867,6,0.006920415224913495,867,6,0.8333333333333334,0.025379935178192627,0.009225439820316591,144.5,64.22222222222221,1058,0.7966166858900423,5.671077504725898,0.7415961027145386,0.4429065743944637,0.0,0.06818181818181818,0.06976744186046512,0.0015856236786469385,6,1.0,75,6,1.0,347,6,1.0,541
2,PPARG,rabvs_reliable,867,6,0.006920415224913495,867,6,0.8333333333333334,0.025379935178192627,0.009225439820316591,144.5,32.11111111111111,1058,0.7966166858900423,5.671077504725898,0.7415960431098938,0.4429065743944637,0.0,0.06818181818181818,0.06976744186046512,0.0015856236786469385,3,0.5,91,3,0.5,355,6,1.0,541
0,TP53,greedy_surrogate,811,16,0.01972872996300863,811,16,0.7447916666666666,0.05092493553612962,0.017330969015282343,50.6875,38.015625,4866,0.0,3.2881216605014383,0.7304356694221497,0.4636251541307028,0.02185792349726776,0.24390243902439024,0.14634146341463414,-0.0975609756097561,16,1.0,78,16,1.0,329,16,1.0,512
0,TP53,uncertainty_sampling,811,16,0.01972872996300863,811,16,0.7552083333333334,0.05092493553612962,0.017330969015282343,50.6875,38.015625,4866,0.0,3.2881216605014383,0.7304356694221497,0.4636251541307028,0.02185792349726776,0.24390243902439024,0.14634146341463414,-0.0975609756097561,16,1.0,78,16,1.0,329,16,1.0,512
0,TP53,boba_ucb,811,16,0.01972872996300863,811,16,0.7083333333333334,0.05092493553612962,0.017330969015282343,50.6875,38.015625,1056,0.782983970406905,15.151515151515152,0.7304356694221497,0.4636251541307028,0.02185792349726776,0.24390243902439024,0.14634146341463414,-0.0975609756097561,16,1.0,78,16,1.0,329,16,1.0,512
0,TP53,rabvs_hit,811,16,0.01972872996300863,811,16,0.6770833333333334,0.05092493553612962,0.017330969015282343,50.6875,38.015625,1056,0.782983970406905,15.151515151515152,0.7304356694221497,0.4636251541307028,0.02185792349726776,0.24390243902439024,0.14634146341463414,-0.0975609756097561,16,1.0,78,16,1.0,329,16,1.0,512
0,TP53,rabvs_reliable,811,16,0.01972872996300863,811,16,0.6770833333333334,0.05092493553612962,0.017330969015282343,50.6875,44.3515625,1056,0.782983970406905,15.151515151515152,0.7304357290267944,0.4636251541307028,0.02185792349726776,0.24390243902439024,0.14634146341463414,-0.0975609756097561,15,0.9375,82,15,0.9375,342,16,1.0,512
1,TP53,greedy_surrogate,811,16,0.01972872996300863,811,16,0.7291666666666666,0.06215391012130813,0.021732314613122482,50.6875,38.015625,4866,0.0,3.2881216605014383,0.7302815318107605,0.4636251541307028,0.01881720430107527,0.21951219512195122,0.17073170731707318,-0.04878048780487804,16,1.0,76,16,1.0,346,16,1.0,512
1,TP53,uncertainty_sampling,811,16,0.01972872996300863,811,16,0.75,0.06215391012130813,0.021732314613122482,50.6875,38.015625,4866,0.0,3.2881216605014383,0.7302815318107605,0.4636251541307028,0.01881720430107527,0.21951219512195122,0.17073170731707318,-0.04878048780487804,16,1.0,76,16,1.0,346,16,1.0,512
1,TP53,boba_ucb,811,16,0.01972872996300863,811,16,0.71875,0.06215391012130813,0.021732314613122482,50.6875,38.015625,1056,0.782983970406905,15.151515151515152,0.7302815318107605,0.4636251541307028,0.01881720430107527,0.21951219512195122,0.17073170731707318,-0.04878048780487804,16,1.0,76,16,1.0,346,16,1.0,512
1,TP53,rabvs_hit,811,16,0.01972872996300863,811,16,0.71875,0.06215391012130813,0.021732314613122482,50.6875,38.015625,1056,0.782983970406905,15.151515151515152,0.7302815318107605,0.4636251541307028,0.01881720430107527,0.21951219512195122,0.17073170731707318,-0.04878048780487804,16,1.0,76,16,1.0,346,16,1.0,512
1,TP53,rabvs_reliable,811,16,0.01972872996300863,811,16,0.71875,0.06215391012130813,0.021732314613122482,50.6875,44.3515625,1056,0.782983970406905,15.151515151515152,0.7302815914154053,0.4636251541307028,0.01881720430107527,0.21951219512195122,0.17073170731707318,-0.04878048780487804,15,0.9375,81,15,0.9375,340,16,1.0,512
2,TP53,greedy_surrogate,811,16,0.01972872996300863,811,16,0.6979166666666666,0.06759212109918566,0.02554191321321317,50.6875,31.6796875,4866,0.0,3.2881216605014383,0.7302824258804321,0.4636251541307028,0.019886363636363636,0.24390243902439024,0.14634146341463414,-0.0975609756097561,16,1.0,85,16,1.0,337,16,1.0,512
2,TP53,uncertainty_sampling,811,16,0.01972872996300863,811,16,0.7395833333333334,0.06759212109918566,0.02554191321321317,50.6875,31.6796875,4866,0.0,3.2881216605014383,0.7302824258804321,0.4636251541307028,0.019886363636363636,0.24390243902439024,0.14634146341463414,-0.0975609756097561,16,1.0,85,16,1.0,337,16,1.0,512
2,TP53,boba_ucb,811,16,0.01972872996300863,811,16,0.7291666666666666,0.06759212109918566,0.02554191321321317,50.6875,31.6796875,1056,0.782983970406905,15.151515151515152,0.7302824258804321,0.4636251541307028,0.019886363636363636,0.24390243902439024,0.14634146341463414,-0.0975609756097561,16,1.0,85,16,1.0,337,16,1.0,512
2,TP53,rabvs_hit,811,16,0.01972872996300863,811,16,0.734375,0.06759212109918566,0.02554191321321317,50.6875,31.6796875,1056,0.782983970406905,15.151515151515152,0.7302824258804321,0.4636251541307028,0.019886363636363636,0.24390243902439024,0.14634146341463414,-0.0975609756097561,16,1.0,85,16,1.0,337,16,1.0,512
2,TP53,rabvs_reliable,811,16,0.01972872996300863,811,16,0.734375,0.06759212109918566,0.02554191321321317,50.6875,31.6796875,1056,0.782983970406905,15.151515151515152,0.7302824854850769,0.4636251541307028,0.019886363636363636,0.24390243902439024,0.14634146341463414,-0.0975609756097561,15,0.9375,86,16,1.0,341,16,1.0,512
0,VDR,greedy_surrogate,50165,165,0.0032891458187979668,1024,21,0.5753968253968254,0.0067278955830106565,0.004391369320573695,79.04787878787879,12.718399130749727,300990,0.0,0.08970397687630818,0.6547229290008545,0.562,0.01735357917570499,0.0035870864886408927,0.013955342902711323,0.01036825641407043,15,0.09090909090909091,92,21,0.12727272727272726,431,27,0.16363636363636364,817
0,VDR,uncertainty_sampling,50165,165,0.0032891458187979668,1024,17,0.6715686274509803,0.005279483918375851,0.00448386456887073,72.96727272727273,10.295846915368827,300990,0.0,0.0664473902787468,0.6173766255378723,0.554,0.010515247108307046,0.0051813471502590676,0.012759170653907496,0.0075778235036484285,13,0.07878787878787878,91,17,0.10303030303030303,442,20,0.12121212121212122,847
0,VDR,boba_ucb,50165,165,0.0032891458187979668,1024,10,0.8166666666666667,0.0066518424358203675,0.004453519852928059,54.72545454545454,10.295846915368827,3584,0.9880926276620485,6.138392857142857,0.6248181462287903,0.515,0.012671594508975714,0.0031885213232363493,0.011961722488038277,0.008773201164801929,12,0.07272727272727272,91,17,0.10303030303030303,429,22,0.13333333333333333,841
0,VDR,rabvs_hit,50165,165,0.0032891458187979668,1024,10,0.7166666666666667,0.011101944487600716,0.0061276259214632185,36.483636363636364,10.901484969214053,3584,0.9880926276620485,5.859375,0.6022200584411621,0.30200000000000005,0.012987012987012988,0.0051813471502590676,0.013157894736842105,0.007976547586583036,8,0.048484848484848485,86,18,0.10909090909090909,395,21,0.12727272727272726,775
0,VDR,rabvs_reliable,50165,165,0.0032891458187979668,1024,10,0.7166666666666667,0.011101944487600716,0.0061276259214632185,30.403030303030306,10.295846915368827,3584,0.9880926276620485,6.696428571428571,0.6198394894599915,0.524,0.014675052410901468,0.0051813471502590676,0.013157894736842105,0.007976547586583036,11,0.06666666666666667,89,17,0.10303030303030303,435,24,0.14545454545454545,879
1,VDR,greedy_surrogate,50165,165,0.0032891458187979668,1024,16,0.6458333333333334,0.003100983775209411,0.003806322634366731,60.80606060606061,9.690208861523603,300990,0.0,0.05980265125087212,0.6271379590034485,0.44099999999999995,0.010356731875719217,0.0019928258270227183,0.01674641148325359,0.014753585656230871,13,0.07878787878787878,74,16,0.09696969696969697,349,18,0.10909090909090909,692
1,VDR,uncertainty_sampling,50165,165,0.0032891458187979668,1024,18,0.6157407407407407,0.006325068002995044,0.004763260027397684,79.04787878787879,12.718399130749727,300990,0.0,0.09302634639024553,0.6313378810882568,0.383,0.020689655172413793,0.0039856516540454365,0.01634768740031898,0.012362035746273543,16,0.09696969696969697,73,21,0.12727272727272726,339,28,0.1696969696969697,690
1,VDR,boba_ucb,50165,165,0.0032891458187979668,1024,12,0.6736111111111112,0.006124344537010222,0.00461751782727628,54.72545454545454,10.901484969214053,3584,0.9880926276620485,5.859375,0.6487452387809753,0.355,0.012790697674418604,0.005579912315663611,0.013556618819776715,0.007976706504113104,10,0.06060606060606061,70,18,0.10909090909090909,328,21,0.12727272727272726,663
1,VDR,rabvs_hit,50165,165,0.0032891458187979668,1024,15,0.6666666666666666,0.00869897011594142,0.0054677810748762,48.64484848484849,13.324037184594955,3584,0.9880926276620485,7.533482142857143,0.6268935203552246,0.381,0.020070838252656435,0.005579912315663611,0.01594896331738437,0.010369051001720758,13,0.07878787878787878,67,22,0.13333333333333333,331,27,0.16363636363636364,679
1,VDR,rabvs_reliable,50165,165,0.0032891458187979668,1024,15,0.6666666666666666,0.00869897011594142,0.0054677810748762,48.64484848484849,12.718399130749727,3584,0.9880926276620485,7.533482142857143,0.6402902007102966,0.605,0.019187358916478554,0.005579912315663611,0.01594896331738437,0.010369051001720758,12,0.07272727272727272,81,21,0.12727272727272726,378,27,0.16363636363636364,790
2,VDR,greedy_surrogate,50165,165,0.0032891458187979668,1024,19,0.543859649122807,0.012881530398875516,0.005458034207925075,66.88666666666667,13.324037184594955,300990,0.0,0.07973686833449617,0.6294921040534973,0.398,0.016489988221436984,0.0027899561578318055,0.012759170653907496,0.009969214496075691,16,0.09696969696969697,70,22,0.13333333333333333,361,24,0.14545454545454545,700
2,VDR,uncertainty_sampling,50165,165,0.0032891458187979668,1024,15,0.6777777777777778,0.01766682143883805,0.007086909738332143,66.88666666666667,13.92967523844018,300990,0.0,0.08970397687630818,0.6313537359237671,0.41900000000000004,0.019653179190751446,0.005978477481068154,0.013556618819776715,0.00757814133870856,13,0.07878787878787878,77,23,0.1393939393939394,359,27,0.16363636363636364,694
2,VDR,boba_ucb,50165,165,0.0032891458187979668,1024,14,0.6488095238095238,0.012961600852607372,0.006455021670711273,48.64484848484849,9.690208861523603,3584,0.9880926276620485,5.859375,0.6249613761901855,0.375,0.013647642679900745,0.0039856516540454365,0.013157894736842105,0.009172243082796669,9,0.05454545454545454,65,16,0.09696969696969697,316,21,0.12727272727272726,646
2,VDR,rabvs_hit,50165,165,0.0032891458187979668,1024,12,0.6944444444444444,0.009772757464375798,0.005568331499432497,54.72545454545454,13.324037184594955,3584,0.9880926276620485,7.533482142857143,0.6288430094718933,0.41200000000000003,0.019721577726218097,0.005579912315663611,0.011961722488038277,0.0063818101723746665,10,0.06060606060606061,72,22,0.13333333333333333,334,27,0.16363636363636364,673
2,VDR,rabvs_reliable,50165,165,0.0032891458187979668,1024,12,0.6944444444444444,0.009772757464375798,0.005568331499432497,48.64484848484849,11.507123023059279,3584,0.9880926276620485,6.975446428571429,0.635892391204834,0.644,0.016357688113413305,0.005579912315663611,0.011961722488038277,0.0063818101723746665,10,0.06060606060606061,80,19,0.11515151515151516,405,25,0.15151515151515152,806
