seed,target,method,active_ratio_pool,queried_total,queried_hits,AUBC,ECE,Brier,neural_inferences,inference_saved_ratio,hits_per_1000_inferences,EF_0.1pct,EF_1pct,mean_pairwise_cosine_distance_at1000,PAINS_Brenk_free_ratio_at1000,Hit@100,Recall@100,unique_scaffold_count@100,Hit@500,Recall@500,unique_scaffold_count@500,Hit@1000,Recall@1000,unique_scaffold_count@1000
0,T00,random,0.045,2560,122,0.59375,0.17263093015733375,0.0887555441235726,2560,0.9866666666666667,20.703125,0.9259259259259259,0.7407407407407408,0.9921762347221375,0.907,1,0.000925925925925926,99,22,0.020370370370370372,442,53,0.049074074074074076,737
0,T00,greedy_surrogate,0.045,2560,747,0.6217369477911646,0.07010497841660257,0.0382749860546808,192000,0.0,2.854166666666667,22.22222222222222,17.962962962962965,0.8794215321540833,0.901,93,0.08611111111111111,46,357,0.33055555555555555,220,548,0.5074074074074074,426
0,T00,uncertainty_sampling,0.045,2560,291,0.5698024054982818,0.11799629494471742,0.058307521553346446,192000,0.0,2.6197916666666665,18.51851851851852,15.277777777777779,0.9042555093765259,0.898,74,0.06851851851851852,84,303,0.28055555555555556,312,503,0.46574074074074073,480
0,T00,boba_ucb,0.045,2560,388,0.501610824742268,0.10719921086402903,0.05921959222362397,3840,0.98,104.94791666666667,13.88888888888889,12.222222222222223,0.8971246480941772,0.906,68,0.06296296296296296,77,243,0.225,281,403,0.3731481481481482,451
0,T00,rabvs,0.045,2560,427,0.6109484777517564,0.10741973858562896,0.05437130352478268,3840,0.98,85.41666666666667,17.59259259259259,14.62962962962963,0.9128514528274536,0.923,77,0.0712962962962963,55,250,0.23148148148148148,183,328,0.3037037037037037,340
0,T01,random,0.045,2560,133,0.5272556390977443,0.12388462737395575,0.06187162089740641,2560,0.9866666666666667,20.3125,0.0,1.4814814814814816,0.9921762347221375,0.907,5,0.004629629629629629,99,26,0.024074074074074074,442,52,0.04814814814814815,737
0,T01,greedy_surrogate,0.045,2560,887,0.6177423900789177,0.05251892265739952,0.029294067014523677,192000,0.0,3.401041666666667,22.22222222222222,20.462962962962962,0.8469579815864563,0.92,95,0.08796296296296297,65,416,0.3851851851851852,197,653,0.6046296296296296,330
0,T01,uncertainty_sampling,0.045,2560,262,0.5443702290076335,0.10009956265509781,0.048500969581785576,192000,0.0,3.3229166666666665,21.296296296296298,18.703703703703706,0.8612245917320251,0.919,91,0.08425925925925926,77,384,0.35555555555555557,244,638,0.5907407407407408,386
0,T01,boba_ucb,0.045,2560,360,0.4991319444444444,0.0721609600288555,0.04204947822353094,3840,0.98,153.38541666666666,20.37037037037037,18.333333333333332,0.8321924805641174,0.918,88,0.08148148148148149,67,358,0.3314814814814815,197,589,0.5453703703703704,325
0,T01,rabvs,0.045,2560,563,0.5928063943161634,0.060333192145781714,0.03474786450531388,3840,0.98,128.125,20.37037037037037,17.59259259259259,0.8611186742782593,0.9339999999999999,87,0.08055555555555556,55,327,0.30277777777777776,166,492,0.45555555555555555,257
0,T02,random,0.045,2560,118,0.5820974576271186,0.11777452355327045,0.05986769350891458,2560,0.9866666666666667,17.1875,0.9259259259259259,0.8333333333333334,0.9921762347221375,0.907,2,0.001851851851851852,99,20,0.018518518518518517,442,44,0.040740740740740744,737
0,T02,greedy_surrogate,0.045,2560,933,0.605037513397642,0.06717080063940643,0.03088545887991978,192000,0.0,3.515625,21.296296296296298,20.27777777777778,0.8801311254501343,0.9339999999999999,95,0.08796296296296297,76,422,0.3907407407407407,246,675,0.625,408
0,T02,uncertainty_sampling,0.045,2560,319,0.5654388714733543,0.09493690080719316,0.04507634347601186,192000,0.0,3.380208333333333,22.22222222222222,19.90740740740741,0.8840242028236389,0.9410000000000001,98,0.09074074074074075,79,406,0.37592592592592594,274,649,0.600925925925926,438
0,T02,boba_ucb,0.045,2560,490,0.4357142857142857,0.06737722390118263,0.03674425530456261,3840,0.98,161.97916666666669,21.296296296296298,19.72222222222222,0.8812844157218933,0.9339999999999999,93,0.08611111111111111,84,400,0.37037037037037035,280,622,0.575925925925926,455
0,T02,rabvs,0.045,2560,291,0.5814003436426117,0.08332979962939098,0.042862339872092065,3840,0.98,66.40625,15.740740740740742,10.0,0.9279109835624695,0.948,55,0.05092592592592592,89,182,0.1685185185185185,317,255,0.2361111111111111,474
1,T00,random,0.045,2560,105,0.6363095238095238,0.10467442723017902,0.050514227157003024,2560,0.9866666666666667,20.703125,0.9259259259259259,0.9259259259259259,0.995876133441925,0.911,5,0.004629629629629629,97,21,0.019444444444444445,426,53,0.049074074074074076,711
1,T00,greedy_surrogate,0.045,2560,943,0.637592788971368,0.04879227568956234,0.02519846187576723,192000,0.0,3.7447916666666665,20.37037037037037,21.11111111111111,0.7815665006637573,0.921,97,0.08981481481481482,40,443,0.4101851851851852,114,719,0.6657407407407407,254
1,T00,uncertainty_sampling,0.045,2560,276,0.610733695652174,0.08809710027738192,0.04106007162066236,192000,0.0,3.5677083333333335,21.296296296296298,20.0,0.8357886672019958,0.911,93,0.08611111111111111,55,415,0.38425925925925924,164,685,0.6342592592592593,310
1,T00,boba_ucb,0.045,2560,339,0.5566002949852508,0.08050179118805392,0.03920843129706092,3840,0.98,167.96875,21.296296296296298,19.90740740740741,0.8464842438697815,0.917,92,0.08518518518518518,64,404,0.37407407407407406,196,645,0.5972222222222222,342
1,T00,rabvs,0.045,2560,303,0.4830858085808581,0.1095856846633133,0.050307435896718516,3840,0.98,70.05208333333333,12.962962962962964,9.351851851851853,0.9086802005767822,0.933,52,0.04814814814814815,69,176,0.16296296296296298,200,269,0.2490740740740741,359
1,T01,random,0.045,2560,135,0.5768518518518518,0.13307668718375187,0.06507819297736164,2560,0.9866666666666667,19.921875,0.9259259259259259,1.4814814814814816,0.995876133441925,0.911,7,0.006481481481481481,97,23,0.021296296296296296,426,51,0.04722222222222222,711
1,T01,greedy_surrogate,0.045,2560,917,0.6113685932388222,0.054765318971130836,0.028141845882333254,192000,0.0,3.46875,22.22222222222222,21.01851851851852,0.8634629845619202,0.905,100,0.09259259259259259,37,424,0.3925925925925926,190,666,0.6166666666666667,311
1,T01,uncertainty_sampling,0.045,2560,448,0.5693359375,0.07821594686513639,0.03667522788540577,192000,0.0,3.375,22.22222222222222,21.01851851851852,0.8623237609863281,0.902,99,0.09166666666666666,40,416,0.3851851851851852,183,648,0.6,317
1,T01,boba_ucb,0.045,2560,431,0.4970997679814385,0.08092163745420668,0.04158141051452168,3840,0.98,156.51041666666669,22.22222222222222,19.074074074074073,0.8443459272384644,0.904,91,0.08425925925925926,57,370,0.3425925925925926,190,601,0.5564814814814815,325
1,T01,rabvs,0.045,2560,455,0.6420329670329671,0.07321287544096688,0.03778635961850887,3840,0.98,97.13541666666667,18.51851851851852,12.777777777777777,0.8707056641578674,0.943,70,0.06481481481481481,25,246,0.22777777777777777,183,373,0.3453703703703704,335
1,T02,random,0.045,2560,121,0.6089876033057852,0.10290035235097349,0.04862234310589741,2560,0.9866666666666667,19.140625,0.9259259259259259,0.9259259259259259,0.995876133441925,0.911,4,0.003703703703703704,97,21,0.019444444444444445,426,49,0.04537037037037037,711
1,T02,greedy_surrogate,0.045,2560,986,0.6359660243407708,0.04402511875791999,0.021676996192380813,192000,0.0,3.9635416666666665,22.22222222222222,21.944444444444446,0.7800653576850891,0.926,100,0.09259259259259259,22,467,0.4324074074074074,131,761,0.7046296296296296,320
1,T02,uncertainty_sampling,0.045,2560,274,0.5901003649635036,0.07981417283171521,0.035252184273958334,192000,0.0,3.880208333333333,22.22222222222222,21.666666666666668,0.8173796534538269,0.92,100,0.09259259259259259,37,454,0.4203703703703704,179,745,0.6898148148148148,348
1,T02,boba_ucb,0.045,2560,395,0.5316455696202531,0.08381450275784083,0.03882116798316982,3840,0.98,182.29166666666666,22.22222222222222,20.74074074074074,0.8489663600921631,0.918,100,0.09259259259259259,56,426,0.39444444444444443,225,700,0.6481481481481481,386
1,T02,rabvs,0.045,2560,317,0.6464905362776026,0.06405147457502341,0.032204150313831933,3840,0.98,75.52083333333333,14.814814814814815,10.648148148148149,0.9212250709533691,0.95,56,0.05185185185185185,53,206,0.19074074074074074,236,290,0.26851851851851855,413
2,T00,random,0.045,2560,126,0.5902777777777778,0.1328010385423308,0.06897607452507731,2560,0.9866666666666667,21.484375,1.8518518518518519,1.4814814814814816,0.9945014119148254,0.907,7,0.006481481481481481,97,31,0.028703703703703703,426,55,0.05092592592592592,738
2,T00,greedy_surrogate,0.045,2560,864,0.6310763888888888,0.06409847774427237,0.03290753315249944,192000,0.0,3.2864583333333335,22.22222222222222,19.35185185185185,0.8851816058158875,0.918,96,0.08888888888888889,74,390,0.3611111111111111,245,631,0.5842592592592593,426
2,T00,uncertainty_sampling,0.045,2560,247,0.5392206477732794,0.1141044973179392,0.05388763392331876,192000,0.0,3.1197916666666665,21.296296296296298,18.51851851851852,0.8858007788658142,0.915,92,0.08518518518518518,69,374,0.34629629629629627,249,599,0.5546296296296296,429
2,T00,boba_ucb,0.045,2560,446,0.5713284753363229,0.07652549392411538,0.040100020667532786,3840,0.98,153.64583333333334,22.22222222222222,18.51851851851852,0.888090968132019,0.923,93,0.08611111111111111,75,361,0.33425925925925926,255,590,0.5462962962962963,427
2,T00,rabvs,0.045,2560,339,0.5278392330383481,0.1020368906297653,0.05149543482353569,3840,0.98,67.96875,15.740740740740742,9.907407407407408,0.930393636226654,0.942,56,0.05185185185185185,65,177,0.1638888888888889,247,261,0.24166666666666667,402
2,T01,random,0.045,2560,109,0.606651376146789,0.10946329551954151,0.05236921949423483,2560,0.9866666666666667,22.65625,0.9259259259259259,1.3888888888888888,0.9945014119148254,0.907,7,0.006481481481481481,97,32,0.02962962962962963,426,58,0.053703703703703705,738
2,T01,greedy_surrogate,0.045,2560,978,0.653502044989775,0.054650982772533316,0.02421717873418149,192000,0.0,3.984375,22.22222222222222,21.296296296296298,0.8484802842140198,0.911,99,0.09166666666666666,44,454,0.4203703703703704,196,765,0.7083333333333334,348
2,T01,uncertainty_sampling,0.045,2560,314,0.5828025477707006,0.08362138406878282,0.03632198888335323,192000,0.0,3.864583333333333,22.22222222222222,21.203703703703706,0.8508703708648682,0.907,98,0.09074074074074075,54,439,0.4064814814814815,198,742,0.687037037037037,358
2,T01,boba_ucb,0.045,2560,692,0.4596278901734104,0.0729974548030859,0.033132903467685354,3840,0.98,183.59375,22.22222222222222,21.11111111111111,0.8414293527603149,0.904,99,0.09166666666666666,37,430,0.39814814814814814,179,705,0.6527777777777778,360
2,T01,rabvs,0.045,2560,435,0.45948275862068966,0.07245326085164697,0.03358943591100962,3840,0.98,76.5625,15.740740740740742,12.12962962962963,0.8854793906211853,0.903,69,0.06388888888888888,51,229,0.21203703703703702,190,294,0.2722222222222222,339
2,T02,random,0.045,2560,138,0.5570652173913043,0.16150379285135333,0.08280943705094672,2560,0.9866666666666667,15.234375,0.9259259259259259,0.8333333333333334,0.9945014119148254,0.907,6,0.005555555555555556,97,18,0.016666666666666666,426,39,0.03611111111111111,738
2,T02,greedy_surrogate,0.045,2560,825,0.6111363636363636,0.06730296594543785,0.03490131937797477,192000,0.0,3.1510416666666665,21.296296296296298,18.24074074074074,0.8661303520202637,0.899,94,0.08703703703703704,68,371,0.3435185185185185,229,605,0.5601851851851852,407
2,T02,uncertainty_sampling,0.045,2560,293,0.6190273037542662,0.1109510391209452,0.054064976618477874,192000,0.0,3.03125,20.37037037037037,17.87037037037037,0.8758261799812317,0.902,87,0.08055555555555556,74,347,0.3212962962962963,254,582,0.5388888888888889,412
2,T02,boba_ucb,0.045,2560,310,0.4762096774193548,0.10570766772609226,0.05404015957649332,3840,0.98,127.60416666666666,20.37037037037037,17.037037037037038,0.8874087929725647,0.871,87,0.08055555555555556,82,332,0.3074074074074074,274,490,0.4537037037037037,459
2,T02,rabvs,0.045,2560,399,0.6403508771929824,0.08408061779179789,0.04683574487958773,3840,0.98,87.23958333333333,17.59259259259259,13.611111111111112,0.919000506401062,0.915,69,0.06388888888888888,35,242,0.22407407407407406,232,335,0.3101851851851852,399
