target,method,AUBC,Hit@100,Hit@500,Hit@1000,Recall@1000,EF_0.1pct,EF_1pct,ECE,Brier,neural_inferences,inference_saved_ratio,hits_per_1000_inferences,unique_scaffold_count@1000,mean_pairwise_cosine_distance_at1000,PAINS_Brenk_free_ratio_at1000,unseen_initial_scaffold_hit_rate_at1000,high_score_high_unc_hit_rate,high_score_low_unc_hit_rate,false_confidence_gap
ADRB2,boba_ucb,0.8333333333333334,4.0,4.0,4.0,1.0,916.7400000000001,100.008,0.0023484671264600333,0.0003380964318811333,3584.0,0.988054288990214,1.1160714285714286,808.6666666666666,0.6137252251307169,0.3143333333333333,0.0,0.001332800213248,0.0002666666666666667,-0.0010661335465813333
ADRB2,greedy_surrogate,0.8333333333333334,4.0,4.0,4.0,1.0,1000.08,100.008,0.0009912987155330667,0.00011677824565293334,300024.0,0.0,0.0133322667519931,813.6666666666666,0.5999327103296915,0.3259999999999999,0.0,0.001332800213248,0.0002666666666666667,-0.0010661335465813333
ADRB2,rabvs_budgeted_reliable,0.8333333333333334,4.0,4.0,4.0,1.0,916.7400000000001,100.008,0.0023484671264600333,0.0003380964318811333,3584.0,0.988054288990214,1.1160714285714286,977.6666666666666,0.6049598455429077,0.8866666666666667,0.0,0.001332800213248,0.0002666666666666667,-0.0010661335465813333
ADRB2,rabvs_budgeted_reliable_no_density,0.8333333333333334,4.0,4.0,4.0,1.0,916.7400000000001,100.008,0.0023484671264600333,0.0003380964318811333,3584.0,0.988054288990214,1.1160714285714286,977.6666666666666,0.6060737768809,0.8853333333333334,0.0,0.001332800213248,0.0002666666666666667,-0.0010661335465813333
ADRB2,rabvs_hit,0.8333333333333334,3.6666666666666665,4.0,4.0,1.0,916.7400000000001,100.008,0.0035570876060325336,0.0005739843878744333,3584.0,0.988054288990214,1.1160714285714286,791.0,0.6117130915323893,0.3126666666666666,0.0,0.0011995201919232,0.0004,-0.0007995201919232068
ADRB2,rabvs_reliable,0.8333333333333334,3.6666666666666665,4.0,4.0,1.0,916.7400000000001,100.008,0.0035570876060325336,0.0005739843878744333,3584.0,0.988054288990214,1.1160714285714286,958.3333333333334,0.6019120812416077,0.8233333333333333,0.0,0.0011995201919232,0.0004,-0.0007995201919232068
ALDH1,boba_ucb,0.49597686520730816,33.666666666666664,89.66666666666667,130.0,0.09679821295606844,7.346736162819557,4.7726165749444345,0.053272036010856866,0.05535796751647887,2304.0,0.9855855855855856,56.423611111111114,887.0,0.6060672601064047,0.5376666666666666,0.1255604475911244,0.09459459459459456,0.08783783783783779,-0.006756756756756734
ALDH1,greedy_surrogate,0.488122122682593,44.666666666666664,103.0,141.66666666666666,0.10548523206751054,12.244560271365929,5.791769072719028,0.048797206167960266,0.0525433207773106,159840.0,0.0,0.886302969636303,890.0,0.6185387571652731,0.488,0.13866205993621072,0.09834834834834831,0.09709709709709703,-0.0012512512512512341
ALDH1,rabvs_budgeted_reliable,0.49597686520730816,34.666666666666664,88.0,131.33333333333334,0.09779101514023324,8.081409779101513,4.673187062966425,0.053272036010856866,0.05535796751647887,2304.0,0.9855855855855856,57.00231481481481,925.6666666666666,0.6029683947563171,0.6589999999999999,0.1260259470334533,0.09459459459459456,0.08783783783783779,-0.006756756756756734
ALDH1,rabvs_budgeted_reliable_no_density,0.49597686520730816,33.666666666666664,87.66666666666667,133.33333333333334,0.09928021841648044,7.836518573674194,4.698044440960928,0.053272036010856866,0.05535796751647887,2304.0,0.9855855855855856,57.870370370370374,932.6666666666666,0.6045451164245605,0.6636666666666667,0.12802887687537204,0.09459459459459456,0.08783783783783779,-0.006756756756756734
ALDH1,rabvs_hit,0.5196360376304024,26.0,84.66666666666667,140.33333333333334,0.10449242988334569,4.4080416976917345,3.9523231011258595,0.05862318980310827,0.05850531005259857,2304.0,0.9855855855855856,60.90856481481481,892.3333333333334,0.5916038552920023,0.5529999999999999,0.13571490318118948,0.10660660660660658,0.08658658658658654,-0.020020020020019968
ALDH1,rabvs_reliable,0.5196360376304024,25.333333333333332,83.0,134.33333333333334,0.1000248200546041,3.42847687598246,3.852893589147851,0.05862318980310827,0.05850531005259857,2304.0,0.9855855855855856,58.304398148148145,923.3333333333334,0.5870745976765951,0.6563333333333333,0.12841718320477893,0.10660660660660658,0.08658658658658654,-0.020020020020019968
ESR1_ago,boba_ucb,0.8333333333333334,3.0,3.0,3.0,1.0,303.6666666666667,101.22222222222221,0.009380665046194033,0.0014767540761911333,1060.0,0.8060739114526162,2.8301886792452833,611.0,0.7339653571446737,0.4401756311745335,0.0,0.04347826086956521,0.021739130434782605,-0.021739130434782605
ESR1_ago,greedy_surrogate,0.8333333333333334,3.0,3.0,3.0,1.0,303.6666666666667,101.22222222222221,0.009524034901969333,0.0014412756676108667,5466.0,0.0,0.5488474204171241,611.0,0.7339653770128886,0.4401756311745335,0.0,0.04347826086956521,0.021739130434782605,-0.021739130434782605
ESR1_ago,rabvs_budgeted_reliable,0.8333333333333334,2.0,2.0,3.0,1.0,303.6666666666667,67.48148148148148,0.009380665046194033,0.0014767540761911333,1060.0,0.8060739114526162,2.8301886792452833,611.0,0.7339652975400289,0.4401756311745335,0.0,0.04347826086956521,0.021739130434782605,-0.021739130434782605
ESR1_ago,rabvs_budgeted_reliable_no_density,0.8333333333333334,3.0,3.0,3.0,1.0,303.6666666666667,101.22222222222221,0.009380665046194033,0.0014767540761911333,1060.0,0.8060739114526162,2.8301886792452833,611.0,0.7339653174082438,0.4401756311745335,0.0,0.04347826086956521,0.021739130434782605,-0.021739130434782605
ESR1_ago,rabvs_hit,0.8333333333333334,3.0,3.0,3.0,1.0,303.6666666666667,101.22222222222221,0.009287708395540434,0.0014448721214017667,1060.0,0.8060739114526162,2.8301886792452833,611.0,0.7339652379353842,0.4401756311745335,0.0,0.04347826086956521,0.021739130434782605,-0.021739130434782605
ESR1_ago,rabvs_reliable,0.8333333333333334,2.0,2.0,3.0,1.0,303.6666666666667,67.48148148148148,0.009287708395540434,0.0014448721214017667,1060.0,0.8060739114526162,2.8301886792452833,611.0,0.733965277671814,0.4401756311745335,0.0,0.04347826086956521,0.021739130434782605,-0.021739130434782605
ESR1_ant,boba_ucb,0.6955555555555555,23.666666666666668,25.0,25.0,1.0,32.76,23.205000000000002,0.09084022579281353,0.039183202777398535,1056.0,0.7851037851037851,23.674242424242426,536.0,0.7360154589017233,0.46520146520146516,0.027677527323499932,0.3333333333333333,0.19512195121951215,-0.13821138211382109
ESR1_ant,greedy_surrogate,0.6855555555555556,23.666666666666668,25.0,25.0,1.0,32.76,23.205000000000002,0.09084022579281353,0.039183202777398535,4914.0,0.0,5.087505087505088,536.0,0.7360154589017233,0.46520146520146516,0.027677527323499932,0.3333333333333333,0.19512195121951215,-0.13821138211382109
ESR1_ant,rabvs_budgeted_reliable,0.6955555555555555,16.333333333333332,17.333333333333332,25.0,1.0,32.76,16.38,0.09084022579281353,0.039183202777398535,1056.0,0.7851037851037851,23.674242424242426,536.0,0.7360154589017233,0.46520146520146516,0.027677527323499932,0.3333333333333333,0.19512195121951215,-0.13821138211382109
ESR1_ant,rabvs_budgeted_reliable_no_density,0.6955555555555555,22.666666666666668,25.0,25.0,1.0,32.76,25.935000000000002,0.09084022579281353,0.039183202777398535,1056.0,0.7851037851037851,23.674242424242426,536.0,0.7360154191652933,0.46520146520146516,0.027677527323499932,0.3333333333333333,0.19512195121951215,-0.13821138211382109
ESR1_ant,rabvs_hit,0.6822222222222223,23.666666666666668,25.0,25.0,1.0,32.76,23.205000000000002,0.09084022579281353,0.039183202777398535,1056.0,0.7851037851037851,23.674242424242426,536.0,0.7360154589017233,0.46520146520146516,0.027677527323499932,0.3333333333333333,0.19512195121951215,-0.13821138211382109
ESR1_ant,rabvs_reliable,0.6822222222222223,16.333333333333332,17.333333333333332,25.0,1.0,32.76,16.38,0.09084022579281353,0.039183202777398535,1056.0,0.7851037851037851,23.674242424242426,536.0,0.7360154589017233,0.46520146520146516,0.027677527323499932,0.3333333333333333,0.19512195121951215,-0.13821138211382109
FEN1,boba_ucb,0.7524436090225564,13.333333333333334,21.0,25.0,0.2747252747252747,117.42945054945056,23.07277752187932,0.010062550141802167,0.0037574755192267668,3584.0,0.9880750367664183,6.975446428571428,759.0,0.6235815087954203,0.37766666666666665,0.016248480353577833,0.009580838323353233,0.006387225548902133,-0.003193612774451033
FEN1,greedy_surrogate,0.6713370547581073,19.0,23.0,26.666666666666668,0.293040293040293,187.15318681318684,25.270184904915443,0.008563247690034066,0.0031374310637677337,300546.0,0.0,0.08872740501176744,738.6666666666666,0.6264442404111227,0.40199999999999997,0.017508028021471334,0.009181636726546866,0.007717897538256767,-0.0014637391882900668
FEN1,rabvs_budgeted_reliable,0.7524436090225564,12.666666666666666,20.333333333333332,23.333333333333332,0.25641025641025633,113.75978021978024,22.34030839420061,0.010062550141802167,0.0037574755192267668,3584.0,0.9880750367664183,6.510416666666667,891.0,0.6315735777219137,0.6243333333333333,0.0140377259002544,0.009580838323353233,0.006387225548902133,-0.003193612774451033
FEN1,rabvs_budgeted_reliable_no_density,0.7524436090225564,12.666666666666666,20.333333333333332,23.666666666666668,0.26007326007326004,113.75978021978024,22.34030839420061,0.010062550141802167,0.0037574755192267668,3584.0,0.9880750367664183,6.6034226190476195,892.6666666666666,0.630898674329122,0.6213333333333333,0.014366169237909501,0.009580838323353233,0.006387225548902133,-0.003193612774451033
FEN1,rabvs_hit,0.6576887165122459,11.333333333333334,22.0,26.0,0.28571428571428564,99.08109890109891,24.17148121339738,0.009180171024799134,0.004017469376151733,3584.0,0.9880750367664183,7.254464285714285,765.6666666666666,0.6129748821258545,0.37033333333333335,0.017404611237700564,0.011044577511643333,0.005721889554224866,-0.005322687957418433
FEN1,rabvs_reliable,0.6576887165122459,11.666666666666666,22.0,24.666666666666668,0.27106227106227104,91.74175824175825,24.171481213397385,0.009180171024799134,0.004017469376151733,3584.0,0.9880750367664183,6.882440476190477,878.6666666666666,0.6185197830200195,0.5893333333333334,0.015803323838338566,0.011044577511643333,0.005721889554224866,-0.005322687957418433
GBA,boba_ucb,0.7574074074074074,12.0,13.333333333333334,14.666666666666666,0.3577235772357723,276.6494308943089,32.5469918699187,0.005551721796789667,0.0015988183790304,3584.0,0.988063121573643,4.092261904761905,795.3333333333334,0.6325324972470602,0.537,0.0060479976195149665,0.0050605939539219,0.001998401278976733,-0.0030621926749451
GBA,greedy_surrogate,0.786075036075036,11.666666666666666,13.0,13.333333333333334,0.3252032520325203,284.7861788617886,31.733317073170728,0.0020364463212223668,0.0009663711037475667,300246.0,0.0,0.044408029859959265,790.3333333333334,0.6362926562627157,0.504,0.004331839306306933,0.004261552803302634,0.0031974420463629,-0.0010641107569398
GBA,rabvs_budgeted_reliable,0.7574074074074074,12.0,13.333333333333334,14.333333333333334,0.3495934959349593,252.2391869918699,32.54699186991869,0.005551721796789667,0.0015988183790304,3584.0,0.988063121573643,3.999255952380952,936.3333333333334,0.6226105888684591,0.8290000000000001,0.005508063854298933,0.0050605939539219,0.001998401278976733,-0.0030621926749451
GBA,rabvs_budgeted_reliable_no_density,0.7574074074074074,12.0,13.333333333333334,14.0,0.34146341463414626,252.2391869918699,32.54699186991869,0.005551721796789667,0.0015988183790304,3584.0,0.988063121573643,3.90625,934.0,0.6213342150052389,0.819,0.005154004826285633,0.0050605939539219,0.001998401278976733,-0.0030621926749451
GBA,rabvs_hit,0.8078703703703703,11.0,12.333333333333334,13.0,0.3170731707317073,235.96569105691057,30.105967479674792,0.005015353062242067,0.0014913366975208,3584.0,0.988063121573643,3.627232142857143,795.0,0.6307327747344971,0.47333333333333333,0.004298538873127867,0.0050605939539219,0.001998401278976767,-0.0030621926749451
GBA,rabvs_reliable,0.8078703703703703,10.666666666666666,11.666666666666666,13.0,0.3170731707317073,244.10243902439024,28.478617886178863,0.005015353062242067,0.0014913366975208,3584.0,0.988063121573643,3.6272321428571423,937.6666666666666,0.6202369928359985,0.822,0.0041427397108653,0.0050605939539219,0.001998401278976767,-0.0030621926749451
IDH1,boba_ucb,0.8333333333333334,7.0,8.0,8.0,0.8888888888888888,777.9177777777777,88.90488888888889,0.006150879794473,0.0010555488554553666,3584.0,0.988055483346331,2.232142857142857,843.0,0.6111957430839539,0.7363333333333334,0.0,0.0029321604691456,0.0002666666666666667,-0.0026654938024789332
IDH1,greedy_surrogate,0.8333333333333334,7.0,8.0,8.0,0.8888888888888888,777.9177777777777,88.90488888888889,0.0035964423350004666,0.0003795870632930333,300054.0,0.0,0.0266618675305111,864.3333333333334,0.6142247120539347,0.7406666666666667,0.0,0.0029321604691456,0.0002666666666666667,-0.0026654938024789332
IDH1,rabvs_budgeted_reliable,0.8333333333333334,7.0,7.666666666666667,8.0,0.8888888888888888,777.9177777777777,85.20051851851852,0.006150879794473,0.0010555488554553666,3584.0,0.988055483346331,2.232142857142857,950.0,0.6064347426096598,0.9326666666666666,0.0,0.0029321604691456,0.0002666666666666667,-0.0026654938024789332
IDH1,rabvs_budgeted_reliable_no_density,0.8333333333333334,7.0,7.666666666666667,7.666666666666667,0.8518518518518517,740.8740740740741,85.20051851851852,0.006150879794473,0.0010555488554553666,3584.0,0.988055483346331,2.1391369047619047,926.6666666666666,0.6016262968381246,0.923,0.0,0.0029321604691456,0.0002666666666666667,-0.0026654938024789332
IDH1,rabvs_hit,0.8333333333333334,7.0,8.0,8.0,0.8888888888888888,777.9177777777777,88.90488888888889,0.0070864403299251665,0.0011496014426216332,3584.0,0.988055483346331,2.232142857142857,847.0,0.6120628118515015,0.6946666666666667,0.0,0.0029321604691456,0.0002666666666666667,-0.0026654938024789332
IDH1,rabvs_reliable,0.8333333333333334,7.0,7.666666666666667,8.0,0.8888888888888888,777.9177777777777,85.20051851851852,0.0070864403299251665,0.0011496014426216332,3584.0,0.988055483346331,2.232142857142857,950.6666666666666,0.6061136325200399,0.915,0.0,0.0029321604691456,0.0002666666666666667,-0.0026654938024789332
KAT2A,boba_ucb,0.7839506172839507,8.0,9.333333333333334,11.0,0.22916666666666663,145.97333333333333,19.46311111111111,0.013225896683215133,0.0030196998702357995,3584.0,0.9880647911338448,3.0691964285714284,797.3333333333334,0.5997297962506613,0.5573333333333333,0.0025238958004327335,0.0041283792781994675,0.0017319477751131997,-0.0023964315030861666
KAT2A,greedy_surrogate,0.7305555555555555,8.333333333333334,9.333333333333334,10.666666666666666,0.22222222222222218,159.87555555555556,19.463111111111107,0.010815980771844867,0.002320517465975533,300288.0,0.0,0.03552145495879507,792.6666666666666,0.6172789335250854,0.557,0.002513352558916233,0.004128379278199434,0.0017319477751131997,-0.002396431503086167
KAT2A,rabvs_budgeted_reliable,0.7839506172839507,8.0,9.333333333333334,10.0,0.2083333333333333,125.12,19.46311111111111,0.013225896683215133,0.0030196998702357995,3584.0,0.9880647911338448,2.7901785714285716,901.3333333333334,0.5948710838953654,0.7736666666666667,0.0021049268375246664,0.0041283792781994675,0.0017319477751131997,-0.0023964315030861666
KAT2A,rabvs_budgeted_reliable_no_density,0.7839506172839507,8.0,9.333333333333334,10.0,0.2083333333333333,125.12,19.46311111111111,0.013225896683215133,0.0030196998702357995,3584.0,0.9880647911338448,2.7901785714285716,902.0,0.595545212427775,0.7746666666666666,0.0020937549842678003,0.0041283792781994675,0.0017319477751131997,-0.0023964315030861666
KAT2A,rabvs_hit,0.7984567901234568,8.666666666666666,10.666666666666666,11.333333333333334,0.23611111111111108,139.0222222222222,22.24355555555555,0.013331515836724733,0.003362518390093066,3584.0,0.9880647911338448,3.162202380952381,784.3333333333334,0.6044786175092062,0.5106666666666667,0.0028813720240747666,0.004128379278199434,0.002398081534772133,-0.0017302977434272666
KAT2A,rabvs_reliable,0.7984567901234568,8.0,10.666666666666666,10.666666666666666,0.22222222222222218,152.92444444444445,22.243555555555556,0.013331515836724733,0.003362518390093066,3584.0,0.9880647911338448,2.9761904761904767,886.3333333333334,0.6049507260322571,0.7376666666666667,0.0024503521574744335,0.004128379278199434,0.002398081534772133,-0.0017302977434272666
MAPK1,boba_ucb,0.7115740740740741,15.0,18.666666666666668,21.666666666666668,0.28138528138528135,115.0077922077922,19.948561242678892,0.008885571508635134,0.006621721372440333,1792.0,0.9805136904373546,12.09077380952381,859.3333333333334,0.6305670340855917,0.7450000000000001,0.014800535151578732,0.023468057366362368,0.008268059181897268,-0.015199998184465068
MAPK1,greedy_surrogate,0.6512254901960784,16.666666666666668,19.333333333333332,21.666666666666668,0.28138528138528135,137.1246753246753,22.116883116883116,0.005829166422637467,0.005723617589305633,91962.0,0.0,0.23560456130430682,875.6666666666666,0.6285485426584879,0.783,0.0144630612132351,0.025641025641025567,0.007393765680263832,-0.018247259960761698
MAPK1,rabvs_budgeted_reliable,0.7115740740740741,15.0,20.0,23.0,0.29870129870129863,123.85454545454546,19.514896867838047,0.008885571508635134,0.006621721372440333,1792.0,0.9805136904373546,12.834821428571429,960.0,0.6225271622339884,0.9183333333333333,0.0153563194114437,0.023468057366362368,0.008268059181897268,-0.015199998184465068
MAPK1,rabvs_budgeted_reliable_no_density,0.7115740740740741,15.0,20.0,22.666666666666668,0.29437229437229434,115.0077922077922,19.514896867838047,0.008885571508635134,0.006621721372440333,1792.0,0.9805136904373546,12.648809523809524,960.6666666666666,0.6253535747528076,0.9116666666666667,0.014959112046560266,0.023468057366362368,0.008268059181897268,-0.015199998184465068
MAPK1,rabvs_hit,0.70238603988604,15.333333333333334,19.333333333333332,21.666666666666668,0.28138528138528135,106.16103896103895,20.81588999236058,0.0094847776777946,0.006951209948381967,1792.0,0.9805136904373546,12.09077380952381,844.3333333333334,0.6306649843851725,0.7386666666666667,0.014379921493019934,0.023033463711429735,0.008268059181897233,-0.014765404529532464
MAPK1,rabvs_reliable,0.70238603988604,16.0,19.333333333333332,22.333333333333332,0.29004329004329,110.5844155844156,21.68321874204227,0.0094847776777946,0.006951209948381967,1792.0,0.9805136904373546,12.46279761904762,949.3333333333334,0.6245550115903219,0.9009999999999999,0.014586597132914632,0.023033463711429735,0.008268059181897233,-0.014765404529532464
MTORC1,boba_ucb,0.754079254079254,11.0,11.666666666666666,13.0,0.5416666666666666,157.8767361111111,44.26773761713522,0.013264527539332433,0.0048533986050552,1536.0,0.9690335067134391,8.463541666666666,666.3333333333334,0.6135162313779196,0.7856666666666667,0.0045318646859311,0.024154589371980634,0.0064568200161419995,-0.017697769355838566
MTORC1,greedy_surrogate,0.7876984126984127,11.0,11.666666666666666,12.666666666666666,0.5277777777777778,301.4010416666667,45.65110441767069,0.007742893918875167,0.0033882802094166997,49602.0,0.0,0.2553660470679946,645.3333333333334,0.6136266787846884,0.7873333333333333,0.0038046881052770667,0.022544283413848603,0.0080710250201775,-0.014473258393671001
MTORC1,rabvs_budgeted_reliable,0.754079254079254,11.0,11.333333333333334,12.333333333333334,0.5138888888888888,186.5815972222222,42.884370816599734,0.013264527539332433,0.0048533986050552,1536.0,0.9690335067134391,8.029513888888888,917.6666666666666,0.614037036895752,0.9533333333333333,0.0036181065728025665,0.024154589371980634,0.0064568200161419995,-0.017697769355838566
MTORC1,rabvs_budgeted_reliable_no_density,0.754079254079254,10.666666666666666,12.0,12.666666666666666,0.5277777777777778,172.22916666666666,42.884370816599734,0.013264527539332433,0.0048533986050552,1536.0,0.9690335067134391,8.246527777777777,941.0,0.6192631125450134,0.965,0.003925660683268067,0.024154589371980634,0.0064568200161419995,-0.017697769355838566
MTORC1,rabvs_hit,0.7544245877579211,10.333333333333334,11.666666666666666,12.0,0.5,200.93402777777774,41.50100401606426,0.012272352548022067,0.004782550938526467,1536.0,0.9690335067134391,7.8125,654.0,0.6166160901387533,0.774,0.0033598195095031,0.0233494363929146,0.0048426150121065,-0.01850682138080807
MTORC1,rabvs_reliable,0.7544245877579211,10.0,10.666666666666666,11.666666666666666,0.48611111111111116,215.28645833333334,40.11763721552878,0.012272352548022067,0.004782550938526467,1536.0,0.9690335067134391,7.595486111111112,910.6666666666666,0.6157648166020712,0.948,0.0028809655153894335,0.0233494363929146,0.0048426150121065,-0.01850682138080807
OPRK1,boba_ucb,0.8333333333333334,6.0,6.0,6.0,1.0,944.5577777777777,100.012,0.0034413643871980333,0.0003235130324193333,3584.0,0.988054766761322,1.674107142857143,846.6666666666666,0.5965759555498759,0.6459999999999999,0.0,0.0023990403838464,0.0,-0.0023990403838464
OPRK1,greedy_surrogate,0.8333333333333334,6.0,6.0,6.0,1.0,1000.12,100.012,0.0020836285137074335,0.00016700197777133334,300036.0,0.0,0.0199976002879654,845.3333333333334,0.59669162829717,0.6503333333333333,0.0,0.0023990403838464,0.0,-0.0023990403838464
OPRK1,rabvs_budgeted_reliable,0.8333333333333334,6.0,6.0,6.0,1.0,1000.12,100.012,0.0034413643871980333,0.0003235130324193333,3584.0,0.988054766761322,1.674107142857143,978.0,0.5970659653345743,0.952,0.0,0.0023990403838464,0.0,-0.0023990403838464
OPRK1,rabvs_budgeted_reliable_no_density,0.8333333333333334,6.0,6.0,6.0,1.0,1000.12,100.012,0.0034413643871980333,0.0003235130324193333,3584.0,0.988054766761322,1.674107142857143,976.3333333333334,0.5956114530563354,0.949,0.0,0.0023990403838464,0.0,-0.0023990403838464
OPRK1,rabvs_hit,0.8333333333333334,6.0,6.0,6.0,1.0,944.5577777777777,100.012,0.0038604706302511668,0.00039323025038760003,3584.0,0.988054766761322,1.674107142857143,833.6666666666666,0.5989582538604736,0.6206666666666666,0.0,0.0023990403838464,0.0,-0.0023990403838464
OPRK1,rabvs_reliable,0.8333333333333334,6.0,6.0,6.0,1.0,1000.12,100.012,0.0038604706302511668,0.00039323025038760003,3584.0,0.988054766761322,1.674107142857143,971.3333333333334,0.599639356136322,0.9386666666666666,0.0,0.0023990403838464,0.0,-0.0023990403838464
PKM2,boba_ucb,0.7159167085637673,12.666666666666666,18.666666666666668,20.333333333333332,0.14950980392156857,76.18705882352941,13.735352823764236,0.008852776958016733,0.0046130786515680665,3584.0,0.9880857401202064,5.673363095238095,847.6666666666666,0.6064512530962626,0.6336666666666666,0.0124731117183947,0.009307272969020034,0.0047865975269246,-0.004520675442095434
PKM2,greedy_surrogate,0.6810457516339868,13.333333333333334,15.333333333333334,17.0,0.12499999999999996,88.47529411764707,11.282611248092051,0.0039585052974578,0.0033234848618008666,300816.0,0.0,0.0565129514387532,891.0,0.613928476969401,0.6736666666666666,0.0085537230120526,0.008642467756947167,0.0035899481451933998,-0.005052519611753701
PKM2,rabvs_budgeted_reliable,0.7159167085637673,13.0,18.666666666666668,20.0,0.14705882352941171,73.72941176470589,13.735352823764236,0.008852776958016733,0.0046130786515680665,3584.0,0.9880857401202064,5.580357142857143,921.6666666666666,0.603371242682139,0.801,0.011954201040718801,0.009307272969020034,0.0047865975269246,-0.004520675442095434
PKM2,rabvs_budgeted_reliable_no_density,0.7159167085637673,13.0,18.0,19.666666666666668,0.14460784313725486,73.72941176470589,13.244804508629798,0.008852776958016733,0.0046130786515680665,3584.0,0.9880857401202064,5.48735119047619,923.6666666666666,0.6033620039621989,0.7976666666666666,0.011605310020138865,0.009307272969020034,0.0047865975269246,-0.004520675442095434
PKM2,rabvs_hit,0.6765873015873015,10.0,15.333333333333334,19.0,0.13970588235294115,61.44117647058824,11.282611248092051,0.008177897836976299,0.0046791345538406,3584.0,0.9880857401202064,5.301339285714286,844.0,0.6093604564666748,0.638,0.010692029797652566,0.008908389841776334,0.0070469352479723,-0.001861454593803967
PKM2,rabvs_reliable,0.6765873015873015,10.333333333333334,16.0,18.333333333333332,0.13480392156862744,63.89882352941177,11.773159563226487,0.008177897836976299,0.0046791345538406,3584.0,0.9880857401202064,5.1153273809523805,914.0,0.6047218044598898,0.8083333333333332,0.009915020868163066,0.008908389841776334,0.0070469352479723,-0.001861454593803967
PPARG,boba_ucb,0.8333333333333334,6.0,6.0,6.0,1.0,144.5,69.57407407407408,0.02138498724233087,0.006525259028340134,1058.0,0.7966166858900423,5.671077504725898,541.0,0.7416534225145975,0.4429065743944636,0.0,0.1136363636363636,0.0232558139534883,-0.09038054968287519
PPARG,greedy_surrogate,0.8333333333333334,6.0,6.0,6.0,1.0,144.5,69.57407407407408,0.02138498724233087,0.006525259028340134,5202.0,0.0,1.1534025374855823,541.0,0.7416534225145975,0.4429065743944636,0.0,0.1136363636363636,0.0232558139534883,-0.09038054968287519
PPARG,rabvs_budgeted_reliable,0.8333333333333334,3.0,3.3333333333333335,6.0,1.0,144.5,42.81481481481481,0.02138498724233087,0.006525259028340134,1058.0,0.7966166858900423,5.671077504725898,541.0,0.7416534225145975,0.4429065743944636,0.0,0.1136363636363636,0.0232558139534883,-0.09038054968287519
PPARG,rabvs_budgeted_reliable_no_density,0.8333333333333334,6.0,6.0,6.0,1.0,144.5,64.22222222222221,0.02138498724233087,0.006525259028340134,1058.0,0.7966166858900423,5.671077504725898,541.0,0.7416534622510275,0.4429065743944636,0.0,0.1136363636363636,0.0232558139534883,-0.09038054968287519
PPARG,rabvs_hit,0.8333333333333334,6.0,6.0,6.0,1.0,144.5,69.57407407407408,0.02138498724233087,0.006525259028340134,1058.0,0.7966166858900423,5.671077504725898,541.0,0.7416534225145975,0.4429065743944636,0.0,0.1136363636363636,0.0232558139534883,-0.09038054968287519
PPARG,rabvs_reliable,0.8333333333333334,3.0,3.3333333333333335,6.0,1.0,144.5,42.81481481481481,0.02138498724233087,0.006525259028340134,1058.0,0.7966166858900423,5.671077504725898,541.0,0.7416534225145975,0.4429065743944636,0.0,0.1136363636363636,0.0232558139534883,-0.09038054968287519
TP53,boba_ucb,0.71875,16.0,16.0,16.0,1.0,50.6875,35.903645833333336,0.0602236555855411,0.0215350656138726,1056.0,0.7829839704069051,15.15151515151515,512.0,0.7303332090377808,0.4636251541307028,0.020187163811568834,0.2601626016260163,0.1300813008130081,-0.13008130081300806
TP53,greedy_surrogate,0.7239583333333334,16.0,16.0,16.0,1.0,50.6875,35.903645833333336,0.0602236555855411,0.0215350656138726,4866.0,0.0,3.2881216605014383,512.0,0.7303332090377808,0.4636251541307028,0.020187163811568834,0.2601626016260163,0.1300813008130081,-0.13008130081300806
TP53,rabvs_budgeted_reliable,0.71875,15.0,15.333333333333334,16.0,1.0,50.6875,40.127604166666664,0.0602236555855411,0.0215350656138726,1056.0,0.7829839704069051,15.15151515151515,512.0,0.7303332686424255,0.4636251541307028,0.020187163811568834,0.2601626016260163,0.1300813008130081,-0.13008130081300806
TP53,rabvs_budgeted_reliable_no_density,0.71875,16.0,16.0,16.0,1.0,50.6875,35.903645833333336,0.0602236555855411,0.0215350656138726,1056.0,0.7829839704069051,15.15151515151515,512.0,0.7303332487742106,0.4636251541307028,0.020187163811568834,0.2601626016260163,0.1300813008130081,-0.13008130081300806
TP53,rabvs_hit,0.7100694444444445,16.0,16.0,16.0,1.0,50.6875,35.903645833333336,0.0602236555855411,0.0215350656138726,1056.0,0.7829839704069051,15.15151515151515,512.0,0.7303332090377808,0.4636251541307028,0.020187163811568834,0.2601626016260163,0.1300813008130081,-0.13008130081300806
TP53,rabvs_reliable,0.7100694444444445,15.0,15.333333333333334,16.0,1.0,50.6875,40.127604166666664,0.0602236555855411,0.0215350656138726,1056.0,0.7829839704069051,15.15151515151515,512.0,0.7303332686424255,0.4636251541307028,0.020187163811568834,0.2601626016260163,0.1300813008130081,-0.13008130081300806
VDR,boba_ucb,0.7130291005291006,10.333333333333334,17.0,21.333333333333332,0.12929292929292924,52.69858585858586,10.295846915368829,0.008579262608479266,0.0051753531169718,3584.0,0.9880926276620484,5.9523809523809526,716.6666666666666,0.6328415870666504,0.41500000000000004,0.013036644954431666,0.009565563969709,0.0075757575757575335,-0.0019898063939514333
VDR,greedy_surrogate,0.5883632692843219,14.666666666666666,19.666666666666668,23.0,0.13939393939393932,68.91353535353535,11.910881725622763,0.007570136585698501,0.0045519087209551,300990.0,0.0,0.07641449882055877,736.3333333333334,0.6371176640192667,0.467,0.014733433090953665,0.008634096535341232,0.008639870033231701,5.77349789049974e-06
VDR,rabvs_budgeted_reliable,0.7130291005291006,10.0,16.0,19.333333333333332,0.11717171717171711,54.72545454545455,9.690208861523603,0.008579262608479266,0.0051753531169718,3584.0,0.9880926276620484,5.394345238095238,844.0,0.6401160955429077,0.6723333333333333,0.0109642649123918,0.009565563969709,0.0075757575757575335,-0.0019898063939514333
VDR,rabvs_budgeted_reliable_no_density,0.7130291005291006,10.0,15.333333333333334,19.0,0.1151515151515151,54.72545454545455,9.28645015896012,0.008579262608479266,0.0051753531169718,3584.0,0.9880926276620484,5.301339285714286,847.3333333333334,0.6397600173950195,0.6723333333333333,0.010556010223734367,0.009565563969709,0.0075757575757575335,-0.0019898063939514333
VDR,rabvs_hit,0.6925925925925925,10.333333333333334,20.666666666666668,25.0,0.15151515151515146,46.61797979797981,12.51651977946799,0.009857890689305933,0.005721246165257266,3584.0,0.9880926276620484,6.975446428571428,709.0,0.6193188627560934,0.365,0.0175931429886291,0.011159824631327165,0.007974481658692167,-0.0031853429726349664
VDR,rabvs_reliable,0.6925925925925925,11.0,19.0,25.333333333333332,0.1535353535353535,42.56424242424243,11.507123023059279,0.009857890689305933,0.005721246165257266,3584.0,0.9880926276620484,7.0684523809523805,825.0,0.632007360458374,0.5910000000000001,0.016740033146931066,0.011159824631327165,0.007974481658692167,-0.0031853429726349664
