seed,target,method,round,queried_total,new_hits,cumulative_hits,active_ratio_queried,unique_scaffolds_queried,risk_alert_rate_queried
0,T00,greedy_surrogate,1,768,146,178,0.23177083333333334,517,0.09375
0,T00,greedy_surrogate,2,1024,132,310,0.302734375,581,0.0947265625
0,T00,greedy_surrogate,3,1280,102,412,0.321875,649,0.0890625
0,T00,greedy_surrogate,4,1536,122,534,0.34765625,696,0.091796875
0,T00,greedy_surrogate,5,1792,89,623,0.34765625,765,0.09765625
0,T00,greedy_surrogate,6,2048,43,666,0.3251953125,842,0.1005859375
0,T00,greedy_surrogate,7,2304,42,708,0.3072916666666667,897,0.10243055555555555
0,T00,greedy_surrogate,8,2560,39,747,0.291796875,957,0.1
0,T00,boba_ucb,1,768,60,92,0.11979166666666667,570,0.08333333333333333
0,T00,boba_ucb,2,1024,54,146,0.142578125,697,0.09765625
0,T00,boba_ucb,3,1280,25,171,0.13359375,813,0.0953125
0,T00,boba_ucb,4,1536,46,217,0.14127604166666666,884,0.09440104166666667
0,T00,boba_ucb,5,1792,42,259,0.14453125,914,0.09207589285714286
0,T00,boba_ucb,6,2048,1,260,0.126953125,963,0.09033203125
0,T00,boba_ucb,7,2304,4,264,0.11458333333333333,983,0.08940972222222222
0,T00,boba_ucb,8,2560,124,388,0.1515625,1032,0.0875
0,T00,rabvs,1,768,53,85,0.11067708333333333,498,0.08203125
0,T00,rabvs,2,1024,29,114,0.111328125,599,0.0810546875
0,T00,rabvs,3,1280,156,270,0.2109375,662,0.08515625
0,T00,rabvs,4,1536,27,297,0.193359375,768,0.08138020833333333
0,T00,rabvs,5,1792,74,371,0.20703125,809,0.08370535714285714
0,T00,rabvs,6,2048,14,385,0.18798828125,850,0.08154296875
0,T00,rabvs,7,2304,9,394,0.17100694444444445,913,0.08159722222222222
0,T00,rabvs,8,2560,33,427,0.166796875,971,0.080078125
0,T00,rabvs_conf03,1,768,49,81,0.10546875,514,0.08463541666666667
0,T00,rabvs_conf03,2,1024,47,128,0.125,597,0.0927734375
0,T00,rabvs_conf03,3,1280,120,248,0.19375,672,0.09140625
0,T00,rabvs_conf03,4,1536,69,317,0.20638020833333334,724,0.091796875
0,T00,rabvs_conf03,5,1792,13,330,0.18415178571428573,814,0.08872767857142858
0,T00,rabvs_conf03,6,2048,27,357,0.17431640625,874,0.0888671875
0,T00,rabvs_conf03,7,2304,44,401,0.1740451388888889,940,0.08550347222222222
0,T00,rabvs_conf03,8,2560,37,438,0.17109375,1011,0.084375
0,T00,rabvs_no_conf,1,768,43,75,0.09765625,527,0.08333333333333333
0,T00,rabvs_no_conf,2,1024,38,113,0.1103515625,632,0.0849609375
0,T00,rabvs_no_conf,3,1280,23,136,0.10625,705,0.078125
0,T00,rabvs_no_conf,4,1536,34,170,0.11067708333333333,808,0.07942708333333333
0,T00,rabvs_no_conf,5,1792,151,321,0.17912946428571427,867,0.07756696428571429
0,T00,rabvs_no_conf,6,2048,50,371,0.18115234375,940,0.08056640625
0,T00,rabvs_no_conf,7,2304,3,374,0.1623263888888889,975,0.0802951388888889
0,T00,rabvs_no_conf,8,2560,19,393,0.153515625,1033,0.082421875
0,T00,rabvs_mean_final,1,768,53,85,0.11067708333333333,498,0.08203125
0,T00,rabvs_mean_final,2,1024,29,114,0.111328125,599,0.0810546875
0,T00,rabvs_mean_final,3,1280,156,270,0.2109375,662,0.08515625
0,T00,rabvs_mean_final,4,1536,27,297,0.193359375,768,0.08138020833333333
0,T00,rabvs_mean_final,5,1792,74,371,0.20703125,809,0.08370535714285714
0,T00,rabvs_mean_final,6,2048,14,385,0.18798828125,850,0.08154296875
0,T00,rabvs_mean_final,7,2304,9,394,0.17100694444444445,913,0.08159722222222222
0,T00,rabvs_mean_final,8,2560,33,427,0.166796875,971,0.080078125
0,T01,greedy_surrogate,1,768,178,210,0.2734375,492,0.10286458333333333
0,T01,greedy_surrogate,2,1024,173,383,0.3740234375,520,0.095703125
0,T01,greedy_surrogate,3,1280,141,524,0.409375,580,0.09453125
0,T01,greedy_surrogate,4,1536,95,619,0.4029947916666667,647,0.09635416666666667
0,T01,greedy_surrogate,5,1792,77,696,0.38839285714285715,709,0.09765625
0,T01,greedy_surrogate,6,2048,77,773,0.37744140625,755,0.095703125
0,T01,greedy_surrogate,7,2304,67,840,0.3645833333333333,829,0.09331597222222222
0,T01,greedy_surrogate,8,2560,47,887,0.346484375,883,0.090234375
0,T01,boba_ucb,1,768,85,117,0.15234375,553,0.11197916666666667
0,T01,boba_ucb,2,1024,22,139,0.1357421875,681,0.107421875
0,T01,boba_ucb,3,1280,43,182,0.1421875,739,0.096875
0,T01,boba_ucb,4,1536,1,183,0.119140625,873,0.09049479166666667
0,T01,boba_ucb,5,1792,1,184,0.10267857142857142,968,0.08984375
0,T01,boba_ucb,6,2048,21,205,0.10009765625,1008,0.0888671875
0,T01,boba_ucb,7,2304,101,306,0.1328125,1044,0.08984375
0,T01,boba_ucb,8,2560,54,360,0.140625,1078,0.092578125
0,T01,rabvs,1,768,81,113,0.14713541666666666,497,0.10026041666666667
0,T01,rabvs,2,1024,148,261,0.2548828125,532,0.0927734375
0,T01,rabvs,3,1280,34,295,0.23046875,571,0.09140625
0,T01,rabvs,4,1536,23,318,0.20703125,624,0.09114583333333333
0,T01,rabvs,5,1792,90,408,0.22767857142857142,663,0.08649553571428571
0,T01,rabvs,6,2048,96,504,0.24609375,744,0.0859375
0,T01,rabvs,7,2304,42,546,0.23697916666666666,791,0.08680555555555555
0,T01,rabvs,8,2560,17,563,0.219921875,859,0.08671875
0,T01,rabvs_conf03,1,768,69,101,0.13151041666666666,515,0.10416666666666667
0,T01,rabvs_conf03,2,1024,54,155,0.1513671875,591,0.0986328125
0,T01,rabvs_conf03,3,1280,85,240,0.1875,644,0.09296875
0,T01,rabvs_conf03,4,1536,39,279,0.181640625,703,0.08854166666666667
0,T01,rabvs_conf03,5,1792,41,320,0.17857142857142858,774,0.08649553571428571
0,T01,rabvs_conf03,6,2048,34,354,0.1728515625,883,0.08447265625
0,T01,rabvs_conf03,7,2304,82,436,0.1892361111111111,913,0.08506944444444445
0,T01,rabvs_conf03,8,2560,10,446,0.17421875,968,0.084765625
0,T01,rabvs_no_conf,1,768,55,87,0.11328125,538,0.1015625
0,T01,rabvs_no_conf,2,1024,53,140,0.13671875,609,0.1044921875
0,T01,rabvs_no_conf,3,1280,40,180,0.140625,672,0.1015625
0,T01,rabvs_no_conf,4,1536,23,203,0.13216145833333334,768,0.09440104166666667
0,T01,rabvs_no_conf,5,1792,77,280,0.15625,810,0.09263392857142858
0,T01,rabvs_no_conf,6,2048,61,341,0.16650390625,847,0.09326171875
0,T01,rabvs_no_conf,7,2304,1,342,0.1484375,944,0.09635416666666667
0,T01,rabvs_no_conf,8,2560,18,360,0.140625,984,0.0921875
0,T01,rabvs_mean_final,1,768,81,113,0.14713541666666666,497,0.10026041666666667
0,T01,rabvs_mean_final,2,1024,148,261,0.2548828125,532,0.0927734375
0,T01,rabvs_mean_final,3,1280,34,295,0.23046875,571,0.09140625
0,T01,rabvs_mean_final,4,1536,23,318,0.20703125,624,0.09114583333333333
0,T01,rabvs_mean_final,5,1792,90,408,0.22767857142857142,663,0.08649553571428571
0,T01,rabvs_mean_final,6,2048,96,504,0.24609375,744,0.0859375
0,T01,rabvs_mean_final,7,2304,42,546,0.23697916666666666,791,0.08680555555555555
0,T01,rabvs_mean_final,8,2560,17,563,0.219921875,859,0.08671875
0,T02,greedy_surrogate,1,768,177,209,0.2721354166666667,490,0.07161458333333333
0,T02,greedy_surrogate,2,1024,143,352,0.34375,544,0.06640625
0,T02,greedy_surrogate,3,1280,167,519,0.40546875,621,0.06875
0,T02,greedy_surrogate,4,1536,112,631,0.4108072916666667,700,0.072265625
0,T02,greedy_surrogate,5,1792,111,742,0.4140625,795,0.07254464285714286
0,T02,greedy_surrogate,6,2048,74,816,0.3984375,864,0.07275390625
0,T02,greedy_surrogate,7,2304,69,885,0.3841145833333333,923,0.07161458333333333
0,T02,greedy_surrogate,8,2560,48,933,0.364453125,978,0.071875
0,T02,boba_ucb,1,768,70,102,0.1328125,571,0.07421875
0,T02,boba_ucb,2,1024,61,163,0.1591796875,690,0.0810546875
0,T02,boba_ucb,3,1280,12,175,0.13671875,816,0.0875
0,T02,boba_ucb,4,1536,39,214,0.13932291666666666,869,0.08072916666666667
0,T02,boba_ucb,5,1792,0,214,0.11941964285714286,999,0.07979910714285714
0,T02,boba_ucb,6,2048,81,295,0.14404296875,1084,0.08154296875
0,T02,boba_ucb,7,2304,56,351,0.15234375,1151,0.07942708333333333
0,T02,boba_ucb,8,2560,139,490,0.19140625,1191,0.076171875
0,T02,rabvs,1,768,22,54,0.0703125,478,0.06640625
0,T02,rabvs,2,1024,30,84,0.08203125,595,0.0673828125
0,T02,rabvs,3,1280,69,153,0.11953125,673,0.06953125
0,T02,rabvs,4,1536,36,189,0.123046875,741,0.072265625
0,T02,rabvs,5,1792,45,234,0.13058035714285715,851,0.07087053571428571
0,T02,rabvs,6,2048,11,245,0.11962890625,958,0.07080078125
0,T02,rabvs,7,2304,31,276,0.11979166666666667,1020,0.07161458333333333
0,T02,rabvs,8,2560,15,291,0.113671875,1099,0.072265625
0,T02,rabvs_conf03,1,768,17,49,0.06380208333333333,499,0.06640625
0,T02,rabvs_conf03,2,1024,22,71,0.0693359375,608,0.064453125
0,T02,rabvs_conf03,3,1280,29,100,0.078125,697,0.07109375
0,T02,rabvs_conf03,4,1536,14,114,0.07421875,743,0.07421875
0,T02,rabvs_conf03,5,1792,30,144,0.08035714285714286,838,0.07477678571428571
0,T02,rabvs_conf03,6,2048,102,246,0.1201171875,888,0.07568359375
0,T02,rabvs_conf03,7,2304,35,281,0.12196180555555555,940,0.07074652777777778
0,T02,rabvs_conf03,8,2560,27,308,0.1203125,1033,0.073046875
0,T02,rabvs_no_conf,1,768,15,47,0.061197916666666664,515,0.06510416666666667
0,T02,rabvs_no_conf,2,1024,25,72,0.0703125,630,0.068359375
0,T02,rabvs_no_conf,3,1280,61,133,0.10390625,685,0.07109375
0,T02,rabvs_no_conf,4,1536,127,260,0.16927083333333334,761,0.064453125
0,T02,rabvs_no_conf,5,1792,25,285,0.15904017857142858,863,0.06361607142857142
0,T02,rabvs_no_conf,6,2048,41,326,0.1591796875,915,0.06298828125
0,T02,rabvs_no_conf,7,2304,95,421,0.18272569444444445,973,0.06293402777777778
0,T02,rabvs_no_conf,8,2560,23,444,0.1734375,1013,0.06328125
0,T02,rabvs_mean_final,1,768,22,54,0.0703125,478,0.06640625
0,T02,rabvs_mean_final,2,1024,30,84,0.08203125,595,0.0673828125
0,T02,rabvs_mean_final,3,1280,69,153,0.11953125,673,0.06953125
0,T02,rabvs_mean_final,4,1536,36,189,0.123046875,741,0.072265625
0,T02,rabvs_mean_final,5,1792,45,234,0.13058035714285715,851,0.07087053571428571
0,T02,rabvs_mean_final,6,2048,11,245,0.11962890625,958,0.07080078125
0,T02,rabvs_mean_final,7,2304,31,276,0.11979166666666667,1020,0.07161458333333333
0,T02,rabvs_mean_final,8,2560,15,291,0.113671875,1099,0.072265625
1,T00,greedy_surrogate,1,768,207,239,0.3111979166666667,446,0.10026041666666667
1,T00,greedy_surrogate,2,1024,180,419,0.4091796875,449,0.095703125
1,T00,greedy_surrogate,3,1280,133,552,0.43125,485,0.09609375
1,T00,greedy_surrogate,4,1536,138,690,0.44921875,591,0.09244791666666667
1,T00,greedy_surrogate,5,1792,90,780,0.43526785714285715,658,0.09095982142857142
1,T00,greedy_surrogate,6,2048,82,862,0.4208984375,728,0.09033203125
1,T00,greedy_surrogate,7,2304,54,916,0.3975694444444444,795,0.0915798611111111
1,T00,greedy_surrogate,8,2560,27,943,0.368359375,849,0.0890625
1,T00,boba_ucb,1,768,24,56,0.07291666666666667,580,0.10807291666666667
1,T00,boba_ucb,2,1024,33,89,0.0869140625,718,0.107421875
1,T00,boba_ucb,3,1280,65,154,0.1203125,785,0.10078125
1,T00,boba_ucb,4,1536,84,238,0.15494791666666666,838,0.09440104166666667
1,T00,boba_ucb,5,1792,4,242,0.13504464285714285,906,0.09319196428571429
1,T00,boba_ucb,6,2048,50,292,0.142578125,971,0.08935546875
1,T00,boba_ucb,7,2304,5,297,0.12890625,1045,0.0876736111111111
1,T00,boba_ucb,8,2560,42,339,0.132421875,1114,0.089453125
1,T00,rabvs,1,768,29,61,0.07942708333333333,444,0.09505208333333333
1,T00,rabvs,2,1024,30,91,0.0888671875,540,0.08984375
1,T00,rabvs,3,1280,25,116,0.090625,615,0.0859375
1,T00,rabvs,4,1536,6,122,0.07942708333333333,677,0.08528645833333333
1,T00,rabvs,5,1792,21,143,0.07979910714285714,742,0.08649553571428571
1,T00,rabvs,6,2048,78,221,0.10791015625,805,0.0869140625
1,T00,rabvs,7,2304,75,296,0.1284722222222222,901,0.08506944444444445
1,T00,rabvs,8,2560,7,303,0.118359375,937,0.084765625
1,T00,rabvs_conf03,1,768,30,62,0.08072916666666667,450,0.09505208333333333
1,T00,rabvs_conf03,2,1024,27,89,0.0869140625,553,0.095703125
1,T00,rabvs_conf03,3,1280,22,111,0.08671875,632,0.08984375
1,T00,rabvs_conf03,4,1536,68,179,0.11653645833333333,709,0.09375
1,T00,rabvs_conf03,5,1792,41,220,0.12276785714285714,780,0.08816964285714286
1,T00,rabvs_conf03,6,2048,17,237,0.11572265625,832,0.08642578125
1,T00,rabvs_conf03,7,2304,7,244,0.10590277777777778,895,0.0842013888888889
1,T00,rabvs_conf03,8,2560,33,277,0.108203125,948,0.083203125
1,T00,rabvs_no_conf,1,768,32,64,0.08333333333333333,464,0.09635416666666667
1,T00,rabvs_no_conf,2,1024,48,112,0.109375,577,0.08984375
1,T00,rabvs_no_conf,3,1280,61,173,0.13515625,644,0.0890625
1,T00,rabvs_no_conf,4,1536,24,197,0.12825520833333334,743,0.0859375
1,T00,rabvs_no_conf,5,1792,8,205,0.11439732142857142,817,0.08258928571428571
1,T00,rabvs_no_conf,6,2048,27,232,0.11328125,883,0.0810546875
1,T00,rabvs_no_conf,7,2304,32,264,0.11458333333333333,940,0.08333333333333333
1,T00,rabvs_no_conf,8,2560,13,277,0.108203125,1003,0.08125
1,T00,rabvs_mean_final,1,768,29,61,0.07942708333333333,444,0.09505208333333333
1,T00,rabvs_mean_final,2,1024,30,91,0.0888671875,540,0.08984375
1,T00,rabvs_mean_final,3,1280,25,116,0.090625,615,0.0859375
1,T00,rabvs_mean_final,4,1536,6,122,0.07942708333333333,677,0.08528645833333333
1,T00,rabvs_mean_final,5,1792,21,143,0.07979910714285714,742,0.08649553571428571
1,T00,rabvs_mean_final,6,2048,78,221,0.10791015625,805,0.0869140625
1,T00,rabvs_mean_final,7,2304,75,296,0.1284722222222222,901,0.08506944444444445
1,T00,rabvs_mean_final,8,2560,7,303,0.118359375,937,0.084765625
1,T01,greedy_surrogate,1,768,185,217,0.2825520833333333,468,0.09895833333333333
1,T01,greedy_surrogate,2,1024,138,355,0.3466796875,552,0.0986328125
1,T01,greedy_surrogate,3,1280,156,511,0.39921875,636,0.09921875
1,T01,greedy_surrogate,4,1536,120,631,0.4108072916666667,674,0.09700520833333333
1,T01,greedy_surrogate,5,1792,102,733,0.40904017857142855,724,0.09654017857142858
1,T01,greedy_surrogate,6,2048,81,814,0.3974609375,776,0.09619140625
1,T01,greedy_surrogate,7,2304,60,874,0.3793402777777778,832,0.09852430555555555
1,T01,greedy_surrogate,8,2560,43,917,0.358203125,884,0.09453125
1,T01,boba_ucb,1,768,69,101,0.13151041666666666,563,0.08854166666666667
1,T01,boba_ucb,2,1024,29,130,0.126953125,685,0.091796875
1,T01,boba_ucb,3,1280,94,224,0.175,743,0.09765625
1,T01,boba_ucb,4,1536,2,226,0.14713541666666666,891,0.09505208333333333
1,T01,boba_ucb,5,1792,26,252,0.140625,960,0.09319196428571429
1,T01,boba_ucb,6,2048,39,291,0.14208984375,1005,0.09033203125
1,T01,boba_ucb,7,2304,34,325,0.1410590277777778,1055,0.08723958333333333
1,T01,boba_ucb,8,2560,106,431,0.168359375,1115,0.087890625
1,T01,rabvs,1,768,105,137,0.17838541666666666,455,0.08854166666666667
1,T01,rabvs,2,1024,85,222,0.216796875,528,0.0859375
1,T01,rabvs,3,1280,63,285,0.22265625,596,0.08359375
1,T01,rabvs,4,1536,34,319,0.20768229166666666,707,0.08072916666666667
1,T01,rabvs,5,1792,64,383,0.21372767857142858,754,0.08314732142857142
1,T01,rabvs,6,2048,27,410,0.2001953125,797,0.0791015625
1,T01,rabvs,7,2304,12,422,0.1831597222222222,867,0.078125
1,T01,rabvs,8,2560,33,455,0.177734375,934,0.084765625
1,T01,rabvs_conf03,1,768,107,139,0.18098958333333334,458,0.08854166666666667
1,T01,rabvs_conf03,2,1024,60,199,0.1943359375,493,0.0859375
1,T01,rabvs_conf03,3,1280,39,238,0.1859375,573,0.08125
1,T01,rabvs_conf03,4,1536,16,254,0.16536458333333334,640,0.07356770833333333
1,T01,rabvs_conf03,5,1792,13,267,0.14899553571428573,782,0.078125
1,T01,rabvs_conf03,6,2048,66,333,0.16259765625,851,0.07568359375
1,T01,rabvs_conf03,7,2304,80,413,0.1792534722222222,890,0.078125
1,T01,rabvs_conf03,8,2560,33,446,0.17421875,947,0.0828125
1,T01,rabvs_no_conf,1,768,106,138,0.1796875,462,0.09114583333333333
1,T01,rabvs_no_conf,2,1024,74,212,0.20703125,568,0.0869140625
1,T01,rabvs_no_conf,3,1280,69,281,0.21953125,682,0.0890625
1,T01,rabvs_no_conf,4,1536,51,332,0.21614583333333334,771,0.08463541666666667
1,T01,rabvs_no_conf,5,1792,62,394,0.21986607142857142,811,0.08091517857142858
1,T01,rabvs_no_conf,6,2048,34,428,0.208984375,875,0.0810546875
1,T01,rabvs_no_conf,7,2304,34,462,0.20052083333333334,961,0.0798611111111111
1,T01,rabvs_no_conf,8,2560,11,473,0.184765625,1006,0.078125
1,T01,rabvs_mean_final,1,768,105,137,0.17838541666666666,455,0.08854166666666667
1,T01,rabvs_mean_final,2,1024,85,222,0.216796875,528,0.0859375
1,T01,rabvs_mean_final,3,1280,63,285,0.22265625,596,0.08359375
1,T01,rabvs_mean_final,4,1536,34,319,0.20768229166666666,707,0.08072916666666667
1,T01,rabvs_mean_final,5,1792,64,383,0.21372767857142858,754,0.08314732142857142
1,T01,rabvs_mean_final,6,2048,27,410,0.2001953125,797,0.0791015625
1,T01,rabvs_mean_final,7,2304,12,422,0.1831597222222222,867,0.078125
1,T01,rabvs_mean_final,8,2560,33,455,0.177734375,934,0.084765625
1,T02,greedy_surrogate,1,768,235,267,0.34765625,455,0.10546875
1,T02,greedy_surrogate,2,1024,166,433,0.4228515625,456,0.09765625
1,T02,greedy_surrogate,3,1280,133,566,0.4421875,560,0.09453125
1,T02,greedy_surrogate,4,1536,159,725,0.4720052083333333,647,0.08854166666666667
1,T02,greedy_surrogate,5,1792,101,826,0.4609375,717,0.08984375
1,T02,greedy_surrogate,6,2048,69,895,0.43701171875,773,0.0927734375
1,T02,greedy_surrogate,7,2304,50,945,0.41015625,832,0.09288194444444445
1,T02,greedy_surrogate,8,2560,41,986,0.38515625,894,0.091015625
1,T02,boba_ucb,1,768,59,91,0.11848958333333333,605,0.10416666666666667
1,T02,boba_ucb,2,1024,57,148,0.14453125,703,0.1025390625
1,T02,boba_ucb,3,1280,32,180,0.140625,850,0.09765625
1,T02,boba_ucb,4,1536,66,246,0.16015625,897,0.09505208333333333
1,T02,boba_ucb,5,1792,37,283,0.15792410714285715,933,0.09430803571428571
1,T02,boba_ucb,6,2048,0,283,0.13818359375,1048,0.0966796875
1,T02,boba_ucb,7,2304,14,297,0.12890625,1124,0.09418402777777778
1,T02,boba_ucb,8,2560,98,395,0.154296875,1188,0.093359375
1,T02,rabvs,1,768,62,94,0.12239583333333333,506,0.09244791666666667
1,T02,rabvs,2,1024,53,147,0.1435546875,605,0.08984375
1,T02,rabvs,3,1280,63,210,0.1640625,705,0.08828125
1,T02,rabvs,4,1536,28,238,0.15494791666666666,770,0.08919270833333333
1,T02,rabvs,5,1792,19,257,0.14341517857142858,831,0.08761160714285714
1,T02,rabvs,6,2048,18,275,0.13427734375,930,0.08447265625
1,T02,rabvs,7,2304,32,307,0.1332465277777778,952,0.08159722222222222
1,T02,rabvs,8,2560,10,317,0.123828125,1012,0.0828125
1,T02,rabvs_conf03,1,768,56,88,0.11458333333333333,513,0.09375
1,T02,rabvs_conf03,2,1024,27,115,0.1123046875,622,0.0859375
1,T02,rabvs_conf03,3,1280,152,267,0.20859375,647,0.07890625
1,T02,rabvs_conf03,4,1536,108,375,0.244140625,718,0.078125
1,T02,rabvs_conf03,5,1792,62,437,0.24386160714285715,773,0.07700892857142858
1,T02,rabvs_conf03,6,2048,32,469,0.22900390625,871,0.07666015625
1,T02,rabvs_conf03,7,2304,13,482,0.2092013888888889,917,0.07378472222222222
1,T02,rabvs_conf03,8,2560,15,497,0.194140625,991,0.071875
1,T02,rabvs_no_conf,1,768,53,85,0.11067708333333333,521,0.09114583333333333
1,T02,rabvs_no_conf,2,1024,56,141,0.1376953125,645,0.0888671875
1,T02,rabvs_no_conf,3,1280,54,195,0.15234375,734,0.08515625
1,T02,rabvs_no_conf,4,1536,8,203,0.13216145833333334,812,0.08658854166666667
1,T02,rabvs_no_conf,5,1792,39,242,0.13504464285714285,901,0.08705357142857142
1,T02,rabvs_no_conf,6,2048,41,283,0.13818359375,985,0.0869140625
1,T02,rabvs_no_conf,7,2304,40,323,0.1401909722222222,1037,0.0859375
1,T02,rabvs_no_conf,8,2560,16,339,0.132421875,1080,0.08203125
1,T02,rabvs_mean_final,1,768,62,94,0.12239583333333333,506,0.09244791666666667
1,T02,rabvs_mean_final,2,1024,53,147,0.1435546875,605,0.08984375
1,T02,rabvs_mean_final,3,1280,63,210,0.1640625,705,0.08828125
1,T02,rabvs_mean_final,4,1536,28,238,0.15494791666666666,770,0.08919270833333333
1,T02,rabvs_mean_final,5,1792,19,257,0.14341517857142858,831,0.08761160714285714
1,T02,rabvs_mean_final,6,2048,18,275,0.13427734375,930,0.08447265625
1,T02,rabvs_mean_final,7,2304,32,307,0.1332465277777778,952,0.08159722222222222
1,T02,rabvs_mean_final,8,2560,10,317,0.123828125,1012,0.0828125
2,T00,greedy_surrogate,1,768,172,204,0.265625,557,0.09765625
2,T00,greedy_surrogate,2,1024,181,385,0.3759765625,619,0.0966796875
2,T00,greedy_surrogate,3,1280,128,513,0.40078125,699,0.09375
2,T00,greedy_surrogate,4,1536,116,629,0.4095052083333333,767,0.09244791666666667
2,T00,greedy_surrogate,5,1792,76,705,0.39341517857142855,849,0.09319196428571429
2,T00,greedy_surrogate,6,2048,67,772,0.376953125,912,0.0908203125
2,T00,greedy_surrogate,7,2304,52,824,0.3576388888888889,962,0.0915798611111111
2,T00,greedy_surrogate,8,2560,40,864,0.3375,1013,0.0921875
2,T00,boba_ucb,1,768,117,149,0.19401041666666666,582,0.10026041666666667
2,T00,boba_ucb,2,1024,38,187,0.1826171875,719,0.09765625
2,T00,boba_ucb,3,1280,59,246,0.1921875,815,0.08984375
2,T00,boba_ucb,4,1536,14,260,0.16927083333333334,953,0.09114583333333333
2,T00,boba_ucb,5,1792,38,298,0.16629464285714285,1013,0.09207589285714286
2,T00,boba_ucb,6,2048,77,375,0.18310546875,1041,0.091796875
2,T00,boba_ucb,7,2304,0,375,0.16276041666666666,1163,0.0915798611111111
2,T00,boba_ucb,8,2560,71,446,0.17421875,1214,0.08828125
2,T00,rabvs,1,768,22,54,0.0703125,494,0.09244791666666667
2,T00,rabvs,2,1024,47,101,0.0986328125,567,0.0908203125
2,T00,rabvs,3,1280,62,163,0.12734375,663,0.090625
2,T00,rabvs,4,1536,22,185,0.12044270833333333,747,0.09114583333333333
2,T00,rabvs,5,1792,34,219,0.12220982142857142,797,0.08928571428571429
2,T00,rabvs,6,2048,57,276,0.134765625,861,0.0849609375
2,T00,rabvs,7,2304,15,291,0.12630208333333334,973,0.08289930555555555
2,T00,rabvs,8,2560,48,339,0.132421875,1022,0.08359375
2,T00,rabvs_conf03,1,768,24,56,0.07291666666666667,501,0.09244791666666667
2,T00,rabvs_conf03,2,1024,32,88,0.0859375,613,0.0908203125
2,T00,rabvs_conf03,3,1280,32,120,0.09375,702,0.08515625
2,T00,rabvs_conf03,4,1536,16,136,0.08854166666666667,771,0.08268229166666667
2,T00,rabvs_conf03,5,1792,23,159,0.08872767857142858,820,0.08203125
2,T00,rabvs_conf03,6,2048,18,177,0.08642578125,882,0.07861328125
2,T00,rabvs_conf03,7,2304,14,191,0.08289930555555555,982,0.07682291666666667
2,T00,rabvs_conf03,8,2560,36,227,0.088671875,1071,0.081640625
2,T00,rabvs_no_conf,1,768,29,61,0.07942708333333333,516,0.09244791666666667
2,T00,rabvs_no_conf,2,1024,65,126,0.123046875,644,0.0869140625
2,T00,rabvs_no_conf,3,1280,29,155,0.12109375,769,0.08203125
2,T00,rabvs_no_conf,4,1536,40,195,0.126953125,895,0.078125
2,T00,rabvs_no_conf,5,1792,108,303,0.16908482142857142,944,0.08370535714285714
2,T00,rabvs_no_conf,6,2048,41,344,0.16796875,1005,0.08203125
2,T00,rabvs_no_conf,7,2304,14,358,0.15538194444444445,1063,0.08289930555555555
2,T00,rabvs_no_conf,8,2560,31,389,0.151953125,1099,0.08046875
2,T00,rabvs_mean_final,1,768,22,54,0.0703125,494,0.09244791666666667
2,T00,rabvs_mean_final,2,1024,47,101,0.0986328125,567,0.0908203125
2,T00,rabvs_mean_final,3,1280,62,163,0.12734375,663,0.090625
2,T00,rabvs_mean_final,4,1536,22,185,0.12044270833333333,747,0.09114583333333333
2,T00,rabvs_mean_final,5,1792,34,219,0.12220982142857142,797,0.08928571428571429
2,T00,rabvs_mean_final,6,2048,57,276,0.134765625,861,0.0849609375
2,T00,rabvs_mean_final,7,2304,15,291,0.12630208333333334,973,0.08289930555555555
2,T00,rabvs_mean_final,8,2560,48,339,0.132421875,1022,0.08359375
2,T01,greedy_surrogate,1,768,224,256,0.3333333333333333,524,0.109375
2,T01,greedy_surrogate,2,1024,177,433,0.4228515625,555,0.1005859375
2,T01,greedy_surrogate,3,1280,164,597,0.46640625,633,0.0953125
2,T01,greedy_surrogate,4,1536,155,752,0.4895833333333333,693,0.095703125
2,T01,greedy_surrogate,5,1792,94,846,0.4720982142857143,762,0.09709821428571429
2,T01,greedy_surrogate,6,2048,72,918,0.4482421875,824,0.0947265625
2,T01,greedy_surrogate,7,2304,32,950,0.4123263888888889,908,0.09678819444444445
2,T01,greedy_surrogate,8,2560,28,978,0.38203125,959,0.095703125
2,T01,boba_ucb,1,768,53,85,0.11067708333333333,569,0.10546875
2,T01,boba_ucb,2,1024,66,151,0.1474609375,654,0.1005859375
2,T01,boba_ucb,3,1280,74,225,0.17578125,731,0.09296875
2,T01,boba_ucb,4,1536,176,401,0.2610677083333333,785,0.09440104166666667
2,T01,boba_ucb,5,1792,1,402,0.22433035714285715,916,0.09430803571428571
2,T01,boba_ucb,6,2048,6,408,0.19921875,1031,0.09326171875
2,T01,boba_ucb,7,2304,161,569,0.24696180555555555,1069,0.09375
2,T01,boba_ucb,8,2560,123,692,0.2703125,1119,0.09140625
2,T01,rabvs,1,768,47,79,0.10286458333333333,513,0.08984375
2,T01,rabvs,2,1024,33,112,0.109375,594,0.09375
2,T01,rabvs,3,1280,31,143,0.11171875,683,0.09765625
2,T01,rabvs,4,1536,65,208,0.13541666666666666,721,0.09440104166666667
2,T01,rabvs,5,1792,29,237,0.13225446428571427,848,0.09877232142857142
2,T01,rabvs,6,2048,81,318,0.1552734375,890,0.10400390625
2,T01,rabvs,7,2304,6,324,0.140625,942,0.10286458333333333
2,T01,rabvs,8,2560,111,435,0.169921875,986,0.098046875
2,T01,rabvs_conf03,1,768,48,80,0.10416666666666667,519,0.09114583333333333
2,T01,rabvs_conf03,2,1024,40,120,0.1171875,600,0.08984375
2,T01,rabvs_conf03,3,1280,20,140,0.109375,743,0.09140625
2,T01,rabvs_conf03,4,1536,13,153,0.099609375,830,0.09049479166666667
2,T01,rabvs_conf03,5,1792,107,260,0.14508928571428573,872,0.09040178571428571
2,T01,rabvs_conf03,6,2048,33,293,0.14306640625,928,0.08447265625
2,T01,rabvs_conf03,7,2304,145,438,0.19010416666666666,974,0.0842013888888889
2,T01,rabvs_conf03,8,2560,103,541,0.211328125,1012,0.08515625
2,T01,rabvs_no_conf,1,768,48,80,0.10416666666666667,533,0.09375
2,T01,rabvs_no_conf,2,1024,18,98,0.095703125,664,0.0869140625
2,T01,rabvs_no_conf,3,1280,24,122,0.0953125,739,0.07734375
2,T01,rabvs_no_conf,4,1536,45,167,0.10872395833333333,811,0.07942708333333333
2,T01,rabvs_no_conf,5,1792,34,201,0.11216517857142858,901,0.07645089285714286
2,T01,rabvs_no_conf,6,2048,13,214,0.1044921875,954,0.07763671875
2,T01,rabvs_no_conf,7,2304,43,257,0.1115451388888889,984,0.07682291666666667
2,T01,rabvs_no_conf,8,2560,0,257,0.100390625,1110,0.07109375
2,T01,rabvs_mean_final,1,768,47,79,0.10286458333333333,513,0.08984375
2,T01,rabvs_mean_final,2,1024,33,112,0.109375,594,0.09375
2,T01,rabvs_mean_final,3,1280,31,143,0.11171875,683,0.09765625
2,T01,rabvs_mean_final,4,1536,65,208,0.13541666666666666,721,0.09440104166666667
2,T01,rabvs_mean_final,5,1792,29,237,0.13225446428571427,848,0.09877232142857142
2,T01,rabvs_mean_final,6,2048,81,318,0.1552734375,890,0.10400390625
2,T01,rabvs_mean_final,7,2304,6,324,0.140625,942,0.10286458333333333
2,T01,rabvs_mean_final,8,2560,111,435,0.169921875,986,0.098046875
2,T02,greedy_surrogate,1,768,160,192,0.25,499,0.10677083333333333
2,T02,greedy_surrogate,2,1024,147,339,0.3310546875,570,0.103515625
2,T02,greedy_surrogate,3,1280,124,463,0.36171875,629,0.10625
2,T02,greedy_surrogate,4,1536,99,562,0.3658854166666667,713,0.10677083333333333
2,T02,greedy_surrogate,5,1792,89,651,0.36328125,791,0.11383928571428571
2,T02,greedy_surrogate,6,2048,75,726,0.3544921875,857,0.1142578125
2,T02,greedy_surrogate,7,2304,58,784,0.3402777777777778,907,0.1150173611111111
2,T02,greedy_surrogate,8,2560,41,825,0.322265625,970,0.115625
2,T02,boba_ucb,1,768,28,60,0.078125,537,0.11067708333333333
2,T02,boba_ucb,2,1024,59,119,0.1162109375,657,0.1123046875
2,T02,boba_ucb,3,1280,12,131,0.10234375,772,0.10703125
2,T02,boba_ucb,4,1536,32,163,0.10611979166666667,823,0.10416666666666667
2,T02,boba_ucb,5,1792,7,170,0.09486607142857142,957,0.09765625
2,T02,boba_ucb,6,2048,33,203,0.09912109375,991,0.1015625
2,T02,boba_ucb,7,2304,7,210,0.09114583333333333,1101,0.09895833333333333
2,T02,boba_ucb,8,2560,100,310,0.12109375,1186,0.1015625
2,T02,rabvs,1,768,123,155,0.20182291666666666,479,0.10677083333333333
2,T02,rabvs,2,1024,33,188,0.18359375,566,0.0986328125
2,T02,rabvs,3,1280,25,213,0.16640625,629,0.096875
2,T02,rabvs,4,1536,51,264,0.171875,694,0.10091145833333333
2,T02,rabvs,5,1792,82,346,0.19308035714285715,749,0.10100446428571429
2,T02,rabvs,6,2048,28,374,0.1826171875,834,0.09765625
2,T02,rabvs,7,2304,8,382,0.1657986111111111,912,0.09722222222222222
2,T02,rabvs,8,2560,17,399,0.155859375,988,0.0953125
2,T02,rabvs_conf03,1,768,122,154,0.20052083333333334,493,0.10416666666666667
2,T02,rabvs_conf03,2,1024,28,182,0.177734375,581,0.1005859375
2,T02,rabvs_conf03,3,1280,73,255,0.19921875,678,0.0984375
2,T02,rabvs_conf03,4,1536,14,269,0.17513020833333334,761,0.09505208333333333
2,T02,rabvs_conf03,5,1792,40,309,0.17243303571428573,833,0.09486607142857142
2,T02,rabvs_conf03,6,2048,10,319,0.15576171875,920,0.09130859375
2,T02,rabvs_conf03,7,2304,17,336,0.14583333333333334,973,0.09071180555555555
2,T02,rabvs_conf03,8,2560,103,439,0.171484375,1017,0.094921875
2,T02,rabvs_no_conf,1,768,120,152,0.19791666666666666,502,0.09895833333333333
2,T02,rabvs_no_conf,2,1024,76,228,0.22265625,577,0.1015625
2,T02,rabvs_no_conf,3,1280,23,251,0.19609375,663,0.0984375
2,T02,rabvs_no_conf,4,1536,10,261,0.169921875,728,0.099609375
2,T02,rabvs_no_conf,5,1792,69,330,0.18415178571428573,817,0.09598214285714286
2,T02,rabvs_no_conf,6,2048,29,359,0.17529296875,877,0.09228515625
2,T02,rabvs_no_conf,7,2304,20,379,0.1644965277777778,935,0.09635416666666667
2,T02,rabvs_no_conf,8,2560,9,388,0.1515625,976,0.09921875
2,T02,rabvs_mean_final,1,768,123,155,0.20182291666666666,479,0.10677083333333333
2,T02,rabvs_mean_final,2,1024,33,188,0.18359375,566,0.0986328125
2,T02,rabvs_mean_final,3,1280,25,213,0.16640625,629,0.096875
2,T02,rabvs_mean_final,4,1536,51,264,0.171875,694,0.10091145833333333
2,T02,rabvs_mean_final,5,1792,82,346,0.19308035714285715,749,0.10100446428571429
2,T02,rabvs_mean_final,6,2048,28,374,0.1826171875,834,0.09765625
2,T02,rabvs_mean_final,7,2304,8,382,0.1657986111111111,912,0.09722222222222222
2,T02,rabvs_mean_final,8,2560,17,399,0.155859375,988,0.0953125
