target,method,AUBC,Hit@100,Hit@500,Hit@1000,Recall@1000,EF_0.1pct,EF_1pct,BEDROC_alpha20,ECE,Brier,neural_inferences,inference_saved_ratio,hits_per_1000_inferences,unique_scaffold_count@1000,mean_pairwise_cosine_distance_at1000,mean_pairwise_tanimoto_at1000,PAINS_Brenk_free_ratio_at1000,PAINS_free_ratio_at1000,Brenk_free_ratio_at1000,unseen_initial_scaffold_hit_rate_at1000,high_score_high_unc_hit_rate,high_score_low_unc_hit_rate,false_confidence_gap
aa2ar,boba_ucb,0.7142112043088248,100.0,444.3333333333333,469.3333333333333,0.9737206085753803,66.4564315352697,66.4564315352697,0.9825385874370585,0.4543892577056518,0.22160128334519194,4096.0,0.984015984015984,114.58333333333333,962.3333333333334,0.5580963293711344,0.12943789758172752,0.6819999999999999,0.9586666666666667,0.6873333333333332,0.46659301125997016,0.05222638368705781,0.24739908447773615,0.19517270079067828
aa2ar,rabvs_budgeted_no_ucb,0.8008027847273632,100.0,416.6666666666667,476.3333333333333,0.9882434301521439,66.4564315352697,66.4564315352697,0.979258982731413,0.45405476472671863,0.21883505649354074,4096.0,0.984015984015984,116.29231770833333,981.3333333333334,0.569344182809194,0.12252409797329729,0.7716666666666666,0.9713333333333333,0.775,0.4708614083304632,0.052642530170620004,0.24698293799417392,0.19434040782355386
abl1,boba_ucb,0.8227348608375862,100.0,173.33333333333334,176.0,0.967032967032967,60.06593406593407,60.06593406593407,0.9567954278567058,0.4507698988572648,0.22139723193489927,3072.0,0.964873765093304,57.291666666666664,929.0,0.611706813176473,0.10538809029149476,0.5476666666666666,0.9243333333333333,0.5743333333333333,0.16861168461820195,0.060938452163315004,0.2614259597806215,0.20048750761730647
abl1,rabvs_budgeted_no_ucb,0.8429895145589978,100.0,177.33333333333334,178.66666666666666,0.9816849816849816,60.06593406593407,59.14749470712774,0.957555637659199,0.4495380108076186,0.21727244627337394,3072.0,0.964873765093304,58.15972222222223,984.3333333333334,0.6054519613583883,0.10907076361676372,0.7943333333333333,0.9683333333333333,0.8043333333333335,0.16829035478959123,0.059110298598415566,0.2699573430834857,0.21084704448507005
ace,boba_ucb,0.8613899988899988,100.0,280.6666666666667,280.6666666666667,0.9952718676122932,60.92907801418439,60.92907801418439,0.9963170577924023,0.4526882539428054,0.2195523746959517,3328.0,0.9757886159934815,84.3349358974359,805.6666666666666,0.5514804124832153,0.11893820460026557,0.4409999999999999,0.973,0.4449999999999999,0.28935692524647005,0.012779893579666633,0.31470685538422494,0.3019269618045582
ace,rabvs_budgeted_no_ucb,0.8694507767646066,94.33333333333333,281.3333333333333,281.6666666666667,0.9988179669030733,60.92907801418439,58.921724668755836,0.9937183139037132,0.45249033992575655,0.21587739829389552,3328.0,0.9757886159934815,84.63541666666667,979.6666666666666,0.5522725582122803,0.12718329529765204,0.7636666666666666,0.9899999999999999,0.7646666666666667,0.2682178901710434,0.015891472868217,0.3119906868451688,0.2960992139769517
aces,boba_ucb,0.7590891221319934,100.0,392.0,419.0,0.924944812362031,58.94701986754967,58.94701986754967,0.9417100737074966,0.4530687298950233,0.22443418299186915,3840.0,0.982024491630154,109.11458333333333,927.0,0.6021297772725424,0.11591909638387976,0.365,0.9233333333333333,0.38466666666666666,0.4208568010836815,0.08308383233532927,0.24569288389513103,0.16260905155980168
aces,rabvs_budgeted_no_ucb,0.7916857877902933,94.66666666666667,420.0,432.0,0.9536423841059603,58.94701986754967,49.527271374358214,0.9449389775794828,0.45267953546051176,0.21997672098901144,3840.0,0.982024491630154,112.5,964.0,0.6065433224042257,0.11153083693079076,0.48233333333333334,0.943,0.49499999999999994,0.4311907762684964,0.07460079840319357,0.25692883895131086,0.18232804054811722
ada,boba_ucb,0.8738799283154122,92.33333333333333,93.0,93.0,1.0,59.6021505376344,59.6021505376344,0.9964307852923099,0.44731896711025704,0.21081995652330135,2781.0,0.9372857658307776,33.441208198489754,683.0,0.6616537570953369,0.10095541937974473,0.5236666666666667,0.9616666666666666,0.5386666666666666,0.06736321461557307,0.007194244604316499,0.3285198555956679,0.3213256109913513
ada,rabvs_budgeted_no_ucb,0.8720878136200717,93.0,93.0,93.0,1.0,59.6021505376344,58.15724991854024,0.9966813411192881,0.4473507779274318,0.2107114195947529,2781.0,0.9372857658307776,33.441208198489754,833.3333333333334,0.6677059133847555,0.0993365985610535,0.8236666666666667,0.9886666666666667,0.8286666666666668,0.0576431449567077,0.0047961630695443,0.33092659446450057,0.32613043139495623
ada17,boba_ucb,0.7673969709559988,100.0,492.0,527.3333333333334,0.9912280701754387,68.4812030075188,68.4812030075188,0.9927423929614324,0.4553734430546336,0.2212109442797171,4352.0,0.9850680720245938,121.17034313725492,924.6666666666666,0.5111257433891296,0.15450811107407517,0.245,0.9543333333333334,0.254,0.5328709664922968,0.03859444079482816,0.2528357116721551,0.21424127087732692
ada17,rabvs_budgeted_no_ucb,0.8021570064976137,74.0,474.0,531.0,0.9981203007518796,41.849624060150376,63.58968850698174,0.98347713274215,0.45471036833182227,0.21820306884302912,4352.0,0.9850680720245938,122.01286764705884,978.3333333333334,0.509813149770101,0.15211162608325132,0.4013333333333333,0.9726666666666667,0.4056666666666667,0.5258736972745265,0.0332906217842147,0.25869008415660444,0.2253994623723897
adrb1,boba_ucb,0.8605725132490827,100.0,239.0,241.33333333333334,0.9770580296896085,65.17004048582996,65.17004048582996,0.9774021745500665,0.45394397962979327,0.22086684993711866,3328.0,0.9741566751568614,72.51602564102564,840.3333333333334,0.6055821577707926,0.10866298145883979,0.47533333333333333,0.9090000000000001,0.5103333333333334,0.26061333065831954,0.03478260869565213,0.26832298136645955,0.2335403726708074
adrb1,rabvs_budgeted_no_ucb,0.8420360563304522,88.0,244.66666666666666,246.33333333333334,0.9973009446693658,65.17004048582996,60.31264616390475,0.9841612078666367,0.45333649247025404,0.21825405133207024,3328.0,0.9741566751568614,74.01842948717949,979.6666666666666,0.6139771342277527,0.10643475993410267,0.7193333333333333,0.9579999999999999,0.7306666666666667,0.23821158038186394,0.0335403726708074,0.2728778467908903,0.2393374741200828
adrb2,boba_ucb,0.8511591737564497,100.0,224.33333333333334,228.33333333333334,0.9884559884559886,65.93506493506494,65.93506493506494,0.9794883166734977,0.4543523572428771,0.2220566563746571,3328.0,0.9726872825159217,68.60977564102564,838.6666666666666,0.6104110479354858,0.10733889529055596,0.4676666666666666,0.9246666666666666,0.49366666666666664,0.24069510371360836,0.0345581802274715,0.2659667541557305,0.23140857392825895
adrb2,rabvs_budgeted_no_ucb,0.8477979609791441,87.66666666666667,229.0,229.66666666666666,0.9942279942279941,65.93506493506494,60.585070631123266,0.9818348127620103,0.4541127267321934,0.21974962469684414,3328.0,0.9726872825159217,69.01041666666667,974.6666666666666,0.6223307251930237,0.10203734322710954,0.7273333333333333,0.9606666666666666,0.738,0.2197995368890234,0.03937007874015743,0.2637795275590551,0.2244094488188976
akt1,boba_ucb,0.8135062066147675,100.0,278.3333333333333,282.3333333333333,0.9635949943117179,57.143344709897605,57.143344709897605,0.968367065478351,0.44872890317129904,0.21645763510342272,3328.0,0.9751537956160784,84.83573717948718,911.0,0.6139167547225952,0.1081708936956322,0.6096666666666667,0.9566666666666667,0.6226666666666666,0.28247477224629186,0.042959427207637235,0.30067702110712863,0.2577175938994914
akt1,rabvs_budgeted_no_ucb,0.851315984578885,100.0,281.0,282.0,0.962457337883959,57.143344709897605,57.143344709897605,0.9669650079718831,0.44854192321596414,0.2139743371953232,3328.0,0.9751537956160784,84.73557692307693,988.3333333333334,0.6186539133389791,0.10715226369733262,0.8923333333333333,0.9916666666666667,0.8943333333333333,0.27152098837492095,0.037390612569610134,0.309836718438869,0.2724461058692587
akt2,boba_ucb,0.8507261994002998,100.0,117.0,117.0,1.0,59.97435897435898,59.97435897435898,0.9972312220633057,0.4501604889418031,0.2179735443670748,2816.0,0.9498361122987032,41.54829545454545,822.0,0.6482060154279073,0.09389075286787463,0.5256666666666666,0.92,0.5596666666666666,0.11672779428562641,0.0351377018043684,0.29819563152896483,0.26305792972459635
akt2,rabvs_budgeted_no_ucb,0.8692851090480401,92.0,117.0,117.0,1.0,59.97435897435898,59.97435897435898,0.9940583184993813,0.44968158539393027,0.21538746375766085,2816.0,0.9498361122987032,41.54829545454545,954.3333333333334,0.6461823185284933,0.09706971500852886,0.8106666666666668,0.969,0.8253333333333334,0.10779188424700849,0.03798670465337126,0.29534662867996203,0.25735992402659064
aldr,boba_ucb,0.8324346168693303,100.0,159.0,159.0,1.0,57.60377358490566,57.60377358490566,0.9978254890574481,0.4470979447785388,0.21509304721336178,3072.0,0.9580740255486407,51.7578125,844.0,0.6473120252291361,0.09582631475917842,0.4323333333333333,0.9433333333333334,0.4433333333333333,0.16462389479336412,0.05021834061135366,0.296943231441048,0.2467248908296943
aldr,rabvs_budgeted_no_ucb,0.8618972746331237,81.33333333333333,159.0,159.0,1.0,57.60377358490566,45.916051408258134,0.9765679484426096,0.4470350430060468,0.21247205697635096,3072.0,0.9580740255486407,51.7578125,976.0,0.6397652626037598,0.09927656617674017,0.7596666666666666,0.9656666666666666,0.7646666666666667,0.14979246894004838,0.05749636098981073,0.28966521106259097,0.23216885007278018
ampc,boba_ucb,0.8441890648506339,46.333333333333336,48.0,48.0,1.0,60.37499999999999,60.37499999999999,0.9795187711291861,0.4470765660760385,0.22537448647075556,2675.0,0.8846187025534852,17.94392523364486,685.0,0.6571798920631409,0.10395317940435866,0.5586666666666668,0.9756666666666667,0.561,0.021928288786580968,0.09425287356321833,0.232183908045977,0.1379310344827586
ampc,rabvs_budgeted_no_ucb,0.84765625,38.333333333333336,48.0,48.0,1.0,60.37499999999999,29.840517241379306,0.8256990132377521,0.44569523435598485,0.22306693821419402,2675.0,0.8846187025534852,17.94392523364486,791.3333333333334,0.6521620949109396,0.10546725035298617,0.7416666666666667,0.9856666666666666,0.7436666666666666,0.0201571155192618,0.08735632183908039,0.2436781609195402,0.15632183908045974
andr,boba_ucb,0.7453600093487895,100.0,255.66666666666666,262.0,0.9739776951672864,54.34572490706321,54.34572490706321,0.9645214099747615,0.44640764700987834,0.2166180665189749,3328.0,0.9715438812504275,78.72596153846153,865.3333333333334,0.6442293127377828,0.09332381115730408,0.44399999999999995,0.9133333333333334,0.4666666666666666,0.27502945371331483,0.0725034199726402,0.2886456908344733,0.2161422708618331
andr,rabvs_budgeted_no_ucb,0.8073071518840002,100.0,261.3333333333333,263.6666666666667,0.980173482032218,54.34572490706321,48.88633701685594,0.9502010018703716,0.44655394757460654,0.2147475660440621,3328.0,0.9715438812504275,79.22676282051282,944.3333333333334,0.6392330725987753,0.0936980511773695,0.6309999999999999,0.9366666666666666,0.6483333333333333,0.26089687643124543,0.0829913360693114,0.28089375284997714,0.1979024167806657
aofb,boba_ucb,0.7473498887119171,98.66666666666667,118.66666666666667,121.33333333333333,0.9945355191256832,57.55737704918033,57.55737704918033,0.9571096114563136,0.4457068087877298,0.21961118854968595,2816.0,0.9498718313870692,43.08712121212121,862.6666666666666,0.6794623335202535,0.08732889020064853,0.4726666666666666,0.9436666666666667,0.48900000000000005,0.1220461219554327,0.08996212121212117,0.25356125356125353,0.1635991323491323
aofb,rabvs_budgeted_no_ucb,0.7934415174471993,43.333333333333336,120.33333333333333,122.0,1.0,57.55737704918033,34.5344262295082,0.8767491297898659,0.44532047465003427,0.21897751961788783,2816.0,0.9498718313870692,43.32386363636365,945.6666666666666,0.6846897602081299,0.08516946104826938,0.6403333333333333,0.9579999999999999,0.6526666666666666,0.11312679413597589,0.08617424242424239,0.26020892687559355,0.1740346844513511
bace1,boba_ucb,0.7733815812908739,100.0,275.0,280.0,0.9893992932862191,64.95759717314488,64.95759717314488,0.986068609644382,0.4524172269288467,0.2213529714323573,3584.0,0.9756296578360443,78.125,884.3333333333334,0.5900184313456217,0.11503738333404312,0.5976666666666667,0.9390000000000001,0.6156666666666667,0.275135870597913,0.040217391304347795,0.26623141095393543,0.22601401964958756
bace1,rabvs_budgeted_no_ucb,0.8416418650793651,100.0,278.3333333333333,279.6666666666667,0.9882214369846879,64.95759717314488,64.95759717314488,0.9808424055058466,0.452562430845294,0.21835886392064532,3584.0,0.9756296578360443,78.03199404761905,971.6666666666666,0.5878965258598328,0.11281239717075926,0.8416666666666667,0.9813333333333333,0.8436666666666666,0.26986633017402445,0.0402173913043478,0.26623141095393543,0.22601401964958756
braf,boba_ucb,0.8632278756251358,100.0,149.66666666666666,150.33333333333334,0.9890350877192983,66.46052631578948,66.46052631578948,0.9881482116632069,0.4533170864200169,0.22038741718009702,3072.0,0.96198772520293,48.93663194444445,946.3333333333334,0.6058342456817627,0.10971275497398365,0.6103333333333333,0.915,0.6413333333333333,0.13997949203779902,0.017786561264822066,0.2798679867986798,0.2620814255338577
braf,rabvs_budgeted_no_ucb,0.868756438557763,100.0,151.0,151.0,0.9934210526315791,66.46052631578948,66.46052631578948,0.9898452722128482,0.45270237989360557,0.21620125410071803,3072.0,0.96198772520293,49.153645833333336,994.6666666666666,0.6081823309262594,0.1113962265822956,0.904,0.9856666666666666,0.9093333333333334,0.13817896478409183,0.017786561264822066,0.28250825082508246,0.2647216895602604
cah2,boba_ucb,0.8299104656513712,100.0,481.6666666666667,489.3333333333333,0.9945799457994581,64.35772357723577,64.35772357723577,0.9950080044323193,0.4551277783218049,0.22048646052023502,4096.0,0.9838302172814553,119.46614583333333,875.0,0.5682518283526102,0.12544903306012223,0.3873333333333333,0.9499999999999998,0.3946666666666667,0.510394109931808,0.0490319865319865,0.26068646030743314,0.21165447377544658
cah2,rabvs_budgeted_no_ucb,0.837465375201004,100.0,480.3333333333333,489.0,0.9939024390243903,64.35772357723577,63.74865994716729,0.9935400398724491,0.4538960401012366,0.21657927654535203,4096.0,0.9838302172814553,119.384765625,981.0,0.5835639834403992,0.1209665519660344,0.6526666666666666,0.985,0.655,0.48408397520789165,0.023148148148148102,0.2861655085281111,0.263017360379963
casp3,boba_ucb,0.8335089963173455,100.0,196.0,197.0,0.9899497487437184,54.768844221105525,54.768844221105525,0.9869755429159311,0.44853262755197454,0.21809747939347202,3072.0,0.9647674098541149,64.12760416666667,940.3333333333334,0.6078056693077087,0.10886273120512917,0.5403333333333333,0.961,0.5463333333333333,0.1902713112244403,0.039755351681957166,0.32232415902140676,0.2825688073394495
casp3,rabvs_budgeted_no_ucb,0.8548254741722078,100.0,198.33333333333334,198.33333333333334,0.9966499162479061,54.768844221105525,54.768844221105525,0.9902678307252043,0.447762667283053,0.21368125267364171,3072.0,0.9647674098541149,64.56163194444444,990.6666666666666,0.6031186183293661,0.11190703958353243,0.8393333333333333,0.9873333333333333,0.84,0.18609428209392567,0.0385321100917431,0.326605504587156,0.2880733944954128
cdk2,boba_ucb,0.6730142102662052,100.0,359.3333333333333,405.6666666666667,0.8558368495077356,59.755274261603375,59.755274261603375,0.8885311757418318,0.45264897033266,0.2255406012338579,4096.0,0.9819234571388223,99.03971354166667,954.6666666666666,0.578212320804596,0.12305085238105906,0.584,0.8903333333333334,0.6263333333333333,0.405074278234348,0.0849211950129381,0.22975517890772126,0.1448339838947831
cdk2,rabvs_budgeted_no_ucb,0.7193355692452611,100.0,337.0,416.3333333333333,0.8783403656821379,59.755274261603375,52.36504599603405,0.8783950002418588,0.4528190017091227,0.22295447546423328,4096.0,0.9819234571388223,101.64388020833333,969.0,0.5756850043932596,0.12320987418951464,0.6486666666666666,0.8976666666666667,0.6866666666666666,0.4143946991565382,0.07786403199247233,0.23422787193973635,0.1563638399472639
comt,boba_ucb,0.8729674796747968,41.0,41.0,41.0,1.0,94.90243902439023,94.90243902439023,1.0,0.46096472710605374,0.22466004688258498,2715.0,0.9127794911333847,15.101289134438309,741.6666666666666,0.6871298948923746,0.09022737489423237,0.5163333333333333,0.9246666666666666,0.521,0.010551074227134333,0.0068376068376067994,0.2034188034188034,0.19658119658119652
comt,rabvs_budgeted_no_ucb,0.875,41.0,41.0,41.0,1.0,94.90243902439023,87.60225140712946,0.9893501915799169,0.4610913690083523,0.22460624562192763,2715.0,0.9127794911333847,15.101289134438309,831.0,0.6865161061286926,0.0910997550087363,0.7226666666666667,0.9396666666666667,0.725,0.0104095259007009,0.0068376068376067994,0.2034188034188034,0.19658119658119652
cp2c9,boba_ucb,0.7654045422735117,94.66666666666667,110.0,114.66666666666667,0.9555555555555556,63.083333333333336,63.083333333333336,0.9112452391507718,0.45176535230308607,0.22798838932583673,2816.0,0.9535006605019816,40.71969696969697,833.6666666666666,0.6227761109670004,0.10460815076981562,0.5519999999999999,0.9346666666666668,0.5843333333333334,0.10990220979538401,0.0941072999120492,0.2037037037037037,0.1095964037916544
cp2c9,rabvs_budgeted_no_ucb,0.7706006371814094,55.333333333333336,116.33333333333333,116.66666666666667,0.9722222222222223,63.083333333333336,43.99232456140351,0.8669438907775061,0.45054719090539846,0.22516391169442437,2816.0,0.9535006605019816,41.42992424242424,912.6666666666666,0.6192280451456705,0.1065348617853874,0.7513333333333333,0.9636666666666667,0.7713333333333333,0.10633546131601652,0.08355321020228672,0.2248677248677248,0.1413145146654381
cp3a4,boba_ucb,0.6493838499869201,100.0,145.66666666666666,156.0,0.9176470588235294,70.41176470588236,68.45588235294117,0.8849591034968775,0.45513045508256633,0.2312389099495532,3072.0,0.9679197994987468,50.78125,907.6666666666666,0.6068190733591715,0.10901466224129809,0.6573333333333333,0.9453333333333332,0.6846666666666668,0.15118220666715942,0.07623817473567053,0.19119286510590858,0.11495469037023799
cp3a4,rabvs_budgeted_no_ucb,0.7463103624966682,100.0,154.66666666666666,162.0,0.9529411764705883,70.41176470588236,65.3264705882353,0.8981602011035462,0.45487299186672087,0.22876224777879214,3072.0,0.9679197994987468,52.734375,949.6666666666666,0.6071427464485168,0.10763651753829623,0.7586666666666666,0.9593333333333334,0.7786666666666667,0.15576899633103233,0.0784641068447412,0.19565217391304346,0.11718806706830225
csf1r,boba_ucb,0.8157111981514955,100.0,162.0,163.33333333333334,0.9839357429718877,74.1867469879518,74.1867469879518,0.97887137252114,0.45599331381865915,0.22453858313307382,3072.0,0.968818514007308,53.16840277777777,931.6666666666666,0.6055530707041422,0.1126291485332373,0.585,0.902,0.6283333333333333,0.15797639997038604,0.04707792207792203,0.218073593073593,0.17099567099567095
csf1r,rabvs_budgeted_no_ucb,0.8575855665964066,100.0,163.33333333333334,164.0,0.9879518072289158,74.1867469879518,69.56264080713096,0.9692661444827809,0.4556485665207946,0.22171870589804513,3072.0,0.968818514007308,53.385416666666664,986.6666666666666,0.6034525434176127,0.1127527599138141,0.8693333333333334,0.9700000000000001,0.8889999999999999,0.15347866975914817,0.04761904761904757,0.2175324675324675,0.16991341991341988
cxcr4,boba_ucb,0.8682291666666666,40.0,40.0,40.0,1.0,86.15000000000002,86.15000000000002,0.9999999999999808,0.4582629698483876,0.22364217339727868,2697.0,0.9021691816598955,14.831294030404154,718.3333333333334,0.6754050850868225,0.09852639549761981,0.644,0.9513333333333334,0.6633333333333333,0.020751100557004867,0.021194605009633865,0.21124031007751934,0.19004570506788546
cxcr4,rabvs_budgeted_no_ucb,0.875,40.0,40.0,40.0,1.0,86.15000000000002,69.25784313725491,0.9795158864537937,0.45796617370228615,0.2225081342227352,2697.0,0.9021691816598955,14.831294030404154,882.3333333333334,0.6774165630340576,0.09581054264231596,0.8176666666666668,0.976,0.8230000000000001,0.018430650773063165,0.021194605009633865,0.21124031007751934,0.19004570506788546
def,boba_ucb,0.8504785478547855,100.0,102.0,102.0,1.0,56.88235294117647,56.88235294117647,0.999925054817389,0.44778842762084964,0.2130710829523685,2792.0,0.9398483281627024,36.53295128939829,803.0,0.6284340421358744,0.11010587299505763,0.4616666666666666,0.9613333333333333,0.47233333333333327,0.07899354556394263,0.034364261168384834,0.3172413793103448,0.2828771181419599
def,rabvs_budgeted_no_ucb,0.8739787581699346,93.33333333333333,102.0,102.0,1.0,53.72222222222223,53.613252197430704,0.9901010606122093,0.44726601458327747,0.21141443558400833,2792.0,0.9398483281627024,36.53295128939829,925.3333333333334,0.6294765869776408,0.10958214040165824,0.7799999999999999,0.988,0.7843333333333332,0.07170954288984764,0.027491408934707834,0.3237705889323379,0.29627917999763004
dhi1,boba_ucb,0.7249327323706845,100.0,297.0,322.0,0.9757575757575757,59.63636363636363,59.63636363636363,0.95756300166396,0.4510446385266205,0.22155142513837114,3584.0,0.9772357723577235,89.84375,922.6666666666666,0.5944103995958964,0.10952964683548749,0.7060000000000001,0.9583333333333334,0.7163333333333334,0.325759962533238,0.0955284552845528,0.2381436314363143,0.1426151761517615
dhi1,rabvs_budgeted_no_ucb,0.782154754995663,100.0,319.6666666666667,325.6666666666667,0.9868686868686868,59.63636363636363,59.63636363636363,0.9749501012031677,0.4504200345684559,0.21872268329999503,3584.0,0.9772357723577235,90.86681547619047,943.0,0.5900511542956034,0.10970724460352281,0.7906666666666666,0.9723333333333333,0.7986666666666666,0.3266681332275869,0.07621951219512192,0.25609756097560976,0.17987804878048777
dpp4,boba_ucb,0.7592574678374051,100.0,475.6666666666667,519.0,0.9737335834896811,77.82739212007505,77.45232035082167,0.9829076260171637,0.45943580711879556,0.2247225651183081,4608.0,0.9861144592835448,112.63020833333336,917.3333333333334,0.546959400177002,0.12891900419997374,0.6303333333333333,0.979,0.6403333333333333,0.5316088432557754,0.06345381526104414,0.1927033108325297,0.12924949557148555
dpp4,rabvs_budgeted_no_ucb,0.8030564834637531,100.0,445.0,525.0,0.9849906191369606,77.82739212007505,67.51291846560727,0.9816630078357506,0.458391371757473,0.2214758837580776,4608.0,0.9861144592835448,113.93229166666667,970.6666666666666,0.5436675945917765,0.12702863635946954,0.7283333333333334,0.9846666666666666,0.7356666666666666,0.5227687739917956,0.038066021310676205,0.21861427860587743,0.18054825729520121
drd3,boba_ucb,0.7734284775467496,100.0,436.0,462.0,0.9625,71.9375,71.9375,0.9731303407787176,0.4572150220935152,0.22452371152760064,4352.0,0.9842455835505358,106.15808823529413,933.3333333333334,0.5661542812983195,0.12985631554988822,0.523,0.922,0.5573333333333333,0.4639023388620552,0.06388728044778996,0.2103128621089223,0.14642558166113231
drd3,rabvs_budgeted_no_ucb,0.8012075319520789,100.0,446.3333333333333,469.0,0.9770833333333332,71.9375,60.816727053140106,0.9686966276247837,0.4566034910331788,0.22061699521382283,4352.0,0.9842455835505358,107.76654411764706,974.0,0.5639419953028361,0.12791005227762364,0.6466666666666666,0.9493333333333333,0.6709999999999999,0.4649113701069929,0.04574406485234509,0.2289573969242729,0.1832133320719278
dyr,boba_ucb,0.8558152426234727,100.0,227.66666666666666,230.66666666666666,0.9985569985569985,75.45887445887446,75.45887445887446,0.9919396344397305,0.45779661197162963,0.2237805495660822,3328.0,0.9761344730652285,69.31089743589745,810.3333333333334,0.6125493248303732,0.10201622676534233,0.45566666666666666,0.9133333333333334,0.4743333333333333,0.24642315887538882,0.0237003058103975,0.24082568807339447,0.21712538226299694
dyr,rabvs_budgeted_no_ucb,0.8674354276077435,100.0,229.0,229.33333333333334,0.9927849927849927,75.45887445887446,74.5915310742897,0.9888212324728346,0.4573682186929761,0.2214104117004497,3328.0,0.9761344730652285,68.91025641025642,960.3333333333334,0.6312735080718994,0.09836053842676047,0.8303333333333334,0.972,0.8356666666666667,0.22164711295146078,0.021788990825688068,0.24273700305810395,0.22094801223241586
egfr,boba_ucb,0.7959422445600891,100.0,493.6666666666667,524.6666666666666,0.968019680196802,65.6678966789668,65.6678966789668,0.9789856475185529,0.45560227243211465,0.22226165251220828,4352.0,0.9847156664418971,120.55759803921569,949.0,0.5630405942598978,0.13166387978922248,0.4626666666666666,0.8933333333333334,0.48166666666666663,0.5267441005257769,0.05636704119850183,0.24419475655430709,0.1878277153558052
egfr,rabvs_budgeted_no_ucb,0.8186813724027239,100.0,483.0,532.0,0.981549815498155,65.6678966789668,62.53207015216219,0.9822998420514235,0.4543126082303761,0.2185357401341628,4352.0,0.9847156664418971,122.24264705882354,991.6666666666666,0.5688925584157308,0.12919719088404838,0.6566666666666666,0.936,0.6613333333333333,0.5266583685791878,0.03388903258910633,0.2687265917602996,0.2348375591711932
esr1,boba_ucb,0.8121354641735077,100.0,376.0,380.6666666666667,0.9939077458659704,55.007832898172325,55.007832898172325,0.992775391675517,0.4493533162178454,0.21660096752528743,3584.0,0.9787355230681604,106.21279761904763,874.6666666666666,0.6211548844973246,0.10341435497365432,0.5143333333333334,0.928,0.553,0.39324090000518774,0.0499384260057884,0.31327375095215243,0.2633353249463641
esr1,rabvs_budgeted_no_ucb,0.8379627078166622,100.0,381.6666666666667,381.6666666666667,0.9965187119234118,55.007832898172325,55.007832898172325,0.9936534382346541,0.4484992242919819,0.2126662054127008,3584.0,0.9787355230681604,106.49181547619048,977.0,0.6235082745552063,0.10543556026225542,0.7943333333333333,0.9693333333333333,0.8109999999999999,0.37543211727187553,0.03826691967109416,0.3254194365305476,0.28715251685945337
esr2,boba_ucb,0.8351188757659821,100.0,362.0,365.6666666666667,0.9963669391462306,56.038147138964575,56.038147138964575,0.9947156079487908,0.45053480719024436,0.21726174695202408,3584.0,0.9782164737916951,102.02752976190477,860.0,0.6374520858128866,0.0963065633752771,0.502,0.94,0.522,0.3766321685816798,0.05733722060252666,0.29961089494163423,0.2422736743391075
esr2,rabvs_budgeted_no_ucb,0.8505024400844762,100.0,364.6666666666667,365.0,0.9945504087193461,56.038147138964575,56.038147138964575,0.9922853770433879,0.4492726342193491,0.21335462302454056,3584.0,0.9782164737916951,101.84151785714285,973.0,0.6339733401934305,0.10093002097545513,0.8046666666666668,0.9716666666666667,0.8196666666666667,0.35871389784817137,0.033365727243278236,0.3236057068741893,0.290239979630911
fa10,boba_ucb,0.6802494149062525,100.0,481.0,532.0,0.9906890130353817,53.74674115456239,53.74674115456239,0.9872950164740963,0.44819141804926704,0.21713874447521433,4096.0,0.9822604116138868,129.8828125,921.3333333333334,0.5404910246531168,0.1399564053408578,0.5143333333333334,0.9246666666666666,0.529,0.5356903653973156,0.0674053554939981,0.3035343035343035,0.23612894804030535
fa10,rabvs_budgeted_no_ucb,0.8045895989974937,100.0,456.3333333333333,535.3333333333334,0.9968963376784608,53.74674115456239,51.82500069805554,0.9841887035190586,0.44719350977144834,0.2133878938505618,4096.0,0.9822604116138868,130.69661458333334,977.6666666666666,0.5420771837234497,0.13679189388656746,0.6516666666666667,0.9556666666666667,0.6596666666666667,0.5332422124763748,0.04686057248384116,0.3249419779890694,0.27808140550522814
fa7,boba_ucb,0.8645833333333334,100.0,114.0,114.0,1.0,55.82456140350877,55.82456140350877,1.0,0.4464603611081008,0.21405840912383747,2814.0,0.9447281583909491,40.51172707889126,794.0,0.61769171555837,0.1092828898245475,0.39666666666666667,0.8903333333333334,0.42799999999999994,0.10146549841406334,0.013584117032392866,0.34486373165618445,0.3312796146237915
fa7,rabvs_budgeted_no_ucb,0.8746345029239766,98.0,114.0,114.0,1.0,55.82456140350877,54.66154970760234,0.9953397021501925,0.44603464847378876,0.2104234217798592,2814.0,0.9447281583909491,40.51172707889126,883.0,0.6317391792933146,0.10638118127393885,0.6786666666666666,0.9556666666666667,0.691,0.09805173386067263,0.0146061912225705,0.3441693285452585,0.329563137322688
fabp4,boba_ucb,0.8506205673758865,47.0,47.0,47.0,1.0,59.51063829787233,59.51063829787233,1.0,0.4470024632155016,0.21836812986080942,2671.0,0.8806310332499107,17.59640584050917,654.0,0.6659322381019592,0.1114808074308738,0.4843333333333333,0.926,0.517,0.019197025890466266,0.028571428571428536,0.3071428571428571,0.2785714285714285
fabp4,rabvs_budgeted_no_ucb,0.8670212765957447,46.0,46.0,46.0,0.9787234042553191,39.673758865248224,51.00911854103342,0.9161327382475419,0.44629814218267577,0.2146074432291761,2671.0,0.8806310332499107,17.222014226881317,684.3333333333334,0.6558718283971151,0.1157901350191571,0.6286666666666667,0.9453333333333332,0.656,0.017308199632136933,0.030952380952380898,0.30476190476190473,0.2738095238095238
fak1,boba_ucb,0.8423081474857984,99.0,100.0,100.0,1.0,54.5,54.5,0.9954695452771363,0.4443379390238782,0.20981544805603566,2778.0,0.9362844036697248,35.99712023038157,881.0,0.6200727820396423,0.11954228272424093,0.48200000000000004,0.922,0.5096666666666666,0.04464270655246566,0.028083028083028067,0.33946078431372545,0.31137775623069736
fak1,rabvs_budgeted_no_ucb,0.8699768518518519,93.66666666666667,99.33333333333333,99.66666666666667,0.9966666666666667,54.5,53.49074074074074,0.9898365058830518,0.4440600412967663,0.2075334242871922,2778.0,0.9362844036697248,35.87712982961363,929.3333333333334,0.6169770161310831,0.11686549489068276,0.8026666666666666,0.9659999999999999,0.8156666666666667,0.044513634986465704,0.03170592586650977,0.336195825193546,0.3044898993270362
fgfr1,boba_ucb,0.800504769843475,100.0,136.0,138.0,0.9928057553956835,63.58992805755397,63.58992805755397,0.9737336522853389,0.45235159203359165,0.22239408448231726,3072.0,0.9565561715126144,44.921875,909.0,0.614874025185903,0.1062265768940077,0.49866666666666665,0.8903333333333334,0.539,0.12991794486141553,0.0671191553544494,0.24434389140271492,0.1772247360482654
fgfr1,rabvs_budgeted_no_ucb,0.837862882055863,76.33333333333333,137.66666666666666,138.0,0.9928057553956835,63.58992805755397,49.13767168083714,0.966496825596003,0.45120943212203074,0.2176954673564869,3072.0,0.9565561715126144,44.921875,977.6666666666666,0.6147474447886149,0.1076084746028121,0.7879999999999999,0.9536666666666666,0.8046666666666668,0.12775997199369374,0.06711915535444944,0.24660633484162894,0.1794871794871794
fkb1a,boba_ucb,0.8714015151515152,100.0,111.0,111.0,1.0,53.252252252252255,53.252252252252255,0.9999498537210559,0.443787846406629,0.20859009997193725,2796.0,0.940872948739638,39.69957081545064,843.6666666666666,0.6112547715504965,0.12045299492717637,0.5153333333333333,0.9659999999999999,0.5233333333333333,0.10244497666322176,0.0168918918918918,0.3581081081081081,0.3412162162162162
fkb1a,rabvs_budgeted_no_ucb,0.875,99.66666666666667,111.0,111.0,1.0,53.252252252252255,53.252252252252255,0.9997361020637451,0.44379121277862477,0.20735692906024605,2796.0,0.940872948739638,39.69957081545064,947.0,0.610227127869924,0.12188430245220294,0.7556666666666666,0.9863333333333334,0.759,0.09534754071080746,0.0112612612612612,0.36373873873873874,0.3524774774774775
fnta,boba_ucb,0.80230952720733,100.0,499.3333333333333,574.0,0.9695945945945946,85.45945945945944,85.34686465121247,0.9822680682188172,0.4630627481332011,0.2293352783779061,5120.0,0.9873497786211258,112.109375,958.0,0.5180449684460958,0.13941576896135033,0.6743333333333333,0.9526666666666666,0.693,0.5694817079331045,0.04532279314888007,0.1865612648221344,0.14123847167325423
fnta,rabvs_budgeted_no_ucb,0.8042536662469334,100.0,455.6666666666667,582.6666666666666,0.9842342342342342,85.45945945945944,77.97190471103515,0.9848600365300516,0.4616964334237086,0.2251177843730766,5120.0,0.9873497786211258,113.80208333333333,982.0,0.5203804175059,0.13860953369665166,0.7920000000000001,0.9673333333333334,0.8026666666666666,0.5791916621914663,0.025559947299077703,0.2073781291172595,0.1818181818181818
fpps,boba_ucb,0.875,85.0,85.0,85.0,1.0,105.11764705882352,100.39325842696628,0.9999999999999568,0.4655756575217694,0.23071338962409726,3072.0,0.9570229434806942,27.66927083333333,688.6666666666666,0.5999647776285807,0.11420210157428144,0.4056666666666667,0.9763333333333333,0.408,0.0552128763602233,0.0014914243102162,0.1886651752423564,0.18717375093214017
fpps,rabvs_budgeted_no_ucb,0.875,85.0,85.0,85.0,1.0,105.11764705882352,100.39325842696628,0.998405539718832,0.46558712054464957,0.22725959070785032,3072.0,0.9570229434806942,27.66927083333333,813.6666666666666,0.5891046524047852,0.12387209074660747,0.7193333333333333,0.9886666666666667,0.7193333333333333,0.049419345337977295,0.0037285607755406006,0.18642803877703204,0.18269947800149142
gcr,boba_ucb,0.7952845826640003,100.0,248.66666666666666,254.33333333333334,0.9857881136950905,59.13565891472869,59.13565891472869,0.9771760561561802,0.44953372618197346,0.21717441406788654,3328.0,0.9727338270957592,76.42227564102565,894.0,0.6168742577234904,0.10435010913288023,0.5696666666666667,0.9266666666666667,0.5986666666666667,0.25476077476672193,0.06244238893501584,0.27217125382262997,0.20972886488761408
gcr,rabvs_budgeted_no_ucb,0.824575546364379,100.0,256.0,257.0,0.9961240310077519,59.13565891472869,59.13565891472869,0.9795060622485899,0.44880101355716695,0.21511296929465273,3328.0,0.9727338270957592,77.2235576923077,954.3333333333334,0.6129101117451986,0.10693298243186078,0.7879999999999999,0.9596666666666667,0.8053333333333333,0.25335963690056484,0.053298383573612905,0.28484054172127565,0.23154215814766269
glcm,boba_ucb,0.8599537037037037,54.0,54.0,54.0,1.0,71.37037037037038,71.37037037037038,1.0,0.45564119024780547,0.22367501360655018,2714.0,0.9119745718733784,19.89683124539425,652.6666666666666,0.685328483581543,0.08759591675596112,0.571,0.9606666666666666,0.5833333333333334,0.027581521525148534,0.0673575129533678,0.2124352331606217,0.1450777202072539
glcm,rabvs_budgeted_no_ucb,0.8726851851851851,54.0,54.0,54.0,1.0,71.37037037037038,57.9503007280785,0.9536448897552369,0.4552626060621721,0.22326196495305062,2714.0,0.9119745718733784,19.89683124539425,753.0,0.6906944115956625,0.08498427573296619,0.7606666666666667,0.9833333333333334,0.7653333333333334,0.025615280194411668,0.06044905008635577,0.21934369602763382,0.15889464594127803
gria2,boba_ucb,0.801009092468691,100.0,149.33333333333334,151.0,0.9556962025316454,75.96835443037975,75.96835443037975,0.9460047725007802,0.45837002329303883,0.2287126880154621,3072.0,0.9680079980005,49.15364583333332,823.6666666666666,0.653472383817037,0.0877273989512052,0.44233333333333325,0.9633333333333333,0.45233333333333325,0.15072695865802402,0.054353854686633334,0.19777777777777775,0.14342392309114438
gria2,rabvs_budgeted_no_ucb,0.8223755411255412,72.33333333333333,154.66666666666666,156.0,0.9873417721518987,75.96835443037975,58.453428270042195,0.9512333711336781,0.45766309584431086,0.22451808145643223,3072.0,0.9680079980005,50.78125,952.3333333333334,0.6452977458635966,0.09029342215057569,0.6986666666666667,0.9806666666666667,0.7026666666666667,0.144123090832286,0.054353854686633334,0.20499999999999996,0.1506461453133666
grik1,boba_ucb,0.8400084087356104,99.0,101.0,101.0,1.0,65.85148514851485,65.85148514851485,0.9995677007101563,0.4523622236439309,0.21954044219639893,2816.0,0.947075627725154,35.86647727272727,749.0,0.6568025350570679,0.09188111637772689,0.4709999999999999,0.9693333333333333,0.4766666666666666,0.06984363768173417,0.035035035035035,0.2682682682682683,0.2332332332332332
grik1,rabvs_budgeted_no_ucb,0.8723184818481848,87.0,101.0,101.0,1.0,65.85148514851485,59.95433722476725,0.98279011523962,0.45255823092498604,0.2175694440846635,2816.0,0.947075627725154,35.86647727272727,837.3333333333334,0.6600798964500427,0.09444294286084416,0.7383333333333333,0.9873333333333333,0.7406666666666667,0.06430041251362116,0.036036036036036,0.2672672672672673,0.2312312312312312
hdac2,boba_ucb,0.8510706370758809,100.0,184.66666666666666,185.0,1.0,56.67567567567568,56.67567567567568,0.9983613194041383,0.44767662980946404,0.214227940846386,3072.0,0.9633762517882688,60.22135416666666,836.0,0.6148623625437418,0.10852595004119753,0.3626666666666667,0.9090000000000001,0.391,0.18885665422090936,0.03428571428571423,0.3187022900763359,0.2844165757906216
hdac2,rabvs_budgeted_no_ucb,0.8697554181929181,96.66666666666667,184.0,185.0,1.0,37.78378378378379,54.87644787644788,0.9841862167576475,0.44756640433541534,0.21215628610874263,3072.0,0.9633762517882688,60.22135416666666,973.6666666666666,0.609666625658671,0.11389871128869311,0.6856666666666666,0.9703333333333334,0.6916666666666668,0.17088534264669017,0.031111111111111065,0.321882951653944,0.29077184054283284
hdac8,boba_ucb,0.8476884226884227,100.0,169.66666666666666,170.0,1.0,62.47058823529412,62.47058823529412,0.9979459398117121,0.45044141548842714,0.21562767954807907,3072.0,0.9638418079096044,55.33854166666666,822.6666666666666,0.634155809879303,0.10197728812976496,0.41333333333333333,0.9499999999999998,0.43366666666666664,0.1755435794495941,0.02824858757062143,0.2919020715630885,0.2636534839924671
hdac8,rabvs_budgeted_no_ucb,0.867258740845736,94.66666666666667,169.33333333333334,169.66666666666666,0.9980392156862745,32.18181818181818,59.327413984461714,0.9836554985322502,0.4503007106920684,0.21400690092100497,3072.0,0.9638418079096044,55.23003472222222,977.6666666666666,0.6298840443293253,0.10564984607991468,0.7123333333333334,0.9873333333333333,0.7166666666666667,0.15486513446434003,0.030759573132454435,0.28939108600125546,0.258631512868801
hivint,boba_ucb,0.8528353260496117,98.33333333333333,99.33333333333333,100.0,1.0,67.5,67.5,0.9932787392397429,0.45302730874334046,0.21954349303133705,2816.0,0.9478518518518518,35.51136363636364,823.3333333333334,0.648699422677358,0.0957901147913834,0.4656666666666666,0.9053333333333334,0.4763333333333333,0.09093257343703287,0.023668639053254403,0.2710187932739861,0.2473501542207317
hivint,rabvs_budgeted_no_ucb,0.8687289132824847,82.0,99.33333333333333,99.33333333333333,0.9933333333333333,67.5,61.87500000000001,0.97074451574339,0.45307051092992096,0.21821327994637052,2816.0,0.9478518518518518,35.27462121212121,946.6666666666666,0.6388855973879496,0.10135351951972543,0.7853333333333333,0.9466666666666667,0.7906666666666666,0.08194429896430173,0.025641025641025602,0.2710187932739861,0.2453777676329605
hivpr,boba_ucb,0.7929740576375192,100.0,489.6666666666667,518.0,0.9664179104477614,67.69776119402985,67.69776119402985,0.9783084482988103,0.4564976760101304,0.22392253628995187,4352.0,0.9850079920630548,119.02573529411767,917.3333333333334,0.5013065139452616,0.13514797968056813,0.6053333333333333,0.9483333333333333,0.6133333333333333,0.5163612954721456,0.05491276400367304,0.23704520396912895,0.1821324399654559
hivpr,rabvs_budgeted_no_ucb,0.825244676036539,100.0,477.0,525.0,0.9794776119402986,67.69776119402985,67.69776119402985,0.9831805463425085,0.4555310093838252,0.22005383761305233,4352.0,0.9850079920630548,120.6341911764706,974.3333333333334,0.5179422696431478,0.13163977849166947,0.7923333333333334,0.9743333333333334,0.7956666666666666,0.5201223932195829,0.02607897153351697,0.26699742741639104,0.240918455882874
hivrt,boba_ucb,0.6341330169455169,100.0,272.0,292.6666666666667,0.8658777120315583,56.89053254437869,56.89053254437869,0.8785009289032718,0.4494591015186507,0.2229926827869416,3584.0,0.9767018565708044,81.65922619047619,906.0,0.6093005935351054,0.10775677964375907,0.5146666666666667,0.9423333333333334,0.5386666666666667,0.29768390818954427,0.08073458073458067,0.24557752341311131,0.16484294267853059
hivrt,rabvs_budgeted_no_ucb,0.7386935053767791,100.0,289.3333333333333,303.6666666666667,0.898422090729783,56.89053254437869,41.58144826594346,0.857855568832888,0.4497305488795729,0.22151485465443677,3584.0,0.9767018565708044,84.72842261904762,945.0,0.6078853011131287,0.10852081607714258,0.5983333333333333,0.963,0.6116666666666667,0.3027609038911996,0.07934857934857927,0.2514741588622962,0.17212557951371685
hmdh,boba_ucb,0.8684998259658894,100.0,170.0,170.0,1.0,52.47058823529412,52.47058823529412,0.9997518202298186,0.44564791290929917,0.21347321529181537,3072.0,0.95695067264574,55.33854166666666,855.6666666666666,0.6061755021413168,0.113022155463144,0.5513333333333333,0.9536666666666666,0.573,0.1668479701056491,0.0134529147982062,0.3677130044843049,0.3542600896860986
hmdh,rabvs_budgeted_no_ucb,0.8745098039215686,100.0,170.0,170.0,1.0,52.47058823529412,52.47058823529412,0.9999276459886802,0.44559889598064367,0.2099761389235664,3072.0,0.95695067264574,55.33854166666666,957.0,0.6084953546524048,0.12113108040904176,0.88,0.9936666666666666,0.8816666666666667,0.16025762070951635,0.0112107623318385,0.36995515695067266,0.35874439461883406
hs90a,boba_ucb,0.8631628787878788,88.0,88.0,88.0,1.0,56.11363636363635,56.11363636363635,0.9999999999999872,0.445531440939879,0.2110412657715479,2757.0,0.9302095990279464,31.91875226695684,841.6666666666666,0.6297394037246704,0.11107447527462927,0.504,0.899,0.5343333333333334,0.0354582236198063,0.02294197031039133,0.3333333333333333,0.31039136302294196
hs90a,rabvs_budgeted_no_ucb,0.8747632575757575,88.0,88.0,88.0,1.0,56.11363636363635,54.58673469387755,0.9920467070398832,0.44531130672788244,0.20952511506699556,2757.0,0.9302095990279464,31.91875226695684,907.6666666666666,0.6303525964419047,0.11259869446999904,0.7406666666666667,0.9436666666666667,0.7526666666666667,0.0351761708319516,0.02291476209133253,0.33378866177325744,0.31087389968192486
hxk4,boba_ucb,0.8697916666666666,92.0,92.0,92.0,1.0,52.08695652173913,52.08695652173913,0.9999999999999938,0.44236118483020165,0.20709304170010515,2751.0,0.928239774624374,33.44238458742276,888.0,0.6097643971443176,0.1218903296124882,0.561,0.9289999999999999,0.5853333333333334,0.060451620405949265,0.016666666666666635,0.36666666666666664,0.3499999999999999
hxk4,rabvs_budgeted_no_ucb,0.8747735507246377,92.0,92.0,92.0,1.0,52.08695652173913,52.08695652173913,0.999924793553666,0.44199898100512813,0.20532428467925815,2751.0,0.928239774624374,33.44238458742276,939.0,0.610134224096934,0.12040954218205563,0.8106666666666666,0.9736666666666666,0.8186666666666667,0.06186930985178934,0.016666666666666635,0.36666666666666664,0.3499999999999999
igf1r,boba_ucb,0.8510408927308913,100.0,145.0,147.0,0.9932432432432433,63.83783783783784,63.83783783783784,0.9808371454476931,0.4522063813246359,0.22105049488417328,3072.0,0.9593564775613886,47.8515625,876.3333333333334,0.613507091999054,0.10558519025698539,0.5096666666666666,0.9016666666666667,0.543,0.1405229041869279,0.0295983086680761,0.2817796610169492,0.252181352348873
igf1r,rabvs_budgeted_no_ucb,0.8642148983537151,100.0,146.33333333333334,147.66666666666666,0.9977477477477477,63.83783783783784,63.83783783783784,0.9854446310446612,0.45146541297199544,0.21718794201898536,3072.0,0.9593564775613886,48.06857638888889,980.0,0.6102031668027242,0.11108012306609731,0.8290000000000001,0.9576666666666666,0.8436666666666666,0.13625415095672724,0.02959830866807603,0.28389830508474573,0.2542999964166696
inha,boba_ucb,0.8696705426356589,43.0,43.0,43.0,1.0,54.48837209302326,54.48837209302326,0.9999999999999899,0.4375045313315549,0.2021935207609483,2653.0,0.8584613743064448,16.208066339992463,718.0,0.6719829440116882,0.10589888622444976,0.5476666666666666,0.9323333333333333,0.582,0.024636527220506504,0.0508474576271186,0.3162393162393162,0.26539185861219755
inha,rabvs_budgeted_no_ucb,0.8740310077519379,43.0,43.0,43.0,1.0,54.48837209302326,52.119312436804854,0.9826471029033083,0.4375045313315549,0.2021935207609483,2653.0,0.8584613743064448,16.208066339992463,768.0,0.6748624841372172,0.1073318433718974,0.7076666666666668,0.9616666666666666,0.7253333333333334,0.022974076559542905,0.0508474576271186,0.3162393162393162,0.26539185861219755
ital,boba_ucb,0.8480321039482469,100.0,137.33333333333334,137.33333333333334,0.9951690821256038,62.594202898550726,62.594202898550726,0.9935609720956197,0.4509209968234274,0.21924939495409226,3072.0,0.9555452651076638,44.704861111111114,894.0,0.6051600575447083,0.11078982622240796,0.47033333333333327,0.9393333333333334,0.48666666666666664,0.1287450625200375,0.0246913580246913,0.29320987654320985,0.26851851851851843
ital,rabvs_budgeted_no_ucb,0.8673961885478829,88.33333333333333,136.66666666666666,136.66666666666666,0.9903381642512077,62.594202898550726,54.1027412650264,0.9752711563627378,0.45049774813707194,0.21461917785147122,3072.0,0.9555452651076638,44.48784722222223,980.6666666666666,0.6056664784749349,0.11546703728918135,0.8013333333333333,0.9803333333333333,0.8053333333333335,0.1238353515328876,0.023128546175120432,0.29320987654320985,0.2700813303680894
jak2,boba_ucb,0.8066747932878502,99.0,106.66666666666667,107.0,1.0,61.74766355140187,61.74766355140187,0.9950148937073281,0.4507902947704457,0.21945586855854504,2816.0,0.9467231723929167,37.997159090909086,912.6666666666666,0.6284283598264059,0.10191338490871897,0.5393333333333333,0.914,0.568,0.09990847121858658,0.050352467270896234,0.27272727272727265,0.22237480545637642
jak2,rabvs_budgeted_no_ucb,0.868297020065888,89.66666666666667,106.66666666666667,106.66666666666667,0.9968847352024922,61.74766355140187,61.74766355140187,0.9891927693438255,0.45013238992473203,0.215493059929618,2816.0,0.9467231723929167,37.878787878787875,985.0,0.6241493821144104,0.10415124395963947,0.8566666666666666,0.972,0.8673333333333333,0.0952713018346697,0.05438066465256793,0.2696969696969697,0.2153163050444017
kif11,boba_ucb,0.8377933820700268,100.0,115.0,115.0,0.9913793103448275,60.05172413793104,60.05172413793104,0.9922818685940701,0.44930562390533296,0.21769559244092604,2816.0,0.9494688486936548,40.83806818181818,790.3333333333334,0.6463268399238586,0.1031528542250917,0.52,0.9166666666666666,0.554,0.1014040477105151,0.04202483285577837,0.28831417624521066,0.2462893433894323
kif11,rabvs_budgeted_no_ucb,0.8639185067553942,85.33333333333333,115.33333333333333,115.33333333333333,0.9942528735632185,60.05172413793104,48.327339901477835,0.9597846263007236,0.44886886993886393,0.21510004776386618,2816.0,0.9494688486936548,40.9564393939394,925.0,0.6371280550956726,0.10814649622635268,0.8276666666666667,0.9563333333333333,0.8476666666666667,0.09172354850259283,0.04297994269340969,0.2902298850574712,0.2472499423640615
kit,boba_ucb,0.8198555430664834,100.0,161.0,163.33333333333334,0.9839357429718877,63.95180722891567,63.95180722891567,0.9769947361620308,0.4525082110065437,0.22139416764801687,3072.0,0.9638281838733986,53.16840277777777,926.3333333333334,0.5975390871365865,0.11290276030873099,0.5456666666666666,0.9096666666666667,0.5686666666666667,0.15569297240621832,0.04456999372253603,0.2649089767733836,0.22033898305084745
kit,rabvs_budgeted_no_ucb,0.8526839776895009,100.0,164.33333333333334,165.0,0.9939759036144581,63.95180722891567,63.95180722891567,0.9827020571741066,0.4519366833866423,0.2177496130348784,3072.0,0.9638281838733986,53.7109375,988.6666666666666,0.5953959623972574,0.11428247779282713,0.8563333333333333,0.9746666666666667,0.8636666666666667,0.153452326731436,0.04456999372253603,0.2667922159447583,0.2222222222222222
kith,boba_ucb,0.8739035087719298,57.0,57.0,57.0,1.0,51.0,51.0,0.9999999999999964,0.4398649035439625,0.2053468139829795,2676.0,0.8849329205366357,21.300448430493272,827.0,0.6509126226107279,0.11134396452477024,0.5549999999999999,0.943,0.572,0.02892450854395733,0.0136986301369863,0.38022030651340993,0.36652167637642363
kith,rabvs_budgeted_no_ucb,0.875,57.0,57.0,57.0,1.0,51.0,51.0,0.9998347956123554,0.439377844132074,0.2045802444983822,2676.0,0.8849329205366357,21.300448430493272,933.3333333333334,0.6521581212679545,0.11122612720642873,0.7743333333333333,0.9683333333333333,0.782,0.0283946619337145,0.015981735159817333,0.37701149425287356,0.36102975909305624
kpcb,boba_ucb,0.8120796102333472,100.0,131.33333333333334,132.33333333333334,0.9802469135802468,65.44444444444444,65.44444444444444,0.9764582897578712,0.4529315130698088,0.22220690177624033,3072.0,0.9565365025466891,43.077256944444436,862.3333333333334,0.6498798330624899,0.09255422592584363,0.4183333333333333,0.9373333333333332,0.43633333333333324,0.12917008868372648,0.037678450439039966,0.2609351432880845,0.22325669284904448
kpcb,rabvs_budgeted_no_ucb,0.8481011015287309,86.33333333333333,133.0,134.0,0.9925925925925926,65.44444444444444,55.2807239057239,0.964238707593554,0.45305906186714456,0.21953292033738395,3072.0,0.9565365025466891,43.619791666666664,956.0,0.6450750033060709,0.09640160796341864,0.7293333333333333,0.9736666666666666,0.739,0.12425507892506756,0.0422322775263951,0.26018099547511314,0.21794871794871792
lck,boba_ucb,0.8173159073989392,100.0,388.6666666666667,399.0,0.9500000000000001,66.23809523809524,66.23809523809524,0.9610989002407203,0.4552542105535409,0.22388434722837255,3840.0,0.98274622573688,103.90625,935.6666666666666,0.5489706595738729,0.1286877108150973,0.6749999999999999,0.9156666666666666,0.7203333333333334,0.395740188716112,0.05871075964533903,0.23580158159597406,0.17709082195063505
lck,rabvs_budgeted_no_ucb,0.8347623202199661,100.0,395.3333333333333,400.3333333333333,0.9531746031746032,66.23809523809524,66.23809523809524,0.960206074491316,0.4544341943071042,0.21957474583769918,3840.0,0.98274622573688,104.25347222222223,978.3333333333334,0.5588854948679606,0.12272973222288193,0.8649999999999999,0.9643333333333333,0.891,0.39297694280037776,0.038812384485926166,0.25791030726820413,0.21909792278227788
lkha4,boba_ucb,0.8532283232118759,100.0,171.0,171.0,1.0,56.26315789473685,56.26315789473685,0.9993079792158076,0.44852069517738763,0.21417523428172425,3072.0,0.9600873090115373,55.6640625,799.6666666666666,0.6346415678660074,0.10206100726991023,0.6366666666666667,0.9739999999999999,0.6469999999999999,0.18123706481275823,0.024204702627939067,0.33125433125433124,0.3070496286263921
lkha4,rabvs_budgeted_no_ucb,0.8707358674463938,100.0,171.0,171.0,1.0,56.26315789473685,56.26315789473685,0.9976111157351254,0.44816120020511113,0.2122501179374524,3072.0,0.9600873090115373,55.6640625,961.0,0.6379902164141337,0.10297512363242349,0.88,0.9926666666666666,0.883,0.1597435917749275,0.01936376210235123,0.3361053361053361,0.3167415740029848
mapk2,boba_ucb,0.8446144355734697,96.66666666666667,98.0,100.33333333333333,0.9933993399339934,61.8910891089109,61.8910891089109,0.9741285408008169,0.450873957289419,0.21745663360281184,2810.0,0.94380899056151,35.705812574139976,847.6666666666666,0.6353679696718851,0.10482984418223029,0.5183333333333333,0.91,0.5559999999999999,0.08958157397565918,0.0340788072417465,0.2811501597444089,0.24707135250266235
mapk2,rabvs_budgeted_no_ucb,0.8654685781078109,88.66666666666667,99.33333333333333,99.33333333333333,0.9834983498349835,61.8910891089109,58.61642830949762,0.9758447628505401,0.450140239644429,0.21509781854247756,2810.0,0.94380899056151,35.34994068801898,937.3333333333334,0.6486180226008097,0.1001255933837424,0.7876666666666666,0.9526666666666666,0.8123333333333335,0.08289750997050781,0.0340788072417465,0.28434504792332266,0.2502662406815761
mcr,boba_ucb,0.8405280065583772,93.33333333333333,94.0,94.0,1.0,55.78723404255319,55.78723404255319,0.9993628809850907,0.4453604904393656,0.21380770783349953,2769.0,0.933995995423341,33.947273383893105,850.3333333333334,0.6539839307467142,0.0996683112324321,0.5346666666666667,0.9436666666666667,0.5579999999999999,0.0828231153732293,0.04942965779467673,0.3091603053435114,0.2597306475488346
mcr,rabvs_budgeted_no_ucb,0.869218316373728,79.33333333333333,94.0,94.0,1.0,55.78723404255319,44.34369885433714,0.9628781853594722,0.4449525885441898,0.2117629220588603,2769.0,0.933995995423341,33.947273383893105,951.6666666666666,0.6353718837102255,0.1072909360310846,0.8013333333333333,0.9716666666666667,0.8096666666666668,0.07699946523188074,0.0570342205323193,0.30152671755725186,0.2444924970249325
met,boba_ucb,0.7998244624956432,100.0,163.33333333333334,164.33333333333334,0.9899598393574297,68.7710843373494,68.7710843373494,0.9849935988618214,0.4541855140933837,0.22336484602882103,3072.0,0.9663629992992292,53.49392361111111,938.3333333333334,0.6199487845102946,0.1044586090164787,0.49766666666666665,0.8956666666666667,0.535,0.1556538801751453,0.035610040863981264,0.25218914185639224,0.21657910099241093
met,rabvs_budgeted_no_ucb,0.8521064301552107,98.33333333333333,164.66666666666666,165.66666666666666,0.9979919678714859,68.7710843373494,60.928767702388505,0.9784406739360992,0.4532791047860283,0.21864581293451124,3072.0,0.9663629992992292,53.92795138888889,988.6666666666666,0.6149138808250427,0.10684829626855587,0.8223333333333334,0.9673333333333334,0.8370000000000001,0.1549949823331118,0.042031523642732,0.24868651488616464,0.20665499124343248
mk01,boba_ucb,0.812246780996781,77.33333333333333,78.0,79.0,1.0,58.59493670886078,58.59493670886078,0.985776607118745,0.44830061395496107,0.21926505126959972,2745.0,0.9258749189889826,28.77959927140255,810.6666666666666,0.6490418314933777,0.1000969161140836,0.46799999999999997,0.896,0.4916666666666667,0.03990992640073197,0.0790229885057471,0.2582972582972583,0.17927426979151115
mk01,rabvs_budgeted_no_ucb,0.8491561181434598,71.66666666666667,79.0,79.0,1.0,58.59493670886078,42.03549807374794,0.9341758328870603,0.4473845362700318,0.21660897305188012,2745.0,0.9258749189889826,28.77959927140255,904.6666666666666,0.6498890519142151,0.10069356029206156,0.6980000000000001,0.9396666666666667,0.7113333333333335,0.0387496642265564,0.0775862068965517,0.26406926406926406,0.1864830571727123
mk10,boba_ucb,0.8013046364379085,93.66666666666667,102.0,103.66666666666667,0.9967948717948718,64.46153846153847,64.46153846153847,0.9713227679461957,0.45054627032123745,0.22157412738597135,2816.0,0.9474940334128878,36.813446969696976,939.6666666666666,0.6282991170883179,0.1049229002991607,0.571,0.9343333333333333,0.5926666666666667,0.09491644312134069,0.056547619047619034,0.24975124378109448,0.19320362473347544
mk10,rabvs_budgeted_no_ucb,0.8241403274942879,73.66666666666667,102.66666666666667,102.66666666666667,0.9871794871794872,64.46153846153847,63.49942594718715,0.9542957369757832,0.4501576641475001,0.21970363464335474,2816.0,0.9474940334128878,36.458333333333336,983.0,0.6222981413205465,0.10732723414000726,0.8106666666666666,0.9743333333333334,0.8176666666666667,0.09228352640879638,0.06845238095238093,0.2378109452736318,0.16935856432125088
mk14,boba_ucb,0.7327520285106778,100.0,476.6666666666667,557.3333333333334,0.9642445213379469,63.0242214532872,63.0242214532872,0.9770408853001445,0.4537042238656976,0.2213475664904532,4352.0,0.985066432414626,128.06372549019605,972.6666666666666,0.5442643364270529,0.13726448355557005,0.7396666666666666,0.9466666666666667,0.7716666666666666,0.5575044702335495,0.07263080863519937,0.24455427420831044,0.171923465573111
mk14,rabvs_budgeted_no_ucb,0.7623140535062665,100.0,452.3333333333333,573.0,0.9913494809688581,63.0242214532872,63.0242214532872,0.9829339575416983,0.4525107396281635,0.2177868402740182,4352.0,0.985066432414626,131.66360294117646,980.0,0.5398173332214355,0.1381370693471841,0.7826666666666666,0.956,0.8096666666666668,0.5736328073174509,0.0590925722649103,0.25755079626578803,0.19845822400087768
mmp13,boba_ucb,0.7237270752534468,100.0,492.3333333333333,555.0,0.9702797202797203,66.03496503496503,66.03496503496503,0.9840342363665466,0.45523853491848526,0.22325984673466004,4352.0,0.9855977973101768,127.52757352941175,943.0,0.5172085364659628,0.15340763111377673,0.3216666666666666,0.9753333333333334,0.3266666666666666,0.5568597543568157,0.046761955179107105,0.2553379212987471,0.20857596611964
mmp13,rabvs_budgeted_no_ucb,0.7714140180282452,94.0,451.3333333333333,563.6666666666666,0.9854312354312356,66.03496503496503,57.533108866442205,0.9698914183059323,0.455020234253474,0.2203003135530357,4352.0,0.9855977973101768,129.51899509803923,970.0,0.5144866704940796,0.1511469019512303,0.41133333333333333,0.98,0.4146666666666667,0.562008547008547,0.04358567143109223,0.2585142050467619,0.21492853361566963
mp2k1,boba_ucb,0.8100571723195961,100.0,118.66666666666667,120.0,0.9917355371900828,68.35537190082644,68.35537190082644,0.976173115405237,0.4547317933298802,0.22621982076713398,3072.0,0.9535727239753355,39.0625,843.0,0.6361683209737142,0.09854914683273687,0.4023333333333334,0.8956666666666667,0.44199999999999995,0.11799957567806833,0.0587761674718196,0.23027375201288244,0.17149758454106276
mp2k1,rabvs_budgeted_no_ucb,0.8301176755137316,82.66666666666667,120.33333333333333,121.0,1.0,68.35537190082644,54.080354475754255,0.9673564637249884,0.4538005854580094,0.22114759983730717,3072.0,0.9535727239753355,39.388020833333336,971.6666666666666,0.6353123982747396,0.10023985796978412,0.727,0.9499999999999998,0.7479999999999999,0.11151470303169327,0.06119162640901767,0.22946859903381642,0.16827697262479868
nos1,boba_ucb,0.7929402920962199,96.66666666666667,100.0,100.0,1.0,81.5,81.5,0.9979270618104347,0.45673347827750277,0.2255643779827278,3072.0,0.9528834355828218,32.552083333333336,714.3333333333334,0.7142408092816671,0.07394488483459684,0.6403333333333333,0.9603333333333333,0.6566666666666666,0.10595442410373757,0.05473856209150327,0.19067463185110234,0.1359360697595991
nos1,rabvs_budgeted_no_ucb,0.854375,70.33333333333333,100.0,100.0,1.0,81.5,58.64024390243902,0.9606126730580958,0.4568561318226107,0.22384110381222608,3072.0,0.9528834355828218,32.552083333333336,910.6666666666666,0.7116245031356812,0.07562206861690883,0.8166666666666668,0.9796666666666667,0.8253333333333334,0.0886144000927263,0.0571895424836601,0.18837018837018837,0.1311806458865282
nram,boba_ucb,0.8675310330317695,98.0,98.0,98.0,1.0,64.26530612244898,64.26530612244898,0.999999999999977,0.4506367292581334,0.21471228924763977,2811.0,0.9442084788821848,34.863038064745645,652.0,0.6254490812619528,0.11262882323630319,0.43,0.9343333333333333,0.43966666666666665,0.0896229064311483,0.007407407407407366,0.3037037037037037,0.2962962962962963
nram,rabvs_budgeted_no_ucb,0.875,98.0,98.0,98.0,1.0,64.26530612244898,64.26530612244898,0.9996346675119869,0.45082992858403287,0.21462831785034153,2811.0,0.9442084788821848,34.863038064745645,829.3333333333334,0.6346767942110697,0.11088410259575233,0.77,0.979,0.774,0.0760654023213902,0.008465608465608433,0.3026455026455026,0.29417989417989415
pa2ga,boba_ucb,0.840091706539075,97.66666666666667,99.0,99.0,1.0,53.02020202020203,53.02020202020203,0.9955132930395795,0.44428233270810735,0.2129766717365764,2769.0,0.9340588683558771,35.75297941495124,771.3333333333334,0.6250534852345785,0.11312943531697134,0.414,0.9393333333333332,0.4266666666666667,0.053834457737378195,0.025348542458808566,0.35241730279898215,0.32706876034017357
pa2ga,rabvs_budgeted_no_ucb,0.8619528619528619,67.33333333333333,99.0,99.0,1.0,10.604040404040406,30.92845117845118,0.9164340926317306,0.44372809917264316,0.21030799218601726,2769.0,0.9340588683558771,35.75297941495124,855.3333333333334,0.6257848938306173,0.1144961311204295,0.6336666666666667,0.9739999999999999,0.6396666666666667,0.051952033907271204,0.0304182509505703,0.3473282442748092,0.3169099933242388
parp1,boba_ucb,0.8006390219029883,100.0,465.6666666666667,503.3333333333333,0.9908136482939632,60.153543307086615,60.153543307086615,0.987598506982945,0.45106449094885726,0.21664564024230315,4096.0,0.9832449767654952,122.88411458333333,975.6666666666666,0.5479533076286316,0.13265207190286435,0.6836666666666668,0.935,0.7236666666666666,0.502751975411701,0.0848603839441535,0.24563699825479926,0.1607766143106457
parp1,rabvs_budgeted_no_ucb,0.8176381754922789,100.0,460.3333333333333,506.0,0.9960629921259843,60.153543307086615,60.153543307086615,0.992847205126421,0.44992377899809416,0.21310063785853875,4096.0,0.9832449767654952,123.53515625,994.0,0.5534348487854004,0.12842869177337823,0.8293333333333334,0.9663333333333334,0.8523333333333333,0.5018803418803418,0.042302997202428395,0.28970331588132636,0.2474003186788979
pde5a,boba_ucb,0.7583188291139241,100.0,369.3333333333333,387.0,0.9723618090452262,70.22110552763819,70.22110552763819,0.9744273355897115,0.4556498386147599,0.22189963297604498,3840.0,0.9828252468870758,100.78125,952.3333333333334,0.5670391718546549,0.12230876772936754,0.6176666666666667,0.896,0.6593333333333334,0.3823327149393434,0.05627086313781587,0.22691481746599854,0.1706439543281826
pde5a,rabvs_budgeted_no_ucb,0.8133087639202451,100.0,384.3333333333333,394.0,0.9899497487437187,70.22110552763819,63.677203220403094,0.976694786196938,0.4546650315288691,0.21889355170685312,3840.0,0.9828252468870758,102.60416666666664,978.0,0.5633465051651001,0.12188946341473476,0.739,0.916,0.7756666666666666,0.3892907279003654,0.042680019074868826,0.24218563588642328,0.1995056168115544
pgh1,boba_ucb,0.6419285030724958,100.0,164.33333333333334,175.0,0.8974358974358974,56.38461538461538,56.38461538461538,0.8758414296285423,0.44895019941450814,0.2272586280488849,3072.0,0.965075034106412,56.966145833333336,842.0,0.6515110929807028,0.09860380061226222,0.4876666666666667,0.9246666666666666,0.5116666666666667,0.18282425085488677,0.09151515151515148,0.2290909090909091,0.13757575757575755
pgh1,rabvs_budgeted_no_ucb,0.7560340062220167,84.0,171.33333333333334,178.33333333333334,0.9145299145299145,56.38461538461538,44.424242424242415,0.8391669540147634,0.4488684324767956,0.22395670186520433,3072.0,0.965075034106412,58.05121527777778,901.0,0.651402473449707,0.09829375955450814,0.6186666666666666,0.943,0.6363333333333333,0.1785620954872297,0.09636363636363633,0.23151515151515145,0.13515151515151513
pgh2,boba_ucb,0.7146192056355011,100.0,346.3333333333333,377.0,0.8666666666666667,54.2183908045977,54.2183908045977,0.8962554549800759,0.44993353303664696,0.22159177107712535,3840.0,0.9796480814076745,98.17708333333333,896.0,0.6222387154897054,0.11219480479894596,0.6006666666666667,0.944,0.6246666666666667,0.38613282319949094,0.08190152939431773,0.26527425570959046,0.1833727263152727
pgh2,rabvs_budgeted_no_ucb,0.7732783465033658,100.0,346.0,377.6666666666667,0.8681992337164751,54.2183908045977,53.68233326839405,0.8796061434390646,0.45010271180997075,0.21904083099308255,3840.0,0.9796480814076745,98.35069444444446,948.6666666666666,0.6194509069124857,0.1124557109640202,0.6926666666666668,0.9523333333333333,0.7166666666666667,0.3780728610974466,0.09011299435028243,0.2533220243143907,0.16320902996410824
plk1,boba_ucb,0.8157854453918723,98.66666666666667,107.0,107.0,1.0,64.55140186915888,64.55140186915888,0.9871497267431072,0.45164776046583605,0.22135201728045636,2816.0,0.9490372086289272,37.997159090909086,893.3333333333334,0.6217014392217001,0.10831809259795583,0.5256666666666666,0.9283333333333333,0.5546666666666668,0.09315602646874581,0.04816955684007703,0.2618357487922705,0.2136661919521934
plk1,rabvs_budgeted_no_ucb,0.8522474410324877,86.33333333333333,107.0,107.0,1.0,64.55140186915888,56.44349632037564,0.9790945202627895,0.4508402564141126,0.21733678529267164,2816.0,0.9490372086289272,37.997159090909086,961.3333333333334,0.6119083960851034,0.1139841917124733,0.8373333333333334,0.976,0.8473333333333333,0.09068498677790497,0.04720616570327547,0.2628019323671497,0.21559576666387423
pnph,boba_ucb,0.875,100.0,103.0,103.0,1.0,68.47572815533981,68.47572815533981,0.9999763613262788,0.4519684915147504,0.21609044430472668,2816.0,0.9500921593648092,36.57670454545455,647.0,0.660092274347941,0.09287095638685827,0.41966666666666663,0.9116666666666667,0.4333333333333333,0.11903310426365177,0.018885741265344633,0.27289896128423036,0.2540132200188857
pnph,rabvs_budgeted_no_ucb,0.875,97.66666666666667,103.0,103.0,1.0,68.47572815533981,66.54683440448517,0.9972384868801932,0.4524681861603541,0.21559512674228318,2816.0,0.9500921593648092,36.57670454545455,807.3333333333334,0.6692310174306234,0.09158275154877991,0.695,0.9573333333333333,0.7023333333333334,0.10017540642122084,0.02077431539187907,0.27101038715769593,0.25023607176581675
ppara,boba_ucb,0.8239573902641107,100.0,369.3333333333333,372.0,0.9973190348525468,53.008042895442365,53.008042895442365,0.9959776707836562,0.4477324595337336,0.2174251124629992,3584.0,0.9773416953267248,103.79464285714285,856.6666666666666,0.5387389461199442,0.14118964618864502,0.4556666666666666,0.9693333333333333,0.46833333333333327,0.3803595079940168,0.0454845046351618,0.3306370070778564,0.2851525024426946
ppara,rabvs_budgeted_no_ucb,0.8499551370751535,100.0,372.6666666666667,373.0,1.0,53.008042895442365,53.008042895442365,0.9966542870419651,0.44719173599911705,0.21295470681980924,3584.0,0.9773416953267248,104.07366071428572,991.3333333333334,0.5409529209136963,0.1449665212007422,0.7993333333333332,0.995,0.8036666666666666,0.3625174186981168,0.030333670374115232,0.34647792382878323,0.31614425345466796
ppard,boba_ucb,0.8533403656821378,100.0,239.0,239.33333333333334,0.9972222222222222,52.041666666666664,52.041666666666664,0.9962248278182185,0.4450731006227116,0.21361690896043997,3072.0,0.9692554043234588,77.9079861111111,858.6666666666666,0.5631088614463806,0.1379581099942593,0.4923333333333333,0.9506666666666667,0.5156666666666666,0.24150170707592059,0.02186666666666667,0.36164529914529914,0.33977863247863244
ppard,rabvs_budgeted_no_ucb,0.8652676080892608,100.0,240.0,240.0,1.0,52.041666666666664,52.041666666666664,0.9977785936319084,0.44513661667249643,0.21020679176283666,3072.0,0.9692554043234588,78.125,973.0,0.5665587584177653,0.1400868079819454,0.795,0.992,0.798,0.23100989158696852,0.029317997870074535,0.3550452991452991,0.3257273012752246
pparg,boba_ucb,0.7622736569488846,100.0,460.3333333333333,475.6666666666667,0.9827823691460056,53.27272727272727,53.27272727272727,0.9866656813690589,0.44936918011552246,0.21922973958777017,3840.0,0.981383803909401,123.87152777777779,929.3333333333334,0.5133856733640035,0.15353172380099026,0.501,0.972,0.5116666666666667,0.48347536190781937,0.07390180878552967,0.299715541763641,0.22581373297811133
pparg,rabvs_budgeted_no_ucb,0.8217174836580939,100.0,464.6666666666667,478.0,0.987603305785124,53.27272727272727,53.13507164669955,0.9849668823779353,0.44802228401051275,0.2144801551693424,3840.0,0.981383803909401,124.47916666666667,989.3333333333334,0.5248128175735474,0.14820661920434683,0.6843333333333333,0.9803333333333333,0.693,0.47448366610131365,0.04935400516795863,0.32428238944918536,0.27492838428122673
prgr,boba_ucb,0.7628131887032815,100.0,272.3333333333333,282.6666666666667,0.9647326507394766,54.41296928327645,54.41296928327645,0.9560356602928931,0.4475242085863584,0.21746671810722093,3328.0,0.9739070438436932,84.93589743589745,873.3333333333334,0.628894031047821,0.10208352024976007,0.5433333333333333,0.919,0.5710000000000001,0.28739078178692784,0.08479532163742687,0.27519866164784607,0.19040334001041917
prgr,rabvs_budgeted_no_ucb,0.8035279553741095,100.0,280.3333333333333,286.3333333333333,0.9772468714448236,54.41296928327645,54.41296928327645,0.9556881389593338,0.4473961517803735,0.21533045283951938,3328.0,0.9739070438436932,86.03766025641026,932.6666666666666,0.6304044127464294,0.10204880622157331,0.7236666666666668,0.9463333333333334,0.7426666666666666,0.28445627346737007,0.08730158730158727,0.2739439565035549,0.18664236920196764
ptn1,boba_ucb,0.831604513491761,100.0,129.66666666666666,129.66666666666666,0.9974358974358974,56.76923076923077,56.76923076923077,0.9904263530743963,0.44957570386415835,0.2214344412243008,2816.0,0.9523035230352304,46.04640151515151,882.0,0.6305057803789774,0.09887840175681706,0.4353333333333333,0.957,0.44433333333333325,0.1244523275300487,0.060416803628952666,0.2914079095377693,0.23099110590881655
ptn1,rabvs_budgeted_no_ucb,0.8618266746173723,84.66666666666667,129.66666666666666,130.0,1.0,56.76923076923077,54.21205821205822,0.9790543239577341,0.4486761100147289,0.21638386677040997,2816.0,0.9523035230352304,46.16477272727273,957.3333333333334,0.6237589518229166,0.10499574009426049,0.7193333333333333,0.972,0.7243333333333334,0.1204228456890991,0.061427280939476,0.29087624209575424,0.22944896115627822
pur2,boba_ucb,0.875,50.0,50.0,50.0,1.0,55.0,55.0,1.0,0.4392649926969645,0.2030408090999549,2670.0,0.8786363636363635,18.726591760299627,734.3333333333334,0.6347773869832357,0.1198037540582544,0.39266666666666666,0.9359999999999999,0.3983333333333334,0.03738378900242817,0.0072463768115942,0.3576642335766423,0.35041785676504816
pur2,rabvs_budgeted_no_ucb,0.875,50.0,50.0,50.0,1.0,55.0,55.0,1.0,0.43865670402866613,0.2014689835170782,2670.0,0.8786363636363635,18.726591760299627,677.0,0.6512746612230936,0.12510701526173792,0.5866666666666666,0.959,0.5906666666666666,0.04063669073899943,0.0072463768115942,0.3576642335766423,0.35041785676504816
pygm,boba_ucb,0.8610061928811928,76.33333333333333,77.0,77.0,1.0,52.2987012987013,52.2987012987013,0.9973433685109881,0.4451416398213954,0.2151507768167801,2721.0,0.9155388626769309,28.298419698640213,801.6666666666666,0.6592387358347574,0.09768893294808693,0.5456666666666666,0.92,0.5676666666666667,0.0307318667974405,0.024752475247524733,0.3582089552238806,0.3334564799763558
pygm,rabvs_budgeted_no_ucb,0.8687770562770561,77.0,77.0,77.0,1.0,52.2987012987013,42.71060606060606,0.9706485433021634,0.4444311268267491,0.210314265372737,2721.0,0.9155388626769309,28.298419698640213,876.3333333333334,0.6490955154101054,0.09946980017343797,0.8236666666666667,0.9766666666666666,0.8323333333333333,0.03161751436591697,0.05775577557755773,0.3250414593698176,0.26728568379225975
pyrd,boba_ucb,0.8533354559730707,100.0,111.0,111.0,1.0,59.108108108108105,59.108108108108105,0.9999389486100897,0.44843373385841184,0.21426125687679032,2816.0,0.9463496418228928,39.41761363636364,793.6666666666666,0.6170984705289205,0.11872445242808956,0.6013333333333334,0.9566666666666667,0.6173333333333333,0.0953767923032411,0.0293819655521783,0.30894308943089427,0.27956112387871596
pyrd,rabvs_budgeted_no_ucb,0.8740615615615616,92.66666666666667,111.0,111.0,1.0,59.108108108108105,56.71990171990172,0.99204180474223,0.4479035158188678,0.21146598475194467,2816.0,0.9463496418228928,39.41761363636364,886.6666666666666,0.6204213897387186,0.1182999375695629,0.8676666666666666,0.984,0.872,0.08883750951886842,0.0293819655521783,0.30894308943089427,0.27956112387871596
reni,boba_ucb,0.8545358848667672,100.0,104.0,104.0,1.0,67.90384615384615,67.90384615384615,0.9996407177028,0.4539662874180421,0.22249379281184603,2816.0,0.9501557632398754,36.93181818181819,835.0,0.6038646499315897,0.11093063304315409,0.4040000000000001,0.9196666666666667,0.4346666666666666,0.09572388010514864,0.032887915529317135,0.26205714685412507,0.2291692313248079
reni,rabvs_budgeted_no_ucb,0.8705929487179488,98.33333333333333,104.0,104.0,1.0,67.90384615384615,66.30985915492958,0.9962390749528867,0.45346574523961886,0.21767700722271577,2816.0,0.9501557632398754,36.93181818181819,933.0,0.6109496355056763,0.11422563285420971,0.6693333333333333,0.9659999999999999,0.6813333333333333,0.0913599789841133,0.035781544256120464,0.2587346553352219,0.22295311107910135
rock1,boba_ucb,0.8334686147186147,97.66666666666667,99.66666666666667,100.0,1.0,64.0,64.0,0.9932161578582098,0.45108902083935604,0.21965466406637738,2816.0,0.945,35.51136363636364,900.0,0.6432463924090067,0.09812050056105824,0.6216666666666667,0.9406666666666667,0.6446666666666667,0.0931487487968487,0.049999999999999996,0.2625,0.2124999999999999
rock1,rabvs_budgeted_no_ucb,0.8643202861952862,88.33333333333333,100.0,100.0,1.0,64.0,64.0,0.9911170809392399,0.4504929964910975,0.2172419626891958,2816.0,0.945,35.51136363636364,969.0,0.6523459156354269,0.0965387958495391,0.8666666666666667,0.984,0.872,0.08961663314979557,0.053125,0.25937499999999997,0.20624999999999996
rxra,boba_ucb,0.8585323868243716,100.0,131.0,131.0,1.0,54.053435114503806,54.053435114503806,0.9999761424773624,0.4456332620850943,0.21275969788403412,2816.0,0.9502895071317612,46.51988636363635,800.0,0.6161511739095052,0.11525251346872929,0.4956666666666667,0.93,0.5183333333333334,0.1170385242909102,0.021596244131455365,0.3483992467043315,0.32680300257287603
rxra,rabvs_budgeted_no_ucb,0.8729325699745547,98.0,131.0,131.0,1.0,54.053435114503806,53.29211912697559,0.9969554930352453,0.4450142280882286,0.20864550173175944,2816.0,0.9502895071317612,46.51988636363635,876.0,0.6194990277290344,0.11631240238853018,0.7666666666666666,0.9723333333333333,0.7743333333333333,0.1149399431411983,0.018779342723004668,0.35089520171878724,0.3321158589957826
sahh,boba_ucb,0.875,63.0,63.0,63.0,1.0,55.761904761904766,55.761904761904766,0.9999999999999818,0.4429362409102799,0.20587080808039385,2700.0,0.9039282664389412,23.333333333333332,659.0,0.6712385416030884,0.10460022467078833,0.44399999999999995,0.9516666666666667,0.44799999999999995,0.0191513598498944,0.015108954715696232,0.34346320346320347,0.3283542487475071
sahh,rabvs_budgeted_no_ucb,0.875,63.0,63.0,63.0,1.0,55.761904761904766,55.761904761904766,0.9999999999999818,0.44302246119104344,0.2061664868378512,2700.0,0.9039282664389412,23.333333333333332,822.0,0.6766461928685507,0.10046097393590918,0.6733333333333333,0.968,0.6743333333333332,0.0167191651366113,0.015130114706385834,0.34346320346320347,0.3283330887568176
src,boba_ucb,0.7750256191997318,100.0,450.3333333333333,479.3333333333333,0.9147582697201018,66.83969465648855,66.83969465648855,0.9455370964345011,0.4560503001082912,0.2244639551556987,4352.0,0.9844677935130196,110.14093137254902,956.6666666666666,0.5548719763755798,0.1340280792530851,0.5703333333333334,0.9246666666666666,0.6033333333333334,0.4768332718323241,0.054794520547945126,0.2362459546925566,0.18145143414461143
src,rabvs_budgeted_no_ucb,0.812397196170673,100.0,447.6666666666667,478.0,0.9122137404580153,66.83969465648855,58.055049073064346,0.9243654927140458,0.4555737363321591,0.221034561634348,4352.0,0.9844677935130196,109.8345588235294,985.3333333333334,0.5645244320233663,0.12808570762690455,0.698,0.9436666666666667,0.7226666666666667,0.4734020005345802,0.047184170471841626,0.24443175328383773,0.19724758281199606
tgfr1,boba_ucb,0.858049226118732,100.0,132.66666666666666,133.0,1.0,64.90977443609023,64.90977443609023,0.9981933134583979,0.45083032332971945,0.21466650545651547,3072.0,0.9555195181281132,43.294270833333336,898.6666666666666,0.6262823939323425,0.1049355314805032,0.617,0.9286666666666666,0.6423333333333333,0.11877410671058859,0.014660493827160434,0.29243827160493824,0.27777777777777773
tgfr1,rabvs_budgeted_no_ucb,0.8726503759398496,98.33333333333333,133.0,133.0,1.0,64.90977443609023,63.651833071049715,0.9978359848240848,0.4505711062685969,0.21284106428641794,3072.0,0.9555195181281132,43.294270833333336,956.6666666666666,0.6252970099449158,0.10696999611914913,0.9380000000000001,0.9883333333333333,0.9426666666666667,0.11499375215442949,0.015432098765432034,0.29243827160493824,0.2770061728395061
thb,boba_ucb,0.8181524156054175,99.0,103.0,103.0,1.0,73.33009708737865,73.33009708737865,0.9980170085880239,0.4561092134269889,0.224312049098923,2816.0,0.9533960015887728,36.57670454545455,845.3333333333334,0.620346466700236,0.10802322726796287,0.5366666666666667,0.9446666666666665,0.553,0.07952071057788597,0.032627865961199265,0.2398589065255731,0.20723104056437383
thb,rabvs_budgeted_no_ucb,0.8659251659827177,89.66666666666667,99.0,99.0,0.9611650485436893,73.33009708737865,66.89763243059105,0.9570238967390902,0.4562830575016595,0.22015067696197899,2816.0,0.9533960015887728,35.15625,935.0,0.6096746524175009,0.11423716443767788,0.8443333333333333,0.985,0.8476666666666667,0.07244840910367349,0.02028218694885357,0.24338624338624334,0.22310405643738973
thrb,boba_ucb,0.7665504638160888,100.0,441.0,451.6666666666667,0.9797541576283443,59.577006507592195,59.577006507592195,0.9850212902667188,0.45237850527677376,0.22102306201552088,3840.0,0.9825232113599126,117.62152777777777,906.3333333333334,0.5271444320678711,0.13590623736293467,0.4306666666666666,0.956,0.44199999999999995,0.45597697571273205,0.05822416302765643,0.27530954115076467,0.2170853781231082
thrb,rabvs_budgeted_no_ucb,0.8138244248441616,100.0,448.0,456.6666666666667,0.9906001446131598,59.577006507592195,51.561191086570695,0.9762525505946821,0.4512210700814993,0.21775658187069621,3840.0,0.9825232113599126,118.9236111111111,977.0,0.5266529321670532,0.1340023062462641,0.624,0.9866666666666667,0.6256666666666667,0.45094824320130655,0.0412421154779233,0.2940033988832241,0.25276128340530074
try1,boba_ucb,0.8133125486822187,100.0,434.0,444.6666666666667,0.9903489235337788,58.8619153674833,58.8619153674833,0.9900278064141231,0.4523609148538504,0.2214679440641463,3840.0,0.9818381323546103,115.79861111111113,880.6666666666666,0.5391132235527039,0.12684213898001448,0.2776666666666667,0.9413333333333332,0.2873333333333333,0.4550157113591226,0.05320221886031263,0.28564219025990406,0.2324399713995914
try1,rabvs_budgeted_no_ucb,0.832013707058851,88.33333333333333,446.0,448.0,0.9977728285077953,58.8619153674833,56.26069436008189,0.9901968737301887,0.4512059829323635,0.21757674967924082,3840.0,0.9818381323546103,116.66666666666669,981.3333333333334,0.5607278744379679,0.11906794539601917,0.5523333333333333,0.9783333333333334,0.555,0.44160207696903897,0.02924861321230457,0.3106232652031289,0.2813746519908243
tryb1,boba_ucb,0.8698775743173982,100.0,147.0,147.0,0.9932432432432433,52.68918918918919,52.68918918918919,0.9946367310645412,0.44528382525063576,0.21275143384918338,3072.0,0.950756604257502,47.8515625,861.3333333333334,0.6091361244519552,0.1091760947317967,0.4756666666666666,0.9426666666666667,0.492,0.148192440892729,0.024757907622357734,0.352431173510865,0.32767326588850726
tryb1,rabvs_budgeted_no_ucb,0.871056643378072,96.66666666666667,147.66666666666666,147.66666666666666,0.9977477477477477,52.68918918918919,50.43751443751444,0.9939490271598347,0.44485482471832904,0.21013636800438587,3072.0,0.950756604257502,48.06857638888889,964.0,0.6145033041636149,0.10976037661898767,0.7693333333333333,0.9836666666666667,0.7719999999999999,0.13796721786011504,0.023076923076923033,0.35555555555555557,0.33247863247863246
tysy,boba_ucb,0.8520171957671958,99.33333333333333,105.33333333333333,107.33333333333333,0.9847094801223242,62.92660550458715,62.92660550458715,0.9737307939587284,0.45215451831287184,0.2212930989346011,2816.0,0.9486805656801284,38.115530303030305,870.0,0.6415454149246216,0.09555745484744045,0.45833333333333326,0.923,0.4693333333333333,0.10246050907003694,0.03692905733722054,0.2750242954324587,0.23809523809523805
tysy,rabvs_budgeted_no_ucb,0.8700091275042127,92.66666666666667,105.33333333333333,107.0,0.981651376146789,62.92660550458715,56.2387537118291,0.9638099316426043,0.4517732717679712,0.21755361100248996,2816.0,0.9486805656801284,37.997159090909086,973.3333333333334,0.638447642326355,0.09898041534803408,0.7933333333333333,0.973,0.7963333333333334,0.09603515958926839,0.045621737066919736,0.2674912905847384,0.22186955351781865
urok,boba_ucb,0.8512532287947635,100.0,161.33333333333334,161.66666666666666,0.9979423868312757,61.80246913580246,61.80246913580246,0.9947215460153099,0.451550318060081,0.21890264607757595,3072.0,0.9616460247702756,52.62586805555555,796.0,0.614998459815979,0.10877263972685303,0.38400000000000006,0.9246666666666666,0.40499999999999997,0.17026501808271968,0.019294743845642,0.3033932135728543,0.28409846972721225
urok,rabvs_budgeted_no_ucb,0.8682792091608517,94.33333333333333,162.0,162.0,1.0,35.02139917695474,58.30032921810699,0.9880052275831814,0.45113940084619814,0.21602487815923957,3072.0,0.9616460247702756,52.734375,942.3333333333334,0.6390337149302164,0.10098657528269296,0.7136666666666667,0.983,0.7196666666666666,0.15447691824810464,0.0292747837658017,0.29407850964737187,0.26480372588157014
vgfr2,boba_ucb,0.7510260901304319,100.0,398.0,404.3333333333333,0.9885900570497147,62.0,62.0,0.9899340161800382,0.4515322488156768,0.21863002522837846,3840.0,0.9810710623866236,105.29513888888887,965.3333333333334,0.5698482195536295,0.12071289693933986,0.5710000000000001,0.8823333333333334,0.609,0.39924898561001276,0.048370136698212364,0.2728706624605678,0.22450052576235544
vgfr2,rabvs_budgeted_no_ucb,0.8260346544890221,100.0,403.6666666666667,406.6666666666667,0.9942950285248573,62.0,61.674540682414694,0.9831689800695053,0.4512345952442753,0.2159570156552756,3840.0,0.9810710623866236,105.90277777777777,990.3333333333334,0.5691077907880148,0.11830807532484833,0.7666666666666666,0.9343333333333333,0.7916666666666666,0.3987758565024604,0.04942166140904306,0.2723449001051524,0.2229232386961093
wee1,boba_ucb,0.8713235294117648,100.0,102.0,102.0,1.0,61.29411764705883,61.29411764705883,1.0,0.44845994557708524,0.21299483779123715,2810.0,0.943817978246961,36.29893238434163,863.0,0.6261114478111267,0.11200152477125713,0.4373333333333333,0.9343333333333333,0.4579999999999999,0.0746072704587988,0.0031948881789137,0.3226837060702875,0.3194888178913738
wee1,rabvs_budgeted_no_ucb,0.875,100.0,102.0,102.0,1.0,61.29411764705883,61.29411764705883,1.0,0.44815719143000315,0.2109576871163317,2810.0,0.943817978246961,36.29893238434163,942.0,0.6292396386464437,0.11638679484290863,0.7546666666666667,0.9833333333333334,0.7593333333333333,0.07411192777359797,0.0031948881789137,0.3226837060702875,0.3194888178913738
xiap,boba_ucb,0.8562500000000001,100.0,100.0,100.0,1.0,52.49999999999999,52.49999999999999,0.999999999999992,0.4451528359720051,0.21287554669026132,2770.0,0.934047619047619,36.101083032490976,722.0,0.6320716341336569,0.11048177003745209,0.4693333333333333,0.9276666666666668,0.48933333333333334,0.06550776006090486,0.013941698352344668,0.36722491510173283,0.353283216749388
xiap,rabvs_budgeted_no_ucb,0.861875,97.0,100.0,100.0,1.0,52.49999999999999,51.82692307692307,0.9977996042393142,0.4448122234788086,0.21025250783782135,2770.0,0.934047619047619,36.101083032490976,835.6666666666666,0.6382716298103333,0.10815660899201225,0.7283333333333334,0.96,0.7383333333333333,0.06048590217316696,0.016476552598225534,0.3651399491094147,0.34866339651118916
