seed,target,method,round,reservoir_inferences,candidate_inferences,cumulative_neural_inferences,queried_total,new_hits,cumulative_hits,selected_partition_count,new_selected_partitions,candidate_pool_size,candidate_set_size,candidate_active_rate_eval,mean_selected_arm_reward
0,aa2ar,true_boba_risk_ranked,1,0,4602,4602,384,59,67,5,5,4602,4602,0.08409387222946545,0.3220769230769231
0,aa2ar,true_boba_risk_ranked,2,0,3847,8449,512,54,121,5,3,3847,3847,0.07980244346243827,0.3188034188034189
0,aa2ar,true_boba_risk_ranked,3,0,3645,12094,640,57,178,5,3,3645,3645,0.06968449931412894,0.3525641025641026
0,aa2ar,true_boba_risk_ranked,4,0,4114,16208,768,5,183,5,5,4114,4114,0.003889158969372873,0.019230769230769232
0,adrb2,true_boba_risk_ranked,1,0,1996,1996,384,51,59,5,5,1996,1996,0.04308617234468938,0.2697843822843823
0,adrb2,true_boba_risk_ranked,2,0,2897,4893,512,40,99,5,3,2897,2897,0.016568864342423197,0.2806337273837274
0,adrb2,true_boba_risk_ranked,3,0,1901,6794,640,4,103,5,3,1901,1901,0.0026301946344029457,0.123
0,adrb2,true_boba_risk_ranked,4,0,2616,9410,768,22,125,5,5,2616,2616,0.009174311926605505,0.08707692307692308
0,bace1,true_boba_risk_ranked,1,0,2121,2121,384,41,49,5,5,2121,2121,0.08392267798208393,0.23931068931068933
0,bace1,true_boba_risk_ranked,2,0,2874,4995,512,36,85,5,4,2874,2874,0.05184411969380654,0.21918498168498166
0,bace1,true_boba_risk_ranked,3,0,3434,8429,640,45,130,5,4,3434,3434,0.041933605125218404,0.253032967032967
0,bace1,true_boba_risk_ranked,4,0,1630,10059,768,1,131,5,4,1630,1630,0.0006134969325153375,0.004166666666666667
0,cdk2,true_boba_risk_ranked,1,0,3824,3824,384,82,90,5,5,3824,3824,0.04837866108786611,0.38657864357864363
0,cdk2,true_boba_risk_ranked,2,0,4633,8457,512,64,154,5,2,4633,4633,0.03237642995898986,0.4099666537166537
0,cdk2,true_boba_risk_ranked,3,0,3646,12103,640,2,156,5,5,3646,3646,0.0016456390565002743,0.007692307692307693
0,cdk2,true_boba_risk_ranked,4,0,3002,15105,768,12,168,5,5,3002,3002,0.0069953364423717525,0.046153846153846156
0,egfr,true_boba_risk_ranked,1,0,3004,3004,384,33,41,5,5,3004,3004,0.13748335552596538,0.22692307692307692
0,egfr,true_boba_risk_ranked,2,0,6551,9555,512,42,83,5,4,6551,6551,0.0635017554571821,0.26184615384615384
0,egfr,true_boba_risk_ranked,3,0,3717,13272,640,27,110,5,4,3717,3717,0.09523809523809523,0.20384615384615384
0,egfr,true_boba_risk_ranked,4,0,3106,16378,768,39,149,5,3,3106,3106,0.11236316806181584,0.252
