dataset,method,baseline,metric,n_pairs,method_mean,baseline_mean,raw_mean_delta,favorable_mean_delta,raw_median_delta,raw_min_delta,raw_max_delta,favorable_positive_count,favorable_negative_count,wilcoxon_p_nonzero,lower_better
DUD-E fixed20 final retrieval,rabvs_budgeted_no_ucb,boba_ucb,ECE,60,0.45103600419971435,0.45147975481752867,-0.0004437506178142731,0.0004437506178142731,-0.0003793431765975741,-0.0028529083688590973,0.00047623329618412535,47,13,3.784174323743986e-07,True
DUD-E fixed20 final retrieval,rabvs_budgeted_no_ucb,boba_ucb,Brier,60,0.21844935638556437,0.22119060653334993,-0.002741250147785574,0.002741250147785574,-0.0028571070827742434,-0.005528765263304591,0.00037044769254529486,57,3,2.5648002762628313e-11,True
DUD-E fixed20 final retrieval,rabvs_budgeted_no_ucb,boba_ucb,NLL,60,0.6410736433807419,0.6475208164764241,-0.006447173095682035,0.006447173095682035,-0.007399145813321739,-0.015094059600960441,0.018240997596185804,55,5,1.8052113765605007e-09,True
DUD-E fixed20 final retrieval,rabvs_budgeted_no_ucb,boba_ucb,calib_ECE_test,60,0.45765649408576514,0.4704803066303855,-0.012823812544620379,0.012823812544620379,-0.009429754360764764,-0.08803797035408617,0.009137753005949656,58,2,7.633193187178702e-11,True
DUD-E fixed20 final retrieval,rabvs_budgeted_no_ucb,boba_ucb,calib_Brier_test,60,0.21709178762620474,0.23238217544674006,-0.015290387820535298,0.015290387820535298,-0.012700429457952897,-0.08568010310093868,0.007831143731292178,58,2,3.293683695279847e-11,True
DUD-E fixed20 final retrieval,rabvs_budgeted_no_ucb,boba_ucb,calib_NLL_test,60,0.6253023628689653,0.6623218150093971,-0.037019452140431945,0.037019452140431945,-0.031921919991915015,-0.1778620704435293,0.015586201493834606,58,2,2.5648002762628313e-11,True
DUD-E fixed20 final retrieval,rabvs_budgeted_no_ucb,boba_ucb,conformal_coverage90,60,0.9964564624454221,0.9765153679412198,0.019941094504202075,0.019941094504202075,0.01370963172745665,0.0,0.07516071672821756,59,0,2.3900953516978203e-11,False
DUD-E fixed20 final retrieval,rabvs_budgeted_no_ucb,boba_ucb,conformal_residual_q90,60,0.7560553496552875,0.723420720536516,0.032634629118771664,-0.032634629118771664,0.02862945848601145,-0.057814438912019095,0.18994566923257794,11,49,1.0568701044684289e-06,True
DUD-E fixed20 final retrieval,rabvs_budgeted_no_ucb,boba_ucb,risk_coverage_auc,60,0.4850983080358462,0.48750933190751056,-0.002411023871664448,0.002411023871664448,0.0015943525805255099,-0.11513210248618233,0.01683985214318784,27,33,0.1950988079136644,True
DUD-E fixed20 final retrieval,rabvs_budgeted_no_ucb,boba_ucb,false_confidence_gap,60,0.2147483995123839,0.20867654274682743,0.006071856765556518,0.006071856765556518,0.0,-0.05018078764780609,0.0766358141028325,29,22,0.08977278221064691,False
DUD-E fixed20 final retrieval,rabvs_budgeted_reliable,boba_ucb,ECE,60,0.45147975481752867,0.45147975481752867,0.0,0.0,0.0,0.0,0.0,0,0,,True
DUD-E fixed20 final retrieval,rabvs_budgeted_reliable,boba_ucb,Brier,60,0.22119060653334993,0.22119060653334993,0.0,0.0,0.0,0.0,0.0,0,0,,True
DUD-E fixed20 final retrieval,rabvs_budgeted_reliable,boba_ucb,NLL,60,0.6475208164764241,0.6475208164764241,0.0,0.0,0.0,0.0,0.0,0,0,,True
DUD-E fixed20 final retrieval,rabvs_budgeted_reliable,boba_ucb,calib_ECE_test,60,0.4704803066303855,0.4704803066303855,0.0,0.0,0.0,0.0,0.0,0,0,,True
DUD-E fixed20 final retrieval,rabvs_budgeted_reliable,boba_ucb,calib_Brier_test,60,0.23238217544674006,0.23238217544674006,0.0,0.0,0.0,0.0,0.0,0,0,,True
DUD-E fixed20 final retrieval,rabvs_budgeted_reliable,boba_ucb,calib_NLL_test,60,0.6623218150093971,0.6623218150093971,0.0,0.0,0.0,0.0,0.0,0,0,,True
DUD-E fixed20 final retrieval,rabvs_budgeted_reliable,boba_ucb,conformal_coverage90,60,0.9765153679412198,0.9765153679412198,0.0,0.0,0.0,0.0,0.0,0,0,,False
DUD-E fixed20 final retrieval,rabvs_budgeted_reliable,boba_ucb,conformal_residual_q90,60,0.723420720536516,0.723420720536516,0.0,0.0,0.0,0.0,0.0,0,0,,True
DUD-E fixed20 final retrieval,rabvs_budgeted_reliable,boba_ucb,risk_coverage_auc,60,0.48750933190751056,0.48750933190751056,0.0,0.0,0.0,0.0,0.0,0,0,,True
DUD-E fixed20 final retrieval,rabvs_budgeted_reliable,boba_ucb,false_confidence_gap,60,0.20867654274682743,0.20867654274682743,0.0,0.0,0.0,0.0,0.0,0,0,,False
DUD-E all102 final retrieval seed0,rabvs_budgeted_no_ucb,boba_ucb,ECE,102,0.4504129828806963,0.4508901466213753,-0.0004771637406789299,0.0004771637406789299,-0.0004290001075138439,-0.0028529083688590973,0.0010361662986753117,82,19,5.628110078162774e-12,True
DUD-E all102 final retrieval seed0,rabvs_budgeted_no_ucb,boba_ucb,Brier,102,0.2162059486700014,0.21902388295510977,-0.0028179342851084037,0.0028179342851084037,-0.0028017876747438997,-0.005849910384519902,0.0004029492510151944,98,3,3.487607124900926e-18,True
DUD-E all102 final retrieval seed0,rabvs_budgeted_no_ucb,boba_ucb,NLL,102,0.6290267293646323,0.6355838076025873,-0.0065570782379549076,0.0065570782379549076,-0.00700147701790782,-0.020673276587032885,0.01824099759618414,94,7,3.6706708496321734e-16,True
DUD-E all102 final retrieval seed0,rabvs_budgeted_no_ucb,boba_ucb,calib_ECE_test,102,0.4615069689532603,0.4746454466399121,-0.013138477686651754,0.013138477686651754,-0.009400386912453984,-0.11080140510242575,0.005188657588869994,98,3,8.24507441122171e-18,True
DUD-E all102 final retrieval seed0,rabvs_budgeted_no_ucb,boba_ucb,calib_Brier_test,102,0.22049819362315198,0.2356330876652812,-0.01513489404212924,0.01513489404212924,-0.012450154977302286,-0.1079150763711278,0.004970997354564188,98,3,3.701950425653642e-18,True
DUD-E all102 final retrieval seed0,rabvs_budgeted_no_ucb,boba_ucb,calib_NLL_test,102,0.6322136799944783,0.6672124040184451,-0.03499872402396687,0.03499872402396687,-0.03032412772115234,-0.22024410618329748,0.009870700618439976,98,3,3.2855253517436203e-18,True
DUD-E all102 final retrieval seed0,rabvs_budgeted_no_ucb,boba_ucb,conformal_coverage90,102,0.9939509157279133,0.971825521221066,0.02212539450684706,0.02212539450684706,0.014955194962460783,-0.014409221902017433,0.11639215686274496,98,3,4.478296700942036e-17,False
DUD-E all102 final retrieval seed0,rabvs_budgeted_no_ucb,boba_ucb,conformal_residual_q90,102,0.7224306367747412,0.6883146717849145,0.03411596498982673,-0.03411596498982673,0.023114433285770453,-0.0535620881304858,0.15939577129672267,21,80,3.03527289709897e-11,True
DUD-E all102 final retrieval seed0,rabvs_budgeted_no_ucb,boba_ucb,risk_coverage_auc,102,0.48443408633535257,0.4837062096029549,0.0007278767323976367,-0.0007278767323976367,0.0015732198678373166,-0.08676688044618713,0.025301919592211952,42,59,0.013462999415048693,True
DUD-E all102 final retrieval seed0,rabvs_budgeted_no_ucb,boba_ucb,false_confidence_gap,102,0.24042037457032805,0.2355940565878327,0.00482631798249542,0.00482631798249542,0.0,-0.0694793359933008,0.0670042174483857,46,43,0.058459695831482826,False
DUD-E all102 final retrieval multiseed,rabvs_budgeted_no_ucb,boba_ucb,ECE,306,0.4503876114937434,0.4508759422112884,-0.0004883307175449933,0.0004883307175449933,-0.0004466405439674803,-0.0028529083688590973,0.0010361662986753117,248,55,4.680781962474629e-35,True
DUD-E all102 final retrieval multiseed,rabvs_budgeted_no_ucb,boba_ucb,Brier,306,0.21617895324081857,0.21903253968868625,-0.0028535864478676743,0.0028535864478676743,-0.0029275870190389602,-0.005849910384519902,0.00046201906074871957,295,8,3.6702572599839433e-51,True
DUD-E all102 final retrieval multiseed,rabvs_budgeted_no_ucb,boba_ucb,NLL,306,0.6290647027511578,0.635623424308033,-0.006558721556875195,0.006558721556875195,-0.0068814776045379444,-0.020673276587032885,0.01824099759618414,286,17,5.621812753372199e-48,True
DUD-E all102 final retrieval multiseed,rabvs_budgeted_no_ucb,boba_ucb,calib_ECE_test,306,0.4611614862793105,0.4746939671192478,-0.013532480839937215,0.013532480839937215,-0.009990867702070416,-0.11080140510242575,0.009438475058563545,296,7,2.996584454416232e-49,True
DUD-E all102 final retrieval multiseed,rabvs_budgeted_no_ucb,boba_ucb,calib_Brier_test,306,0.2201871448461061,0.235663612081528,-0.015476467235421914,0.015476467235421914,-0.012163598924238489,-0.1079150763711278,0.014900400140566317,296,7,4.984750072872424e-50,True
DUD-E all102 final retrieval multiseed,rabvs_budgeted_no_ucb,boba_ucb,calib_NLL_test,306,0.6315819299052468,0.6672273494400132,-0.035645419534766465,0.035645419534766465,-0.029742331512810916,-0.22024410618329748,0.030462983071205874,296,7,2.1448586397562027e-50,True
DUD-E all102 final retrieval multiseed,rabvs_budgeted_no_ucb,boba_ucb,conformal_coverage90,306,0.9943557879773981,0.9705138652247677,0.02384192275263027,0.02384192275263027,0.0169300225733634,-0.05187319884726238,0.1269019607843137,295,7,3.255121512957706e-48,False
DUD-E all102 final retrieval multiseed,rabvs_budgeted_no_ucb,boba_ucb,conformal_residual_q90,306,0.7237230477388553,0.6849564858743477,0.038766561864507686,-0.038766561864507686,0.027173528992737284,-0.05781443891202109,0.20020262856714777,55,248,4.757659875391789e-35,True
DUD-E all102 final retrieval multiseed,rabvs_budgeted_no_ucb,boba_ucb,risk_coverage_auc,306,0.4839417826336619,0.4834262269852547,0.0005155556484072556,-0.0005155556484072556,0.0018897483544789706,-0.11513210248618982,0.02818441082256129,119,184,6.512937189649036e-07,True
DUD-E all102 final retrieval multiseed,rabvs_budgeted_no_ucb,boba_ucb,false_confidence_gap,306,0.24067085300323865,0.23362309298690617,0.007047760016332514,0.007047760016332514,0.0012490037395358339,-0.0694793359933008,0.08720386424871919,157,100,2.1950253745021348e-06,False
LIT-PCBA all15 exact metrics,greedy_surrogate,boba_ucb,ECE,45,0.025134423430218503,0.028036236750670178,-0.002901813320451672,0.002901813320451672,-0.0010938259097821002,-0.022574394721544697,0.005144074850813897,30,3,4.976987838745117e-06,True
LIT-PCBA all15 exact metrics,greedy_surrogate,boba_ucb,Brier,45,0.011073670188020886,0.012340181278209362,-0.0012665110901884714,0.0012665110901884714,-0.00037596583169449997,-0.011969121006458402,0.0007312249059273999,31,2,2.1047890186309814e-07,True
LIT-PCBA all15 exact metrics,greedy_surrogate,boba_ucb,NLL,45,0.05233812948994801,0.054676100405923696,-0.0023379709159756954,0.0023379709159756954,-0.0011223283902147,-0.022485320348688997,0.020365236420801625,29,4,5.099480040371418e-05,True
LIT-PCBA all15 exact metrics,greedy_surrogate,boba_ucb,calib_ECE_test,45,0.00904718352178942,0.014488584647031266,-0.005441401125241847,0.005441401125241847,-0.004002149214185301,-0.0196676331437906,0.0005492555901379995,32,1,4.656612873077393e-10,True
LIT-PCBA all15 exact metrics,greedy_surrogate,boba_ucb,calib_Brier_test,45,0.00629864943729587,0.008415986445244666,-0.0021173370079487983,0.0021173370079487983,-0.0011516903859943002,-0.012188766781134702,-7.920418590653368e-05,33,0,2.3283064365386963e-10,True
LIT-PCBA all15 exact metrics,greedy_surrogate,boba_ucb,calib_NLL_test,45,0.037304102026909036,0.042418941441967395,-0.005114839415058369,0.005114839415058369,-0.004070803957700901,-0.024470777535173877,0.02642489371356288,32,1,7.480848580598831e-07,True
LIT-PCBA all15 exact metrics,greedy_surrogate,boba_ucb,conformal_coverage90,45,0.9932904688723374,0.9865145638270936,0.006775905045243943,0.006775905045243943,0.006353748080200172,0.0005398671096343843,0.014024595687331609,33,0,2.3283064365386963e-10,False
LIT-PCBA all15 exact metrics,greedy_surrogate,boba_ucb,conformal_residual_q90,45,0.28440368285005424,0.25530283811049054,0.02910084473956368,-0.02910084473956368,0.016688948571961293,-0.06863643651256882,0.1719768774524593,9,24,0.005826751468703151,True
LIT-PCBA all15 exact metrics,greedy_surrogate,boba_ucb,risk_coverage_auc,45,0.01195031304741265,0.014202819633752788,-0.002252506586340137,0.002252506586340137,-0.0007635919822629,-0.026203372497981305,0.0011389454318527998,28,5,2.757227048277855e-05,True
LIT-PCBA all15 exact metrics,greedy_surrogate,boba_ucb,false_confidence_gap,45,-0.0414430064697658,-0.04169704670673987,0.00025404023697408036,0.00025404023697408036,0.0,-0.0169257582669521,0.0157657657657657,12,12,0.7682963609695435,False
LIT-PCBA all15 exact metrics,rabvs_budgeted_reliable,boba_ucb,ECE,45,0.028036236750670178,0.028036236750670178,0.0,0.0,0.0,0.0,0.0,0,0,,True
LIT-PCBA all15 exact metrics,rabvs_budgeted_reliable,boba_ucb,Brier,45,0.012340181278209362,0.012340181278209362,0.0,0.0,0.0,0.0,0.0,0,0,,True
LIT-PCBA all15 exact metrics,rabvs_budgeted_reliable,boba_ucb,NLL,45,0.054676100405923696,0.054676100405923696,0.0,0.0,0.0,0.0,0.0,0,0,,True
LIT-PCBA all15 exact metrics,rabvs_budgeted_reliable,boba_ucb,calib_ECE_test,45,0.014488584647031266,0.014488584647031266,0.0,0.0,0.0,0.0,0.0,0,0,,True
LIT-PCBA all15 exact metrics,rabvs_budgeted_reliable,boba_ucb,calib_Brier_test,45,0.008415986445244666,0.008415986445244666,0.0,0.0,0.0,0.0,0.0,0,0,,True
LIT-PCBA all15 exact metrics,rabvs_budgeted_reliable,boba_ucb,calib_NLL_test,45,0.042418941441967395,0.042418941441967395,0.0,0.0,0.0,0.0,0.0,0,0,,True
LIT-PCBA all15 exact metrics,rabvs_budgeted_reliable,boba_ucb,conformal_coverage90,45,0.9865145638270936,0.9865145638270936,0.0,0.0,0.0,0.0,0.0,0,0,,False
LIT-PCBA all15 exact metrics,rabvs_budgeted_reliable,boba_ucb,conformal_residual_q90,45,0.25530283811049054,0.25530283811049054,0.0,0.0,0.0,0.0,0.0,0,0,,True
LIT-PCBA all15 exact metrics,rabvs_budgeted_reliable,boba_ucb,risk_coverage_auc,45,0.014202819633752788,0.014202819633752788,0.0,0.0,0.0,0.0,0.0,0,0,,True
LIT-PCBA all15 exact metrics,rabvs_budgeted_reliable,boba_ucb,false_confidence_gap,45,-0.04169704670673987,-0.04169704670673987,0.0,0.0,0.0,0.0,0.0,0,0,,False
LIT-PCBA all15 exact metrics,rabvs_hit,boba_ucb,ECE,45,0.029430497552513164,0.028036236750670178,0.0013942608018429911,-0.0013942608018429911,0.00044947178787300003,-0.005992423422145999,0.018842624003145098,7,26,0.03874136274680495,True
LIT-PCBA all15 exact metrics,rabvs_hit,boba_ucb,Brier,45,0.013403835236432014,0.012340181278209362,0.0010636539582226552,-0.0010636539582226552,9.715648156459998e-05,-0.000609002254180601,0.012307057196720095,5,28,7.539475336670876e-05,True
LIT-PCBA all15 exact metrics,rabvs_hit,boba_ucb,NLL,45,0.05762950459277451,0.054676100405923696,0.0029534041868508115,-0.0029534041868508115,0.0006743867218648994,-0.0035030736138320015,0.041665803015181024,5,28,0.0023886640556156635,True
LIT-PCBA all15 exact metrics,rabvs_hit,boba_ucb,calib_ECE_test,45,0.01660411220269416,0.014488584647031266,0.0021155275556628945,-0.0021155275556628945,0.0008358343060330001,-0.0173910317669852,0.0261971050264643,9,24,0.024117250693961978,True
LIT-PCBA all15 exact metrics,rabvs_hit,boba_ucb,calib_Brier_test,45,0.009839400768792275,0.008415986445244666,0.0014234143235476045,-0.0014234143235476045,0.0005052112601462004,-0.0037812716452366004,0.015462093789244895,6,27,0.00015815137885510921,True
LIT-PCBA all15 exact metrics,rabvs_hit,boba_ucb,calib_NLL_test,45,0.04572488121370827,0.042418941441967395,0.0033059397717408795,-0.0033059397717408795,0.0015184662271424,-0.015273190231239596,0.03777075520804751,7,26,0.003112601116299629,True
LIT-PCBA all15 exact metrics,rabvs_hit,boba_ucb,conformal_coverage90,45,0.9816986518986651,0.9865145638270936,-0.004815911928428293,-0.004815911928428293,-0.0042572024700203714,-0.018573681443840973,0.0022973485646842207,5,28,2.4889595806598663e-07,False
LIT-PCBA all15 exact metrics,rabvs_hit,boba_ucb,conformal_residual_q90,45,0.23748678202776086,0.25530283811049054,-0.01781605608272965,0.01781605608272965,-0.0109712326553503,-0.15943289398951122,0.08121694413878017,20,13,0.11677635926753283,True
LIT-PCBA all15 exact metrics,rabvs_hit,boba_ucb,risk_coverage_auc,45,0.016026947689547322,0.014202819633752788,0.0018241280557945332,-0.0018241280557945332,0.00023570624725320014,-0.0091837671470025,0.0332087990738886,11,22,0.033738494385033846,True
LIT-PCBA all15 exact metrics,rabvs_hit,boba_ucb,false_confidence_gap,45,-0.041111556505274774,-0.04169704670673987,0.000585490201465105,0.000585490201465105,0.0,-0.0078277919805557,0.0225225225225225,9,14,0.5131380239117524,False
LIT-PCBA all15 exact metrics,rabvs_reliable,boba_ucb,ECE,45,0.029430497552513164,0.028036236750670178,0.0013942608018429911,-0.0013942608018429911,0.00044947178787300003,-0.005992423422145999,0.018842624003145098,7,26,0.03874136274680495,True
LIT-PCBA all15 exact metrics,rabvs_reliable,boba_ucb,Brier,45,0.013403835236432014,0.012340181278209362,0.0010636539582226552,-0.0010636539582226552,9.715648156459998e-05,-0.000609002254180601,0.012307057196720095,5,28,7.539475336670876e-05,True
LIT-PCBA all15 exact metrics,rabvs_reliable,boba_ucb,NLL,45,0.05762950459277451,0.054676100405923696,0.0029534041868508115,-0.0029534041868508115,0.0006743867218648994,-0.0035030736138320015,0.041665803015181024,5,28,0.0023886640556156635,True
LIT-PCBA all15 exact metrics,rabvs_reliable,boba_ucb,calib_ECE_test,45,0.01660411220269416,0.014488584647031266,0.0021155275556628945,-0.0021155275556628945,0.0008358343060330001,-0.0173910317669852,0.0261971050264643,9,24,0.024117250693961978,True
LIT-PCBA all15 exact metrics,rabvs_reliable,boba_ucb,calib_Brier_test,45,0.009839400768792275,0.008415986445244666,0.0014234143235476045,-0.0014234143235476045,0.0005052112601462004,-0.0037812716452366004,0.015462093789244895,6,27,0.00015815137885510921,True
LIT-PCBA all15 exact metrics,rabvs_reliable,boba_ucb,calib_NLL_test,45,0.04572488121370827,0.042418941441967395,0.0033059397717408795,-0.0033059397717408795,0.0015184662271424,-0.015273190231239596,0.03777075520804751,7,26,0.003112601116299629,True
LIT-PCBA all15 exact metrics,rabvs_reliable,boba_ucb,conformal_coverage90,45,0.9816986518986651,0.9865145638270936,-0.004815911928428293,-0.004815911928428293,-0.0042572024700203714,-0.018573681443840973,0.0022973485646842207,5,28,2.4889595806598663e-07,False
LIT-PCBA all15 exact metrics,rabvs_reliable,boba_ucb,conformal_residual_q90,45,0.23748678202776086,0.25530283811049054,-0.01781605608272965,0.01781605608272965,-0.0109712326553503,-0.15943289398951122,0.08121694413878017,20,13,0.11677635926753283,True
LIT-PCBA all15 exact metrics,rabvs_reliable,boba_ucb,risk_coverage_auc,45,0.016026947689547322,0.014202819633752788,0.0018241280557945332,-0.0018241280557945332,0.00023570624725320014,-0.0091837671470025,0.0332087990738886,11,22,0.033738494385033846,True
LIT-PCBA all15 exact metrics,rabvs_reliable,boba_ucb,false_confidence_gap,45,-0.041111556505274774,-0.04169704670673987,0.000585490201465105,0.000585490201465105,0.0,-0.0078277919805557,0.0225225225225225,9,14,0.5131380239117524,False
