comparison,metric,n_pairs,left_mean,right_mean,mean_delta,std_delta,median_delta,min_delta,max_delta,negative_count,zero_count,positive_count,wilcoxon_p_nonzero
dude_main_minus_fair_boba,AUBC,306,0.8428371464696931,0.8151808417260196,0.02765630474367356,0.03338935124523939,0.018810276727730946,-0.03413414679862048,0.18403966894977175,35,19,252,1.3301942598473883e-38
dude_main_minus_fair_boba,Hit@100,306,88.55228758169935,94.23202614379085,-5.6797385620915035,9.569523752489406,0.0,-56.0,2.0,144,159,3,1.3209565141271626e-25
dude_main_minus_fair_boba,Hit@500,306,208.95098039215685,209.31372549019608,-0.3627450980392157,10.745450473682011,0.0,-52.0,34.0,58,132,116,0.004912594025698307
dude_main_minus_fair_boba,Hit@1000,306,219.4281045751634,217.7450980392157,1.6830065359477124,4.0213575857841874,0.0,-14.0,22.0,34,153,119,5.062323937747518e-15
dude_main_minus_fair_boba,Recall@1000,306,0.9879233861036182,0.9837056519194833,0.00421773418413479,0.012700955376851463,0.0,-0.058252427184465994,0.08227848101265822,34,153,119,2.680738690957622e-11
dude_main_minus_fair_boba,EF_0.1pct,306,60.95091181633888,62.59803419495971,-1.6471223786208231,7.066728262740271,0.0,-45.43315508021391,0.0,19,287,0,0.0001291638348597159
dude_main_minus_fair_boba,EF_1pct,306,57.50015537195522,62.52776029729011,-5.027604925334885,6.4357856192085645,-2.14639194131221,-31.228448275862064,0.0,205,101,0,2.1740102683435646e-35
dude_main_minus_fair_boba,BEDROC_alpha20,306,0.9705077240253791,0.9815264855889411,-0.011018761563562136,0.023771976886357474,-0.0039379908264978725,-0.16812838334086588,0.05521252783249153,220,13,73,4.93659050167525e-21
dude_main_minus_fair_boba,PAINS_free_ratio_at1000,306,0.9682614379084967,0.9343398692810458,0.03392156862745096,0.018226814838876376,0.031000000000000028,-0.0030000000000000027,0.08299999999999996,4,0,302,7.06694489888044e-52
dude_main_minus_fair_boba,Brenk_free_ratio_at1000,306,0.758813725490196,0.5326470588235295,0.22616666666666665,0.07778141924860892,0.24200000000000013,0.025000000000000022,0.4180000000000001,0,0,306,6.3465155103629376e-52
dude_main_minus_fair_boba,PAINS_Brenk_free_ratio_at1000,306,0.7486633986928105,0.511516339869281,0.23714705882352943,0.08040900329560895,0.254,0.03300000000000003,0.435,0,0,306,6.3472406932122405e-52
dude_main_minus_fair_boba,unique_scaffold_count@1000,306,935.9575163398692,851.8137254901961,84.14379084967321,45.84620309654037,80.5,-72.0,207.0,3,0,303,9.437767236364294e-51
dude_main_minus_fair_boba,mean_pairwise_tanimoto_at1000,306,0.11194998441477366,0.1114687414712151,0.00048124294355856206,0.0040304747654133204,0.0005560432219123002,-0.010671974373819393,0.012300958010993193,142,0,164,0.03175356093643838
dude_main_minus_original_boba,AUBC,306,0.8428371464696931,0.8151808417260196,0.02765630474367356,0.03338935124523939,0.018810276727730946,-0.03413414679862048,0.18403966894977175,35,19,252,1.3301942598473883e-38
dude_main_minus_original_boba,Hit@100,306,88.55228758169935,93.02287581699346,-4.470588235294118,7.946178645278547,0.0,-34.0,18.0,139,149,18,9.346466998686168e-22
dude_main_minus_original_boba,Hit@500,306,208.95098039215685,205.20261437908496,3.7483660130718954,11.238053647333656,1.0,-50.0,48.0,33,105,168,6.387856245207302e-15
dude_main_minus_original_boba,Hit@1000,306,219.4281045751634,213.66013071895424,5.76797385620915,9.205580300457257,2.0,-2.0,60.0,7,111,188,1.1107849197653886e-32
dude_main_minus_original_boba,Recall@1000,306,0.9879233861036182,0.9699342194901991,0.01798916661341921,0.024327503062157158,0.00952726612830046,-0.02127659574468077,0.12658227848101278,7,111,188,2.819159885998633e-31
dude_main_minus_original_boba,EF_0.1pct,306,60.95091181633888,62.56491040105561,-1.6139985847167306,7.086581450523184,0.0,-45.43315508021391,5.867647058823536,19,285,2,0.00010476280657522284
dude_main_minus_original_boba,EF_1pct,306,57.50015537195522,61.7621350670736,-4.261979695118378,6.125182103610661,-1.928893750854641,-31.228448275862064,12.32205882352941,198,85,23,8.95476762004056e-31
dude_main_minus_original_boba,BEDROC_alpha20,306,0.9705077240253791,0.9677112272901652,0.0027964967352135904,0.02713301157116363,0.001623623768122473,-0.13668580533229513,0.10100825563524429,123,13,170,0.0006648215860641588
dude_main_minus_original_boba,PAINS_free_ratio_at1000,306,0.9682614379084967,0.9238235294117647,0.04443790849673201,0.025013656614949666,0.04200000000000004,-0.0030000000000000027,0.11699999999999999,2,0,304,6.674089822833112e-52
dude_main_minus_original_boba,Brenk_free_ratio_at1000,306,0.758813725490196,0.5313104575163399,0.2275032679738562,0.08066210633947889,0.24200000000000013,0.02499999999999991,0.4120000000000001,0,0,306,6.3471643543409775e-52
dude_main_minus_original_boba,PAINS_Brenk_free_ratio_at1000,306,0.7486633986928105,0.5071830065359477,0.24148039215686276,0.0838574978290003,0.255,0.03500000000000003,0.425,0,0,306,6.34670634006052e-52
dude_main_minus_original_boba,unique_scaffold_count@1000,306,935.9575163398692,839.7875816993464,96.16993464052288,45.518548314411916,98.0,-10.0,217.0,1,0,305,6.429333693043234e-52
dude_main_minus_original_boba,mean_pairwise_tanimoto_at1000,306,0.11194998441477366,0.11717020565732934,-0.00522022124255567,0.006652556557608148,-0.004867710253265649,-0.02810954859678208,0.0296116421413629,261,0,45,4.901983642315244e-35
lit_main_minus_boba,AUBC,45,0.7920664510868926,0.7920664510868926,0.0,0.0,0.0,0.0,0.0,0,45,0,
lit_main_minus_boba,Hit@100,45,12.688888888888888,13.6,-0.9111111111111111,2.6698844222705276,0.0,-9.0,3.0,20,13,12,0.07470910969099531
lit_main_minus_boba,Hit@500,45,22.08888888888889,23.266666666666666,-1.1777777777777778,2.1980248249992838,-1.0,-8.0,3.0,24,17,4,0.0005113827330934706
lit_main_minus_boba,Hit@1000,45,29.22222222222222,29.866666666666667,-0.6444444444444445,1.7471477477664141,0.0,-9.0,2.0,15,26,4,0.01272576678948356
lit_main_minus_boba,Recall@1000,45,0.6707204573450508,0.6750925825501766,-0.004372125205125585,0.013615063231626376,0.0,-0.04166666666666674,0.024390243902438935,15,26,4,0.034588585761742716
lit_main_minus_boba,EF_0.1pct,45,294.24576846648284,289.40330748199136,4.842460984491484,28.78010721609885,0.0,-43.05729166666663,111.13111111111118,11,24,10,0.7150830245723969
lit_main_minus_boba,EF_1pct,45,46.88169857184643,52.565188227845354,-5.683489655998916,11.18724200695598,-0.5220049378845477,-33.74074074074072,4.15010040160643,24,18,3,0.0001148588889837464
lit_main_minus_boba,BEDROC_alpha20,45,0.5779183377085813,0.6538744590655481,-0.07595612135696685,0.14084099902926703,-0.014338237865810677,-0.476964486877126,0.06393457937843072,37,0,8,6.497430422828148e-06
lit_main_minus_boba,PAINS_free_ratio_at1000,45,0.9435463882612999,0.9130130549279666,0.030533333333333336,0.027406535385162824,0.025000000000000022,0.0,0.10499999999999998,0,12,33,5.372005190565124e-07
lit_main_minus_boba,Brenk_free_ratio_at1000,45,0.6943888290733449,0.5466110512955671,0.1477777777777778,0.14489979121775676,0.14,0.0,0.6040000000000001,0,12,33,5.385990057983034e-07
lit_main_minus_boba,PAINS_Brenk_free_ratio_at1000,45,0.6800161438822999,0.5215494772156332,0.15846666666666667,0.14988656316755622,0.15100000000000002,0.0,0.619,0,12,33,5.385990057983034e-07
lit_main_minus_boba,unique_scaffold_count@1000,45,816.5777777777778,737.0666666666667,79.5111111111111,69.98883749382735,73.0,0.0,277.0,0,12,33,5.374799694784892e-07
lit_main_minus_boba,mean_pairwise_tanimoto_at1000,45,0.12003204417061682,0.121660759007006,-0.001628714836389187,0.0028052307791139723,-0.0006041559057142071,-0.010681336857050583,0.00171078611271408,25,12,8,3.0624447390437126e-05
