dataset,method,AUBC_vs_boba_diff,AUBC_vs_boba_p,AUBC_vs_q75_diff,AUBC_vs_q75_p,Hit@1000_vs_boba_diff,Hit@1000_vs_boba_p,Hit@1000_vs_q75_diff,Hit@1000_vs_q75_p,hits_per_1000_inferences_vs_boba_diff,hits_per_1000_inferences_vs_boba_p,hits_per_1000_inferences_vs_q75_diff,hits_per_1000_inferences_vs_q75_p,PAINS_Brenk_free_ratio_at1000_vs_boba_diff,PAINS_Brenk_free_ratio_at1000_vs_boba_p,PAINS_Brenk_free_ratio_at1000_vs_q75_diff,PAINS_Brenk_free_ratio_at1000_vs_q75_p,unique_scaffold_count@1000_vs_boba_diff,unique_scaffold_count@1000_vs_boba_p,unique_scaffold_count@1000_vs_q75_diff,unique_scaffold_count@1000_vs_q75_p
DUD-E fixed20,rabvs_budgeted_reliable,0.0,1.0,0.0,1.0,-0.2166666666666666,0.46513,0.0,1.0,-0.0846130283146559,0.26913,0.0,1.0,0.273,0.0,0.0,1.0,105.35,0.0,0.0,1.0
DUD-E fixed20,rabvs_budgeted_reliable_no_density,0.0,1.0,0.0,1.0,0.1833333333333333,0.4741,0.4,0.01829,0.0516478421751872,0.42464,0.1362608704898432,0.0059,0.27035,0.0,-0.00265,0.15988,110.03333333333332,0.0,4.683333333333334,0.0998
DUD-E fixed20,rabvs_budgeted_reliable_no_alert,0.0,1.0,0.0,1.0,0.25,0.34893,0.4666666666666667,0.01546,0.0555040473612862,0.41338,0.1401170756759422,0.01078,0.0163333333333333,0.0,-0.2566666666666666,0.0,107.16666666666669,0.0,1.8166666666666669,0.66746
DUD-E fixed20,rabvs_budgeted_reliable_no_novelty,0.0,1.0,0.0,1.0,-1.0333333333333334,5e-05,-0.8166666666666667,1e-05,-0.3122757193562547,2e-05,-0.2276626910415987,1e-05,0.26615,0.0,-0.0068499999999999,0.01466,-6.7,0.00533,-112.05,0.0
DUD-E fixed20,rabvs_budgeted_reliable_q50,0.0,1.0,0.0,1.0,-2.283333333333333,0.0,-2.066666666666667,0.0,-0.7292469758061909,0.0,-0.6446339474915349,0.0,0.2665,0.0,-0.0064999999999999,0.33514,91.66666666666669,0.0,-13.683333333333334,0.00414
DUD-E fixed20,rabvs_budgeted_reliable_q90,0.0,1.0,0.0,1.0,0.2333333333333333,0.40228,0.45,0.00597,0.0618592561951949,0.36837,0.1464722845098509,0.00244,0.2715166666666667,0.0,-0.0014833333333333,0.34301,108.61666666666666,0.0,3.2666666666666666,0.06821
LIT-PCBA AVE all15,rabvs_budgeted_reliable,0.0,1.0,0.0,1.0,-0.6444444444444445,0.01066,0.0,1.0,-0.1682692307692306,0.00541,0.0,1.0,0.1584666666666666,0.0,0.0,1.0,79.5111111111111,0.0,0.0,1.0
LIT-PCBA AVE all15,rabvs_budgeted_reliable_no_density,0.0,1.0,0.0,1.0,-0.7555555555555555,0.00872,-0.1111111111111111,0.62162,-0.1831819800569798,0.00553,-0.0149127492877492,0.75895,0.1594888888888889,0.0,0.0010222222222222,0.23727,80.28888888888889,0.0,0.7777777777777778,0.52674
LIT-PCBA AVE all15,rabvs_budgeted_reliable_no_alert,0.0,1.0,0.0,1.0,-0.0222222222222222,1.0,0.6222222222222222,0.00295,-0.0154691951566947,0.85512,0.1528000356125358,0.0024,0.0039555555555555,0.09699,-0.1545111111111111,0.0,74.82222222222222,0.0,-4.688888888888889,0.0
LIT-PCBA AVE all15,rabvs_budgeted_reliable_no_novelty,0.0,1.0,0.0,1.0,-1.022222222222222,0.00335,-0.3777777777777777,0.07775,-0.2617521367521362,0.00276,-0.0934829059829056,0.06806,0.1483333333333333,0.0,-0.0101333333333333,1e-05,0.4888888888888889,0.83205,-79.02222222222223,0.0
LIT-PCBA AVE all15,rabvs_budgeted_reliable_q50,0.0,1.0,0.0,1.0,-1.0444444444444445,0.00993,-0.4,0.14352,-0.2736600783475779,0.00617,-0.1053908475783473,0.09569,0.1549333333333333,0.0,-0.0035333333333333,0.03642,72.24444444444444,0.0,-7.266666666666667,0.00182
LIT-PCBA AVE all15,rabvs_budgeted_reliable_q90,0.0,1.0,0.0,1.0,-1.022222222222222,0.0044,-0.3777777777777777,0.13338,-0.2520699786324782,0.0023,-0.0838007478632476,0.18545,0.1597555555555555,0.0,0.0012888888888888,0.05972,80.28888888888889,0.0,0.7777777777777778,0.37331
