seed,target,Hit@1000_new,AUBC_new,PAINS_Brenk_free_ratio_at1000_new,unique_scaffold_count@1000_new,Hit@1000_base,AUBC_base,PAINS_Brenk_free_ratio_at1000_base,unique_scaffold_count@1000_base,d_hit,d_aubc,d_risk,d_scaf
1,ital,136,0.8690257352941176,0.796,978,138,0.8369360902255639,0.4619999999999999,819,-2,0.03208964506855372,0.33400000000000013,159
1,fak1,99,0.8712121212121212,0.808,927,100,0.8698453608247423,0.5569999999999999,852,-1,0.0013667603873789291,0.2510000000000001,75
2,fabp4,46,0.8736702127659575,0.628,689,47,0.8683510638297872,0.4549999999999999,656,-1,0.005319148936170248,0.1730000000000001,33
2,hivint,99,0.8699494949494949,0.786,951,100,0.8623737373737373,0.469,823,-1,0.007575757575757569,0.31700000000000006,128
0,fabp4,46,0.8683510638297872,0.628,677,47,0.8590425531914894,0.4639999999999999,643,-1,0.009308510638297851,0.1640000000000001,34
1,lkha4,170,0.8724264705882353,0.877,959,171,0.856359649122807,0.639,804,-1,0.01606682146542826,0.238,155
2,jak2,106,0.8702380952380953,0.858,989,107,0.8282710280373832,0.562,908,-1,0.04196706720071208,0.29599999999999993,81
2,xiap,100,0.835625,0.721,832,100,0.858125,0.469,681,0,-0.022500000000000075,0.252,151
1,pa2ga,99,0.8535353535353535,0.632,849,99,0.8636363636363636,0.344,736,0,-0.010101010101010166,0.28800000000000003,113
1,reni,104,0.8659855769230769,0.6659999999999999,932,104,0.8700980392156863,0.421,844,0,-0.00411246229260942,0.24499999999999994,88
1,ace,282,0.8674645390070922,0.77,980,282,0.8704212454212454,0.433,852,0,-0.002956706414153243,0.337,128
1,hmdh,170,0.8738970588235294,0.881,963,170,0.875,0.522,823,0,-0.0011029411764705843,0.359,140
2,pygm,77,0.8733766233766234,0.825,880,77,0.8741666666666666,0.5680000000000001,786,0,-0.0007900432900432852,0.2569999999999999,94
2,fa7,114,0.8744517543859649,0.6759999999999999,878,114,0.875,0.402,772,0,-0.0005482456140351033,0.2739999999999999,106
0,ada,93,0.8716397849462365,0.833,814,93,0.8716397849462365,0.505,738,0,0.0,0.32799999999999996,76
