experiment,status,dataset,budget,comparison,method,baseline,metric,n_pairs,method_mean,baseline_mean,mean_delta,std_delta,median_delta,min_delta,max_delta,negative_count,zero_count,positive_count,wilcoxon_p_nonzero
fixed20_standard_finalretrieval0p5,promoted_multiseed,DUD-E fixed20,standard,vs_original_boba,rabvs_budgeted_reliable,boba_ucb,AUBC,60,0.7977293740795816,0.7970690649758605,0.0006603091037208575,0.00869899048591715,0.0,-0.032396331738437034,0.033740497235559386,5,43,12,0.4037628173828125
fixed20_standard_finalretrieval0p5,promoted_multiseed,DUD-E fixed20,standard,vs_original_boba,rabvs_budgeted_reliable,boba_ucb,Hit@100,60,86.21666666666667,90.55,-4.333333333333333,10.29178818062256,0.0,-31.0,17.0,21,33,6,0.0019285832769754241
fixed20_standard_finalretrieval0p5,promoted_multiseed,DUD-E fixed20,standard,vs_original_boba,rabvs_budgeted_reliable,boba_ucb,Hit@500,60,208.31666666666666,209.06666666666666,-0.75,11.360987364586983,0.5,-48.0,17.0,11,19,30,0.07528041712649824
fixed20_standard_finalretrieval0p5,promoted_multiseed,DUD-E fixed20,standard,vs_original_boba,rabvs_budgeted_reliable,boba_ucb,Hit@1000,60,220.61666666666667,216.36666666666667,4.25,8.294627626218498,1.0,-2.0,43.0,8,15,37,7.962588786694656e-06
fixed20_standard_finalretrieval0p5,promoted_multiseed,DUD-E fixed20,standard,vs_original_boba,rabvs_budgeted_reliable,boba_ucb,Recall@1000,60,0.9686411926407388,0.9549528547192451,0.013688337921493775,0.02245360336885687,0.0064250174760475676,-0.01666666666666672,0.09071729957805907,8,15,37,3.494754825282804e-06
fixed20_standard_finalretrieval0p5,promoted_multiseed,DUD-E fixed20,standard,vs_original_boba,rabvs_budgeted_reliable,boba_ucb,EF_0.1pct,60,63.29422214232074,63.12529079340986,0.16893134891087247,0.9291406124725161,0.0,0.0,5.867647058823536,0,58,2,0.5
fixed20_standard_finalretrieval0p5,promoted_multiseed,DUD-E fixed20,standard,vs_original_boba,rabvs_budgeted_reliable,boba_ucb,EF_1pct,60,55.52226619828738,61.14996810120756,-5.627701902920174,8.117262179759217,-2.755318076418991,-31.228448275862064,8.801470588235297,41,16,3,1.1351381601834897e-06
fixed20_standard_finalretrieval0p5,promoted_multiseed,DUD-E fixed20,standard,vs_original_boba,rabvs_budgeted_reliable,boba_ucb,PAINS_Brenk_free_ratio_at1000,60,0.7322333333333333,0.5263833333333333,0.20584999999999998,0.07710301825304126,0.22250000000000003,0.04999999999999988,0.32199999999999995,0,0,60,1.6293000864348577e-11
fixed20_standard_finalretrieval0p5,promoted_multiseed,DUD-E fixed20,standard,vs_original_boba,rabvs_budgeted_reliable,boba_ucb,unique_scaffold_count@1000,60,943.4666666666667,859.6,83.86666666666666,39.5437825007077,83.5,18.0,156.0,0,0,60,1.6272557440845505e-11
fixed20_standard_finalretrieval0p5,promoted_multiseed,DUD-E fixed20,standard,vs_original_boba,rabvs_budgeted_reliable,boba_ucb,hits_per_1000_inferences,60,64.08647662012235,62.93972300404544,1.1467536160769034,2.0994183933148993,0.35511363636364024,-0.7102272727272734,10.498046875,8,15,37,4.701488588583226e-06
fixed20_standard_finalretrieval0p5,promoted_multiseed,DUD-E fixed20,standard,vs_finalretrieval_boba,rabvs_budgeted_reliable,boba_ucb,AUBC,60,0.7977293740795816,0.7977293740795816,0.0,0.0,0.0,0.0,0.0,0,60,0,
fixed20_standard_finalretrieval0p5,promoted_multiseed,DUD-E fixed20,standard,vs_finalretrieval_boba,rabvs_budgeted_reliable,boba_ucb,Hit@100,60,86.21666666666667,93.66666666666667,-7.45,14.696275326577693,0.0,-56.0,0.0,23,37,0,2.6328439358664355e-05
fixed20_standard_finalretrieval0p5,promoted_multiseed,DUD-E fixed20,standard,vs_finalretrieval_boba,rabvs_budgeted_reliable,boba_ucb,Hit@500,60,208.31666666666666,213.98333333333332,-5.666666666666667,15.528723158645503,0.0,-67.0,2.0,28,23,9,0.00040016227743371865
fixed20_standard_finalretrieval0p5,promoted_multiseed,DUD-E fixed20,standard,vs_finalretrieval_boba,rabvs_budgeted_reliable,boba_ucb,Hit@1000,60,220.61666666666667,221.11666666666667,-0.5,2.3397812443017916,0.0,-7.0,9.0,24,27,9,0.027604312480098057
fixed20_standard_finalretrieval0p5,promoted_multiseed,DUD-E fixed20,standard,vs_finalretrieval_boba,rabvs_budgeted_reliable,boba_ucb,Recall@1000,60,0.9686411926407388,0.9726983052850885,-0.0040571126443497176,0.01119259731033304,0.0,-0.05833333333333324,0.01898734177215189,24,27,9,0.004369913157674353
fixed20_standard_finalretrieval0p5,promoted_multiseed,DUD-E fixed20,standard,vs_finalretrieval_boba,rabvs_budgeted_reliable,boba_ucb,EF_0.1pct,60,63.29422214232074,63.29422214232074,0.0,0.0,0.0,0.0,0.0,0,60,0,
fixed20_standard_finalretrieval0p5,promoted_multiseed,DUD-E fixed20,standard,vs_finalretrieval_boba,rabvs_budgeted_reliable,boba_ucb,EF_1pct,60,55.52226619828738,63.19642802467367,-7.674161826386294,8.937141045518967,-4.662462821198261,-31.228448275862064,0.0,44,16,0,7.604826228942754e-09
fixed20_standard_finalretrieval0p5,promoted_multiseed,DUD-E fixed20,standard,vs_finalretrieval_boba,rabvs_budgeted_reliable,boba_ucb,PAINS_Brenk_free_ratio_at1000,60,0.7322333333333333,0.5301333333333332,0.20210000000000003,0.06889409706331516,0.21350000000000002,0.06800000000000006,0.30499999999999994,0,0,60,1.6282776218416573e-11
fixed20_standard_finalretrieval0p5,promoted_multiseed,DUD-E fixed20,standard,vs_finalretrieval_boba,rabvs_budgeted_reliable,boba_ucb,unique_scaffold_count@1000,60,943.4666666666667,866.5333333333333,76.93333333333334,46.64720336655675,67.0,7.0,190.0,0,0,60,1.6254688691699657e-11
fixed20_standard_finalretrieval0p5,promoted_multiseed,DUD-E fixed20,standard,vs_finalretrieval_boba,rabvs_budgeted_reliable,boba_ucb,hits_per_1000_inferences,60,64.08647662012235,64.26576060248297,-0.17928398236061155,0.6737805959070018,0.0,-2.4857954545454604,2.197265625,24,27,9,0.013305543110343198
fixed20_standard_finalretrieval0p5,promoted_multiseed,DUD-E fixed20,standard,vs_original_boba,rabvs_budgeted_no_ucb,boba_ucb,AUBC,60,0.8291661767301528,0.7970690649758605,0.03209711175429217,0.03694360532843031,0.0253165500006714,-0.029916512059369182,0.14544400609080843,9,3,48,4.640086585404742e-09
fixed20_standard_finalretrieval0p5,promoted_multiseed,DUD-E fixed20,standard,vs_original_boba,rabvs_budgeted_no_ucb,boba_ucb,Hit@100,60,86.61666666666666,90.55,-3.933333333333333,10.063976143612873,0.0,-34.0,18.0,21,31,8,0.00183367614235961
fixed20_standard_finalretrieval0p5,promoted_multiseed,DUD-E fixed20,standard,vs_original_boba,rabvs_budgeted_no_ucb,boba_ucb,Hit@500,60,215.63333333333333,209.06666666666666,6.566666666666666,11.024420760627047,3.0,-14.0,45.0,3,12,45,4.299277396058716e-07
fixed20_standard_finalretrieval0p5,promoted_multiseed,DUD-E fixed20,standard,vs_original_boba,rabvs_budgeted_no_ucb,boba_ucb,Hit@1000,60,223.43333333333334,216.36666666666667,7.066666666666666,10.63391865629508,2.5,0.0,52.0,0,12,48,1.5121974394803223e-09
fixed20_standard_finalretrieval0p5,promoted_multiseed,DUD-E fixed20,standard,vs_original_boba,rabvs_budgeted_no_ucb,boba_ucb,Recall@1000,60,0.9812103152243784,0.9549528547192451,0.026257460505133525,0.030200843251237904,0.015599561017378527,0.0,0.1352941176470588,0,12,48,1.6282105858388913e-09
fixed20_standard_finalretrieval0p5,promoted_multiseed,DUD-E fixed20,standard,vs_original_boba,rabvs_budgeted_no_ucb,boba_ucb,EF_0.1pct,60,63.29422214232074,63.12529079340986,0.16893134891087247,0.9291406124725161,0.0,0.0,5.867647058823536,0,58,2,0.5
fixed20_standard_finalretrieval0p5,promoted_multiseed,DUD-E fixed20,standard,vs_original_boba,rabvs_budgeted_no_ucb,boba_ucb,EF_1pct,60,56.816603338208246,61.14996810120756,-4.333364762999309,8.146059738069528,-1.5836203426219981,-31.228448275862064,11.735294117647065,38,19,3,1.4580320106903384e-05
fixed20_standard_finalretrieval0p5,promoted_multiseed,DUD-E fixed20,standard,vs_original_boba,rabvs_budgeted_no_ucb,boba_ucb,PAINS_Brenk_free_ratio_at1000,60,0.7552166666666665,0.5263833333333333,0.2288333333333334,0.08410751123608215,0.26299999999999996,0.049000000000000044,0.344,0,0,60,1.6282776218416573e-11
fixed20_standard_finalretrieval0p5,promoted_multiseed,DUD-E fixed20,standard,vs_original_boba,rabvs_budgeted_no_ucb,boba_ucb,unique_scaffold_count@1000,60,946.35,859.6,86.75,39.62178180269458,85.5,11.0,155.0,0,0,60,1.6247036151056764e-11
fixed20_standard_finalretrieval0p5,promoted_multiseed,DUD-E fixed20,standard,vs_original_boba,rabvs_budgeted_no_ucb,boba_ucb,hits_per_1000_inferences,60,64.92030191620397,62.93972300404544,1.980578912158516,2.7168512066160133,0.8621130257009337,0.0,12.6953125,0,12,48,1.6250164675299403e-09
fixed20_standard_finalretrieval0p5,promoted_multiseed,DUD-E fixed20,standard,vs_finalretrieval_boba,rabvs_budgeted_no_ucb,boba_ucb,AUBC,60,0.8291661767301528,0.7977293740795816,0.03143680265057132,0.03634588920896131,0.026212900709706832,-0.029916512059369182,0.13569752046220507,9,3,48,9.89799254795921e-09
fixed20_standard_finalretrieval0p5,promoted_multiseed,DUD-E fixed20,standard,vs_finalretrieval_boba,rabvs_budgeted_no_ucb,boba_ucb,Hit@100,60,86.61666666666666,93.66666666666667,-7.05,14.6118421906134,0.0,-56.0,1.0,21,37,2,3.9678071951398936e-05
fixed20_standard_finalretrieval0p5,promoted_multiseed,DUD-E fixed20,standard,vs_finalretrieval_boba,rabvs_budgeted_no_ucb,boba_ucb,Hit@500,60,215.63333333333333,213.98333333333332,1.65,9.902619068043549,2.0,-31.0,34.0,6,19,35,0.002646655546319042
fixed20_standard_finalretrieval0p5,promoted_multiseed,DUD-E fixed20,standard,vs_finalretrieval_boba,rabvs_budgeted_no_ucb,boba_ucb,Hit@1000,60,223.43333333333334,221.11666666666667,2.316666666666667,4.42447609334314,1.0,-2.0,22.0,5,21,34,4.052373671960491e-06
fixed20_standard_finalretrieval0p5,promoted_multiseed,DUD-E fixed20,standard,vs_finalretrieval_boba,rabvs_budgeted_no_ucb,boba_ucb,Recall@1000,60,0.9812103152243784,0.9726983052850885,0.00851200993929003,0.01331692364133996,0.0036317857048694946,-0.006825938566553003,0.04856512141280356,5,21,34,1.0369844131760078e-06
fixed20_standard_finalretrieval0p5,promoted_multiseed,DUD-E fixed20,standard,vs_finalretrieval_boba,rabvs_budgeted_no_ucb,boba_ucb,EF_0.1pct,60,63.29422214232074,63.29422214232074,0.0,0.0,0.0,0.0,0.0,0,60,0,
fixed20_standard_finalretrieval0p5,promoted_multiseed,DUD-E fixed20,standard,vs_finalretrieval_boba,rabvs_budgeted_no_ucb,boba_ucb,EF_1pct,60,56.816603338208246,63.19642802467367,-6.379824686465429,8.523899872976951,-2.6567911924789627,-31.228448275862064,0.0,42,18,0,1.6395007786711762e-08
fixed20_standard_finalretrieval0p5,promoted_multiseed,DUD-E fixed20,standard,vs_finalretrieval_boba,rabvs_budgeted_no_ucb,boba_ucb,PAINS_Brenk_free_ratio_at1000,60,0.7552166666666665,0.5301333333333332,0.22508333333333336,0.07759767855750663,0.25099999999999995,0.06600000000000006,0.343,0,0,60,1.6285331829622064e-11
fixed20_standard_finalretrieval0p5,promoted_multiseed,DUD-E fixed20,standard,vs_finalretrieval_boba,rabvs_budgeted_no_ucb,boba_ucb,unique_scaffold_count@1000,60,946.35,866.5333333333333,79.81666666666666,45.69370822937675,76.0,3.0,206.0,0,0,60,1.6275111585245615e-11
fixed20_standard_finalretrieval0p5,promoted_multiseed,DUD-E fixed20,standard,vs_finalretrieval_boba,rabvs_budgeted_no_ucb,boba_ucb,hits_per_1000_inferences,60,64.92030191620397,64.26576060248297,0.6545413137210011,1.1666882872510984,0.3004807692307736,-0.600961538461533,5.729166666666686,5,21,34,2.078649836406201e-06
