experiment,comparison,seed,target,delta_AUBC,delta_Hit@1000,delta_PAINS_Brenk_free_ratio_at1000,delta_unique_scaffold_count@1000,delta_hits_per_1000_inferences
fixed20_standard_finalretrieval0p5,vs_original_boba,1,ace,-0.002956706414153243,0,0.337,128,0.0
fixed20_standard_finalretrieval0p5,vs_original_boba,0,ada,0.0,0,0.32799999999999996,76,0.0
fixed20_standard_finalretrieval0p5,vs_original_boba,0,comt,0.0,0,0.33999999999999997,112,0.0
fixed20_standard_finalretrieval0p5,vs_original_boba,2,comt,0.0,0,0.3000000000000001,123,0.0
fixed20_standard_finalretrieval0p5,vs_original_boba,2,braf,0.004185982339955818,0,0.29700000000000004,82,0.0
fixed20_standard_finalretrieval0p5,vs_original_boba,1,comt,0.0060975609756097615,0,0.32099999999999995,133,0.0
fixed20_standard_finalretrieval0p5,vs_original_boba,1,ampc,0.00651041666666663,0,0.19000000000000006,133,0.0
fixed20_standard_finalretrieval0p5,vs_original_boba,0,cah2,0.007690673730507802,0,0.28300000000000003,126,0.0
fixed20_standard_finalretrieval0p5,vs_original_boba,2,aldr,0.020029302458547837,0,0.3140000000000001,131,0.0
fixed20_standard_finalretrieval0p5,vs_original_boba,1,aldr,0.03359472018587506,0,0.328,138,0.0
fixed20_standard_finalretrieval0p5,vs_original_boba,0,aldr,0.034763950646957475,0,0.2980000000000001,128,0.0
fixed20_standard_finalretrieval0p5,vs_original_boba,1,akt2,0.036135978485116405,0,0.264,133,0.0
fixed20_standard_finalretrieval0p5,vs_original_boba,2,cah2,-0.029916512059369182,1,0.252,115,0.244140625
fixed20_standard_finalretrieval0p5,vs_original_boba,2,ampc,-0.004986702127659615,1,0.19500000000000006,152,0.3738317757009355
fixed20_standard_finalretrieval0p5,vs_original_boba,2,ada,-0.0033602150537634934,1,0.30899999999999994,125,0.3595828838547277
fixed20_standard_finalretrieval0p5,vs_original_boba,1,ada,-0.0020161290322581182,1,0.31199999999999994,128,0.3595828838547277
fixed20_standard_finalretrieval0p5,vs_original_boba,2,akt2,0.002838164251207753,1,0.26900000000000013,117,0.35511363636364024
fixed20_standard_finalretrieval0p5,vs_original_boba,0,ace,0.008482873509469302,1,0.325,155,0.3004807692307736
fixed20_standard_finalretrieval0p5,vs_original_boba,2,ace,0.014692134107027743,1,0.3140000000000001,140,0.3004807692307736
fixed20_standard_finalretrieval0p5,vs_original_boba,0,akt2,0.016702586206896575,1,0.278,113,0.35511363636364024
fixed20_standard_finalretrieval0p5,vs_finalretrieval_boba,1,cah2,0.04622447232155291,-2,0.271,106,-0.48828125
fixed20_standard_finalretrieval0p5,vs_finalretrieval_boba,0,akt1,0.04624548666129835,-2,0.30599999999999994,87,-0.600961538461533
fixed20_standard_finalretrieval0p5,vs_finalretrieval_boba,0,cah2,0.007690673730507802,-1,0.265,117,-0.244140625
fixed20_standard_finalretrieval0p5,vs_finalretrieval_boba,0,bace1,0.030630568713697626,-1,0.2619999999999999,73,-0.2790178571428612
fixed20_standard_finalretrieval0p5,vs_finalretrieval_boba,2,abl1,0.03563971796276011,-1,0.27100000000000013,47,-0.3255208333333357
fixed20_standard_finalretrieval0p5,vs_finalretrieval_boba,2,ampc,-0.004986702127659615,0,0.18100000000000005,112,0.0
fixed20_standard_finalretrieval0p5,vs_finalretrieval_boba,2,ada,-0.0033602150537634934,0,0.2889999999999999,164,0.0
fixed20_standard_finalretrieval0p5,vs_finalretrieval_boba,1,ada,-0.0020161290322581182,0,0.2909999999999999,150,0.0
fixed20_standard_finalretrieval0p5,vs_finalretrieval_boba,0,ada,0.0,0,0.31999999999999995,137,0.0
fixed20_standard_finalretrieval0p5,vs_finalretrieval_boba,0,comt,0.0,0,0.21799999999999997,88,0.0
fixed20_standard_finalretrieval0p5,vs_finalretrieval_boba,2,comt,0.0,0,0.21000000000000008,87,0.0
fixed20_standard_finalretrieval0p5,vs_finalretrieval_boba,2,akt2,0.002838164251207753,0,0.28800000000000003,136,0.0
fixed20_standard_finalretrieval0p5,vs_finalretrieval_boba,2,braf,0.004185982339955818,0,0.29700000000000004,49,0.0
fixed20_standard_finalretrieval0p5,vs_finalretrieval_boba,1,comt,0.0060975609756097615,0,0.19099999999999995,93,0.0
fixed20_standard_finalretrieval0p5,vs_finalretrieval_boba,1,ampc,0.00651041666666663,0,0.16099999999999992,102,0.0
fixed20_standard_finalretrieval0p5,vs_finalretrieval_boba,0,ampc,0.00887784090909094,0,0.20799999999999996,102,0.0
fixed20_standard_finalretrieval0p5,vs_finalretrieval_boba,0,akt2,0.016702586206896575,0,0.276,122,0.0
fixed20_standard_finalretrieval0p5,vs_finalretrieval_boba,2,aldr,0.020029302458547837,0,0.339,134,0.0
fixed20_standard_finalretrieval0p5,vs_finalretrieval_boba,1,casp3,0.03208724101792382,0,0.276,60,0.0
fixed20_standard_finalretrieval0p5,vs_finalretrieval_boba,1,aldr,0.03359472018587506,0,0.343,150,0.0
fixed20_low_finalretrieval0p5,vs_original_boba,1,bace1,0.0,-2,0.21299999999999997,79,-0.9765625
fixed20_low_finalretrieval0p5,vs_original_boba,2,abl1,0.002175602175602198,-2,0.2430000000000001,67,-1.3020833333333144
fixed20_low_finalretrieval0p5,vs_original_boba,1,cah2,0.0,-1,0.16600000000000004,92,-0.390625
fixed20_low_finalretrieval0p5,vs_original_boba,0,aldr,0.0,0,0.2890000000000001,136,0.0
fixed20_low_finalretrieval0p5,vs_original_boba,0,braf,0.0,0,0.29500000000000004,72,0.0
fixed20_low_finalretrieval0p5,vs_original_boba,0,casp3,0.0,0,0.27300000000000013,59,0.0
fixed20_low_finalretrieval0p5,vs_original_boba,0,comt,0.0,0,0.33699999999999997,167,0.0
fixed20_low_finalretrieval0p5,vs_original_boba,2,ace,0.0,0,0.316,126,0.0
fixed20_low_finalretrieval0p5,vs_original_boba,1,aldr,0.0,0,0.31100000000000005,124,0.0
fixed20_low_finalretrieval0p5,vs_original_boba,2,aldr,0.0,0,0.25800000000000006,117,0.0
fixed20_low_finalretrieval0p5,vs_original_boba,1,braf,0.0,0,0.31700000000000006,107,0.0
fixed20_low_finalretrieval0p5,vs_original_boba,2,braf,0.0,0,0.32100000000000006,88,0.0
fixed20_low_finalretrieval0p5,vs_original_boba,2,cah2,0.0,0,0.22199999999999998,77,0.0
fixed20_low_finalretrieval0p5,vs_original_boba,1,casp3,0.0,0,0.32799999999999996,116,0.0
fixed20_low_finalretrieval0p5,vs_original_boba,2,casp3,0.0,0,0.36800000000000005,111,0.0
fixed20_low_finalretrieval0p5,vs_original_boba,1,comt,0.0,0,0.2819999999999999,163,0.0
fixed20_low_finalretrieval0p5,vs_original_boba,2,comt,0.0,0,0.27799999999999997,185,0.0
fixed20_low_finalretrieval0p5,vs_original_boba,1,ace,0.0004953027878471516,0,0.259,160,0.0
fixed20_low_finalretrieval0p5,vs_original_boba,0,ace,0.0,1,0.3020000000000001,162,0.5580357142857224
fixed20_low_finalretrieval0p5,vs_original_boba,0,ada,0.0,1,0.267,180,0.8032128514056325
fixed20_low_finalretrieval0p5,vs_finalretrieval_boba,1,bace1,0.0,-9,0.20199999999999996,64,-4.39453125
fixed20_low_finalretrieval0p5,vs_finalretrieval_boba,0,andr,0.0,-8,0.2240000000000001,84,-4.464285714285722
fixed20_low_finalretrieval0p5,vs_finalretrieval_boba,0,cp2c9,0.0,-5,0.22799999999999998,102,-3.90625
fixed20_low_finalretrieval0p5,vs_finalretrieval_boba,1,aofb,0.0,-5,0.21000000000000002,105,-3.90625
fixed20_low_finalretrieval0p5,vs_finalretrieval_boba,1,aa2ar,0.0,-4,0.1359999999999999,24,-1.5625
fixed20_low_finalretrieval0p5,vs_finalretrieval_boba,2,aces,0.0,-4,0.15600000000000008,32,-1.7361111111111143
fixed20_low_finalretrieval0p5,vs_finalretrieval_boba,1,andr,0.0,-4,0.19700000000000012,99,-2.232142857142861
fixed20_low_finalretrieval0p5,vs_finalretrieval_boba,1,cp2c9,0.0,-4,0.2220000000000001,104,-3.125
fixed20_low_finalretrieval0p5,vs_finalretrieval_boba,0,aofb,0.0,-3,0.17100000000000004,97,-2.34375
fixed20_low_finalretrieval0p5,vs_finalretrieval_boba,0,cdk2,0.0,-3,0.08399999999999996,22,-1.171875
fixed20_low_finalretrieval0p5,vs_finalretrieval_boba,2,aofb,0.0,-3,0.18999999999999995,102,-2.34375
fixed20_low_finalretrieval0p5,vs_finalretrieval_boba,2,andr,0.0,-2,0.21699999999999997,131,-1.1160714285714164
fixed20_low_finalretrieval0p5,vs_finalretrieval_boba,2,bace1,0.0,-2,0.21999999999999997,59,-0.9765625
fixed20_low_finalretrieval0p5,vs_finalretrieval_boba,0,abl1,0.0,-1,0.256,75,-0.6510416666666288
fixed20_low_finalretrieval0p5,vs_finalretrieval_boba,0,aces,0.0,-1,0.11699999999999999,32,-0.4340277777777999
fixed20_low_finalretrieval0p5,vs_finalretrieval_boba,0,aldr,0.0,-1,0.2810000000000001,93,-0.6510416666666856
fixed20_low_finalretrieval0p5,vs_finalretrieval_boba,0,casp3,0.0,-1,0.26,54,-0.6510416666666572
fixed20_low_finalretrieval0p5,vs_finalretrieval_boba,1,abl1,0.0,-1,0.2899999999999999,57,-0.6510416666666856
fixed20_low_finalretrieval0p5,vs_finalretrieval_boba,2,akt1,0.0,-1,0.2689999999999999,80,-0.558035714285694
fixed20_low_finalretrieval0p5,vs_finalretrieval_boba,1,braf,0.0,-1,0.30800000000000005,67,-0.6510416666666856
all102_standard_finalretrieval0p5,vs_original_boba,1,ital,0.03208964506855372,-2,0.33400000000000013,159,-0.6510416666666643
all102_standard_finalretrieval0p5,vs_original_boba,1,fak1,0.0013667603873789291,-1,0.2510000000000001,75,-0.35997120230381086
all102_standard_finalretrieval0p5,vs_original_boba,2,fabp4,0.005319148936170248,-1,0.1730000000000001,33,-0.37439161362785356
all102_standard_finalretrieval0p5,vs_original_boba,2,hivint,0.007575757575757569,-1,0.31700000000000006,128,-0.35511363636364024
all102_standard_finalretrieval0p5,vs_original_boba,0,fabp4,0.009308510638297851,-1,0.1640000000000001,34,-0.37439161362785356
all102_standard_finalretrieval0p5,vs_original_boba,1,lkha4,0.01606682146542826,-1,0.238,155,-0.3255208333333428
all102_standard_finalretrieval0p5,vs_original_boba,2,jak2,0.04196706720071208,-1,0.29599999999999993,81,-0.35511363636363313
all102_standard_finalretrieval0p5,vs_original_boba,2,xiap,-0.022500000000000075,0,0.252,151,0.0
all102_standard_finalretrieval0p5,vs_original_boba,1,pa2ga,-0.010101010101010166,0,0.28800000000000003,113,0.0
all102_standard_finalretrieval0p5,vs_original_boba,1,reni,-0.00411246229260942,0,0.24499999999999994,88,0.0
all102_standard_finalretrieval0p5,vs_original_boba,1,ace,-0.002956706414153243,0,0.337,128,0.0
all102_standard_finalretrieval0p5,vs_original_boba,1,hmdh,-0.0011029411764705843,0,0.359,140,0.0
all102_standard_finalretrieval0p5,vs_original_boba,2,pygm,-0.0007900432900432852,0,0.2569999999999999,94,0.0
all102_standard_finalretrieval0p5,vs_original_boba,2,fa7,-0.0005482456140351033,0,0.2739999999999999,106,0.0
all102_standard_finalretrieval0p5,vs_original_boba,0,ada,0.0,0,0.32799999999999996,76,0.0
all102_standard_finalretrieval0p5,vs_original_boba,0,comt,0.0,0,0.33999999999999997,112,0.0
all102_standard_finalretrieval0p5,vs_original_boba,0,cxcr4,0.0,0,0.17000000000000004,101,0.0
all102_standard_finalretrieval0p5,vs_original_boba,0,fpps,0.0,0,0.377,185,0.0
all102_standard_finalretrieval0p5,vs_original_boba,0,pnph,0.0,0,0.22500000000000014,141,0.0
all102_standard_finalretrieval0p5,vs_original_boba,0,pur2,0.0,0,0.20499999999999996,11,0.0
all102_standard_finalretrieval0p5,vs_finalretrieval_boba,0,pgh2,0.04480986321687541,-16,0.09399999999999997,97,-4.166666666666657
all102_standard_finalretrieval0p5,vs_finalretrieval_boba,0,thb,0.029639175257731964,-6,0.347,65,-2.13068181818182
all102_standard_finalretrieval0p5,vs_finalretrieval_boba,1,thb,0.06999570446735393,-6,0.29999999999999993,92,-2.13068181818182
all102_standard_finalretrieval0p5,vs_finalretrieval_boba,1,src,0.032520932084250886,-4,0.15200000000000002,18,-0.919117647058826
all102_standard_finalretrieval0p5,vs_finalretrieval_boba,2,mapk2,0.0033168859649123084,-3,0.28700000000000003,50,-1.067615658362989
all102_standard_finalretrieval0p5,vs_finalretrieval_boba,0,dyr,0.015550331630551195,-2,0.33099999999999996,125,-0.600961538461533
all102_standard_finalretrieval0p5,vs_finalretrieval_boba,0,lck,0.01680574178718508,-2,0.20100000000000007,54,-0.5208333333333428
all102_standard_finalretrieval0p5,vs_finalretrieval_boba,1,ital,0.03208964506855372,-2,0.34200000000000014,99,-0.6510416666666643
all102_standard_finalretrieval0p5,vs_finalretrieval_boba,1,cah2,0.04622447232155291,-2,0.271,106,-0.48828125
all102_standard_finalretrieval0p5,vs_finalretrieval_boba,0,akt1,0.04624548666129835,-2,0.30599999999999994,87,-0.600961538461533
all102_standard_finalretrieval0p5,vs_finalretrieval_boba,2,mk10,0.047552083333333384,-2,0.2479999999999999,44,-0.7102272727272734
all102_standard_finalretrieval0p5,vs_finalretrieval_boba,0,adrb2,-0.004709928229665095,-1,0.239,135,-0.3004807692307594
all102_standard_finalretrieval0p5,vs_finalretrieval_boba,1,lck,-0.00017534289276810444,-1,0.17200000000000004,39,-0.2604166666666856
all102_standard_finalretrieval0p5,vs_finalretrieval_boba,2,dyr,0.0010550602458353486,-1,0.35700000000000015,139,-0.3004807692307594
all102_standard_finalretrieval0p5,vs_finalretrieval_boba,1,fak1,0.0013667603873789291,-1,0.27300000000000013,48,-0.35997120230381086
all102_standard_finalretrieval0p5,vs_finalretrieval_boba,2,fabp4,0.005319148936170248,-1,0.14300000000000002,42,-0.37439161362785356
all102_standard_finalretrieval0p5,vs_finalretrieval_boba,0,esr2,0.0062485069278548355,-1,0.28600000000000003,108,-0.2790178571428612
all102_standard_finalretrieval0p5,vs_finalretrieval_boba,2,hivint,0.007575757575757569,-1,0.31000000000000005,139,-0.35511363636364024
all102_standard_finalretrieval0p5,vs_finalretrieval_boba,0,cah2,0.007690673730507802,-1,0.265,117,-0.244140625
all102_standard_finalretrieval0p5,vs_finalretrieval_boba,0,fabp4,0.009308510638297851,-1,0.15200000000000002,15,-0.37439161362785356
all102_low_finalretrieval0p5_seed0_stop,vs_original_boba,0,parp1,0.0007962784459998318,-10,0.1469999999999999,36,-3.90625
all102_low_finalretrieval0p5_seed0_stop,vs_original_boba,0,kif11,0.0,-6,0.2779999999999999,145,-4.6875
all102_low_finalretrieval0p5_seed0_stop,vs_original_boba,0,mk10,0.013786008230452618,-6,0.30500000000000005,80,-4.6875
all102_low_finalretrieval0p5_seed0_stop,vs_original_boba,0,nos1,0.0,-5,0.20099999999999996,151,-3.2552083333333286
all102_low_finalretrieval0p5_seed0_stop,vs_original_boba,0,egfr,0.0,-4,0.17599999999999993,51,-1.4204545454545325
all102_low_finalretrieval0p5_seed0_stop,vs_original_boba,0,fabp4,0.0,-1,0.14400000000000002,28,-0.881057268722472
all102_low_finalretrieval0p5_seed0_stop,vs_original_boba,0,lkha4,0.0,-1,0.247,147,-0.6510416666666288
all102_low_finalretrieval0p5_seed0_stop,vs_original_boba,0,mapk2,0.0,-1,0.2729999999999999,76,-0.7849293563579351
all102_low_finalretrieval0p5_seed0_stop,vs_original_boba,0,ppara,0.0,-1,0.26800000000000007,148,-0.48828125
all102_low_finalretrieval0p5_seed0_stop,vs_original_boba,0,pygm,0.0,-1,0.15499999999999992,65,-0.8438818565400794
all102_low_finalretrieval0p5_seed0_stop,vs_original_boba,0,pyrd,-0.010451739618406286,0,0.2929999999999999,149,0.0
all102_low_finalretrieval0p5_seed0_stop,vs_original_boba,0,aldr,0.0,0,0.2890000000000001,136,0.0
all102_low_finalretrieval0p5_seed0_stop,vs_original_boba,0,braf,0.0,0,0.29500000000000004,72,0.0
all102_low_finalretrieval0p5_seed0_stop,vs_original_boba,0,casp3,0.0,0,0.27300000000000013,59,0.0
all102_low_finalretrieval0p5_seed0_stop,vs_original_boba,0,comt,0.0,0,0.33699999999999997,167,0.0
all102_low_finalretrieval0p5_seed0_stop,vs_original_boba,0,cxcr4,0.0,0,0.15100000000000002,78,0.0
all102_low_finalretrieval0p5_seed0_stop,vs_original_boba,0,def,0.0,0,0.35500000000000015,141,0.0
all102_low_finalretrieval0p5_seed0_stop,vs_original_boba,0,dyr,0.0,0,0.35000000000000014,140,0.0
all102_low_finalretrieval0p5_seed0_stop,vs_original_boba,0,fa7,0.0,0,0.26400000000000007,161,0.0
all102_low_finalretrieval0p5_seed0_stop,vs_original_boba,0,fkb1a,0.0,0,0.35400000000000015,116,0.0
all102_low_finalretrieval0p5_seed0_stop,vs_finalretrieval_boba,0,egfr,0.0,-14,0.16799999999999993,28,-4.9715909090909065
all102_low_finalretrieval0p5_seed0_stop,vs_finalretrieval_boba,0,parp1,0.0,-13,0.15400000000000003,31,-5.078125
all102_low_finalretrieval0p5_seed0_stop,vs_finalretrieval_boba,0,mmp13,0.0,-9,0.12,39,-3.196022727272748
all102_low_finalretrieval0p5_seed0_stop,vs_finalretrieval_boba,0,andr,0.0,-8,0.2240000000000001,84,-4.464285714285722
all102_low_finalretrieval0p5_seed0_stop,vs_finalretrieval_boba,0,kif11,0.0,-6,0.30399999999999994,135,-4.6875
all102_low_finalretrieval0p5_seed0_stop,vs_finalretrieval_boba,0,cp2c9,0.0,-5,0.22799999999999998,102,-3.90625
all102_low_finalretrieval0p5_seed0_stop,vs_finalretrieval_boba,0,nos1,0.0,-5,0.19299999999999995,183,-3.2552083333333286
all102_low_finalretrieval0p5_seed0_stop,vs_finalretrieval_boba,0,pparg,0.0,-5,0.17900000000000005,71,-2.170138888888829
all102_low_finalretrieval0p5_seed0_stop,vs_finalretrieval_boba,0,dpp4,0.0,-4,0.09499999999999997,28,-1.3020833333333428
all102_low_finalretrieval0p5_seed0_stop,vs_finalretrieval_boba,0,mk01,0.0,-4,0.21400000000000008,95,-3.308519437551695
all102_low_finalretrieval0p5_seed0_stop,vs_finalretrieval_boba,0,pde5a,0.0,-4,0.16900000000000004,25,-1.7361111111111143
all102_low_finalretrieval0p5_seed0_stop,vs_finalretrieval_boba,0,src,0.0,-4,0.14100000000000001,29,-1.420454545454561
all102_low_finalretrieval0p5_seed0_stop,vs_finalretrieval_boba,0,aofb,0.0,-3,0.17100000000000004,97,-2.34375
all102_low_finalretrieval0p5_seed0_stop,vs_finalretrieval_boba,0,cdk2,0.0,-3,0.08399999999999996,22,-1.171875
all102_low_finalretrieval0p5_seed0_stop,vs_finalretrieval_boba,0,met,0.0,-3,0.28500000000000003,69,-1.953125
all102_low_finalretrieval0p5_seed0_stop,vs_finalretrieval_boba,0,ppara,0.0,-3,0.26400000000000007,103,-1.46484375
all102_low_finalretrieval0p5_seed0_stop,vs_finalretrieval_boba,0,drd3,0.0,-2,0.12200000000000011,26,-0.7102272727272521
all102_low_finalretrieval0p5_seed0_stop,vs_finalretrieval_boba,0,fabp4,0.0,-2,0.1600000000000001,11,-1.7621145374449299
all102_low_finalretrieval0p5_seed0_stop,vs_finalretrieval_boba,0,fgfr1,0.0,-2,0.29900000000000004,85,-1.3020833333333286
all102_low_finalretrieval0p5_seed0_stop,vs_finalretrieval_boba,0,hdac8,0.0,-2,0.3,213,-1.3020833333333712
all102_standard_finalretrieval0p25_seed0_sensitivity,vs_original_boba,0,hdac2,0.015225623823690193,-3,0.4180000000000001,150,-0.9765625
all102_standard_finalretrieval0p25_seed0_sensitivity,vs_original_boba,0,fabp4,0.009308510638297851,-1,0.19700000000000012,68,-0.37439161362785356
all102_standard_finalretrieval0p25_seed0_sensitivity,vs_original_boba,0,ada,0.0,0,0.393,166,0.0
all102_standard_finalretrieval0p25_seed0_sensitivity,vs_original_boba,0,comt,0.0,0,0.44399999999999995,214,0.0
all102_standard_finalretrieval0p25_seed0_sensitivity,vs_original_boba,0,cxcr4,0.0,0,0.238,162,0.0
all102_standard_finalretrieval0p25_seed0_sensitivity,vs_original_boba,0,fpps,0.0,0,0.4770000000000001,292,0.0
all102_standard_finalretrieval0p25_seed0_sensitivity,vs_original_boba,0,pnph,0.0,0,0.3230000000000001,229,0.0
all102_standard_finalretrieval0p25_seed0_sensitivity,vs_original_boba,0,pur2,0.0,0,0.239,25,0.0
all102_standard_finalretrieval0p25_seed0_sensitivity,vs_original_boba,0,sahh,0.0,0,0.339,215,0.0
all102_standard_finalretrieval0p25_seed0_sensitivity,vs_original_boba,0,hmdh,0.0025887573964497035,0,0.4139999999999999,152,0.0
all102_standard_finalretrieval0p25_seed0_sensitivity,vs_original_boba,0,inha,0.0029069767441860517,0,0.22899999999999998,50,0.0
all102_standard_finalretrieval0p25_seed0_sensitivity,vs_original_boba,0,tgfr1,0.0029199908167364397,0,0.28800000000000003,94,0.0
all102_standard_finalretrieval0p25_seed0_sensitivity,vs_original_boba,0,kith,0.003289473684210509,0,0.3500000000000001,92,0.0
all102_standard_finalretrieval0p25_seed0_sensitivity,vs_original_boba,0,wee1,0.0042892156862744946,0,0.4450000000000001,122,0.0
all102_standard_finalretrieval0p25_seed0_sensitivity,vs_original_boba,0,grik1,0.004839760291818651,0,0.38500000000000006,224,0.0
all102_standard_finalretrieval0p25_seed0_sensitivity,vs_original_boba,0,ital,0.005002163097555634,0,0.367,146,0.0
all102_standard_finalretrieval0p25_seed0_sensitivity,vs_original_boba,0,fkb1a,0.005113636363636376,0,0.383,103,0.0
all102_standard_finalretrieval0p25_seed0_sensitivity,vs_original_boba,0,tryb1,0.005527210884353706,0,0.385,132,0.0
all102_standard_finalretrieval0p25_seed0_sensitivity,vs_original_boba,0,rxra,0.005725190839694694,0,0.4060000000000001,179,0.0
all102_standard_finalretrieval0p25_seed0_sensitivity,vs_original_boba,0,hxk4,0.006114130434782594,0,0.4159999999999999,153,0.0
all102_standard_finalretrieval0p25_seed0_sensitivity,vs_finalretrieval_boba,0,pgh2,0.04480986321687541,-13,0.05999999999999994,72,-3.385416666666657
all102_standard_finalretrieval0p25_seed0_sensitivity,vs_finalretrieval_boba,0,thb,0.029639175257731964,-6,0.42800000000000005,87,-2.13068181818182
all102_standard_finalretrieval0p25_seed0_sensitivity,vs_finalretrieval_boba,0,hdac2,0.015225623823690193,-3,0.388,142,-0.9765625
all102_standard_finalretrieval0p25_seed0_sensitivity,vs_finalretrieval_boba,0,igf1r,0.013313501699854347,-2,0.4130000000000001,120,-0.6510416666666785
all102_standard_finalretrieval0p25_seed0_sensitivity,vs_finalretrieval_boba,0,src,-0.009235901546586267,-1,0.09299999999999997,27,-0.22977941176472427
all102_standard_finalretrieval0p25_seed0_sensitivity,vs_finalretrieval_boba,0,adrb2,-0.004709928229665095,-1,0.24900000000000005,126,-0.3004807692307736
all102_standard_finalretrieval0p25_seed0_sensitivity,vs_finalretrieval_boba,0,esr2,0.0062485069278548355,-1,0.29500000000000004,128,-0.2790178571428612
all102_standard_finalretrieval0p25_seed0_sensitivity,vs_finalretrieval_boba,0,cah2,0.007690673730507802,-1,0.263,123,-0.244140625
all102_standard_finalretrieval0p25_seed0_sensitivity,vs_finalretrieval_boba,0,fabp4,0.009308510638297851,-1,0.18800000000000006,51,-0.37439161362785356
all102_standard_finalretrieval0p25_seed0_sensitivity,vs_finalretrieval_boba,0,dyr,0.015550331630551195,-1,0.361,143,-0.3004807692307736
all102_standard_finalretrieval0p25_seed0_sensitivity,vs_finalretrieval_boba,0,ptn1,0.02487209302325577,-1,0.36000000000000004,95,-0.35511363636364024
all102_standard_finalretrieval0p25_seed0_sensitivity,vs_finalretrieval_boba,0,lkha4,0.027005743125652626,-1,0.31000000000000005,197,-0.3255208333333428
all102_standard_finalretrieval0p25_seed0_sensitivity,vs_finalretrieval_boba,0,hivint,0.03282184085755513,-1,0.4060000000000001,129,-0.35511363636364024
all102_standard_finalretrieval0p25_seed0_sensitivity,vs_finalretrieval_boba,0,aofb,0.042782738095238027,-1,0.17000000000000004,63,-0.35511363636364024
all102_standard_finalretrieval0p25_seed0_sensitivity,vs_finalretrieval_boba,0,akt1,0.04624548666129835,-1,0.28600000000000003,87,-0.3004807692307594
all102_standard_finalretrieval0p25_seed0_sensitivity,vs_finalretrieval_boba,0,fak1,0.04913935271078129,-1,0.5069999999999999,59,-0.35997120230381086
all102_standard_finalretrieval0p25_seed0_sensitivity,vs_finalretrieval_boba,0,jak2,0.125,-1,0.3830000000000001,86,-0.35511363636363313
all102_standard_finalretrieval0p25_seed0_sensitivity,vs_finalretrieval_boba,0,mk10,-0.010364518147684576,0,0.244,41,0.0
all102_standard_finalretrieval0p25_seed0_sensitivity,vs_finalretrieval_boba,0,ada,0.0,0,0.387,223,0.0
all102_standard_finalretrieval0p25_seed0_sensitivity,vs_finalretrieval_boba,0,comt,0.0,0,0.32799999999999996,189,0.0
