target,method,AUBC,Hit@100,Hit@500,Hit@1000,Recall@1000,EF_0.1pct,EF_1pct,ECE,Brier,neural_inferences,inference_saved_ratio,hits_per_1000_inferences,unique_scaffold_count@1000,mean_pairwise_cosine_distance_at1000,PAINS_Brenk_free_ratio_at1000
FEN1,boba_ucb,0.7395125919637803,20.333333333333332,34.333333333333336,37.666666666666664,0.41391941391941395,161.46549450549455,37.722160075453495,0.012309883765572334,0.004466602984369233,5120.0,0.9872232536783055,7.356770833333333,787.3333333333334,0.6309897303581238,0.36366666666666664
FEN1,greedy_surrogate,0.7178173449612403,22.666666666666668,37.333333333333336,39.333333333333336,0.4322344322344322,150.45648351648353,41.01827115000768,0.008245981759906366,0.003504846588380933,400728.0,0.0,0.09815469179426774,754.3333333333334,0.6245365540186564,0.33499999999999996
FEN1,rabvs,0.7482040229885057,6.0,18.333333333333332,25.666666666666668,0.282051282051282,33.027032967032966,20.142901011164486,0.0122580552497384,0.0049751321124958,5120.0,0.9872232536783055,5.013020833333333,758.0,0.6441747148831686,0.5166666666666667
FEN1,rabvs_conf03,0.6968151340996168,15.666666666666666,27.333333333333332,31.666666666666668,0.3479853479853479,102.75076923076922,30.031234234827053,0.0140856972470192,0.005520871588116966,5120.0,0.9872232536783055,6.184895833333333,837.0,0.6374044020970663,0.5433333333333333
FEN1,rabvs_mean_final,0.7482040229885057,15.666666666666666,31.333333333333332,37.333333333333336,0.4102564102564102,124.7687912087912,34.426049000899305,0.0122580552497384,0.0049751321124958,5120.0,0.9872232536783055,7.291666666666667,764.0,0.6240470806757609,0.37666666666666665
FEN1,rabvs_risk_constrained,0.7482040229885057,16.666666666666668,31.0,36.333333333333336,0.3992673992673992,128.43846153846155,34.05981443705995,0.0122580552497384,0.0049751321124958,5120.0,0.9872232536783055,7.096354166666667,856.3333333333334,0.6263421575228373,0.5513333333333333
MAPK1,boba_ucb,0.7216765873015873,20.666666666666668,29.666666666666668,33.666666666666664,0.4372294372294372,101.73766233766234,31.657499363381717,0.020819572666400433,0.009425985738821033,3328.0,0.9728583545377439,10.116185897435898,836.3333333333334,0.6289222041765848,0.7966666666666667
MAPK1,greedy_surrogate,0.6661809282448817,22.333333333333332,37.0,40.333333333333336,0.5238095238095238,61.92727272727273,37.29513623631271,0.02376763994043657,0.0101829215600368,122616.0,0.0,0.32894021443639765,840.6666666666666,0.6432309945424398,0.8116666666666666
MAPK1,rabvs,0.7237607065193273,5.666666666666667,16.0,23.0,0.2987012987012987,13.270129870129873,8.67328749681691,0.03003796451196687,0.012152188249212234,3328.0,0.9728583545377439,6.9110576923076925,787.3333333333334,0.6486283342043558,0.7840000000000001
MAPK1,rabvs_conf03,0.7065848214285714,15.0,28.333333333333332,31.666666666666668,0.4112554112554112,39.81038961038961,24.285204991087344,0.02995652542105523,0.011995350767150368,3328.0,0.9728583545377439,9.51522435897436,844.6666666666666,0.6479480465253195,0.8296666666666667
MAPK1,rabvs_mean_final,0.7237607065193273,17.666666666666668,30.333333333333332,36.666666666666664,0.4761904761904761,88.46753246753246,27.320855614973265,0.03003796451196687,0.012152188249212234,3328.0,0.9728583545377439,11.017628205128204,831.0,0.6292552749315897,0.782
MAPK1,rabvs_risk_constrained,0.7237607065193273,17.0,31.0,37.0,0.4805194805194805,84.04415584415585,27.320855614973265,0.03003796451196687,0.012152188249212234,3328.0,0.9728583545377439,11.117788461538462,903.3333333333334,0.6287876566251119,0.8673333333333333
PKM2,boba_ucb,0.7218653930610452,14.666666666666666,28.666666666666668,31.0,0.2279411764705882,93.3905882352941,21.09357755078079,0.0171406232987497,0.0065606564578278665,5120.0,0.987234721557364,6.0546875,853.6666666666666,0.6245007713635763,0.6203333333333334
PKM2,greedy_surrogate,0.7044270833333334,18.333333333333332,29.333333333333332,31.0,0.2279411764705882,90.93294117647059,21.58412586591523,0.016028901010069634,0.0056824722119703,401088.0,0.0,0.07728977182064777,830.3333333333334,0.6296224594116211,0.5953333333333334
PKM2,rabvs,0.719779065860215,6.666666666666667,17.0,21.666666666666668,0.15931372549019604,24.576470588235296,12.508982035928142,0.019768524310896433,0.007285155056495167,5120.0,0.987234721557364,4.231770833333333,792.3333333333334,0.6362715760866801,0.703
PKM2,rabvs_conf03,0.7153527613297728,11.333333333333334,25.0,28.666666666666668,0.21078431372549014,63.89882352941177,18.395561817541388,0.020352762722984998,0.0076233600687871,5120.0,0.987234721557364,5.598958333333333,848.0,0.6368735829989115,0.711
PKM2,rabvs_mean_final,0.719779065860215,16.333333333333332,26.666666666666668,31.666666666666668,0.23284313725490194,93.39058823529412,19.62193260537748,0.019768524310896433,0.007285155056495167,5120.0,0.987234721557364,6.184895833333333,808.0,0.6301129460334778,0.6123333333333334
PKM2,rabvs_risk_constrained,0.719779065860215,16.333333333333332,26.666666666666668,32.0,0.2352941176470588,86.01764705882353,19.62193260537748,0.019768524310896433,0.007285155056495167,5120.0,0.987234721557364,6.25,889.3333333333334,0.6257197459538778,0.7786666666666666
VDR,boba_ucb,0.7036795910493826,10.0,21.333333333333332,30.0,0.18181818181818177,48.64484848484849,12.920278482031472,0.03267452674713996,0.0112959543108379,5120.0,0.9872421010664806,5.859375,805.3333333333334,0.6368377804756165,0.4736666666666666
VDR,greedy_surrogate,0.6861111111111112,12.333333333333334,23.0,28.666666666666668,0.17373737373737372,58.77919191919192,13.929675238440181,0.03704378680664736,0.011081635382176833,401320.0,0.0,0.07143094454965278,792.0,0.6218179066975912,0.48700000000000004
VDR,rabvs,0.7535413840698698,4.0,14.0,19.666666666666668,0.11919191919191913,16.214949494949497,8.478932753833151,0.030805691485508633,0.0110109751317135,5120.0,0.9872421010664806,3.8411458333333335,775.3333333333334,0.6588430802027384,0.5666666666666667
VDR,rabvs_conf03,0.702500719243356,6.666666666666667,21.333333333333332,26.333333333333332,0.15959595959595957,20.26868686868687,12.92027848203147,0.03599815887099247,0.013277190048751669,5120.0,0.9872421010664806,5.143229166666667,821.0,0.6551779508590698,0.5693333333333334
VDR,rabvs_mean_final,0.7535413840698698,9.333333333333334,20.666666666666668,29.0,0.1757575757575757,38.51050505050505,12.516519779467986,0.030805691485508633,0.0110109751317135,5120.0,0.9872421010664806,5.6640625,789.3333333333334,0.6543745398521423,0.4923333333333333
VDR,rabvs_risk_constrained,0.7535413840698698,8.666666666666666,18.666666666666668,25.333333333333332,0.1535353535353535,40.53737373737374,11.305243671777538,0.030805691485508633,0.0110109751317135,5120.0,0.9872421010664806,4.947916666666667,873.0,0.6526824434598287,0.6689999999999999
