seed,target,method,round,pool_size,active_count,queried_total,new_hits,cumulative_hits,risk_alert_rate_queried
0,aa2ar,greedy_surrogate,1,32032,482,384,128,136,0.4244791666666667
0,aa2ar,greedy_surrogate,2,32032,482,512,127,263,0.41796875
0,aa2ar,greedy_surrogate,3,32032,482,640,57,320,0.40625
0,aa2ar,greedy_surrogate,4,32032,482,768,60,380,0.3802083333333333
0,aa2ar,greedy_surrogate,5,32032,482,896,36,416,0.375
0,aa2ar,greedy_surrogate,6,32032,482,1024,12,428,0.3681640625
0,aa2ar,boba_ucb,1,32032,482,384,128,136,0.4244791666666667
0,aa2ar,boba_ucb,2,32032,482,512,46,182,0.40625
0,aa2ar,boba_ucb,3,32032,482,640,14,196,0.434375
0,aa2ar,boba_ucb,4,32032,482,768,8,204,0.4153645833333333
0,aa2ar,boba_ucb,5,32032,482,896,0,204,0.47767857142857145
0,aa2ar,boba_ucb,6,32032,482,1024,6,210,0.4755859375
0,aa2ar,rabvs_budgeted_reliable,1,32032,482,384,128,136,0.4244791666666667
0,aa2ar,rabvs_budgeted_reliable,2,32032,482,512,46,182,0.40625
0,aa2ar,rabvs_budgeted_reliable,3,32032,482,640,14,196,0.434375
0,aa2ar,rabvs_budgeted_reliable,4,32032,482,768,8,204,0.4153645833333333
0,aa2ar,rabvs_budgeted_reliable,5,32032,482,896,0,204,0.47767857142857145
0,aa2ar,rabvs_budgeted_reliable,6,32032,482,1024,6,210,0.4755859375
0,aa2ar,rabvs_budgeted_no_ucb,1,32032,482,384,128,136,0.4244791666666667
0,aa2ar,rabvs_budgeted_no_ucb,2,32032,482,512,127,263,0.419921875
0,aa2ar,rabvs_budgeted_no_ucb,3,32032,482,640,56,319,0.409375
0,aa2ar,rabvs_budgeted_no_ucb,4,32032,482,768,58,377,0.3815104166666667
0,aa2ar,rabvs_budgeted_no_ucb,5,32032,482,896,26,403,0.37611607142857145
0,aa2ar,rabvs_budgeted_no_ucb,6,32032,482,1024,13,416,0.3857421875
0,abl1,greedy_surrogate,1,10932,182,384,97,105,0.4583333333333333
0,abl1,greedy_surrogate,2,10932,182,512,44,149,0.447265625
0,abl1,greedy_surrogate,3,10932,182,640,15,164,0.434375
0,abl1,greedy_surrogate,4,10932,182,768,2,166,0.453125
0,abl1,greedy_surrogate,5,10932,182,896,4,170,0.44642857142857145
0,abl1,greedy_surrogate,6,10932,182,1024,2,172,0.4423828125
0,abl1,boba_ucb,1,10932,182,384,97,105,0.4739583333333333
0,abl1,boba_ucb,2,10932,182,512,18,123,0.474609375
0,abl1,boba_ucb,3,10932,182,640,2,125,0.4328125
0,abl1,boba_ucb,4,10932,182,768,0,125,0.4231770833333333
0,abl1,boba_ucb,5,10932,182,896,1,126,0.41517857142857145
0,abl1,boba_ucb,6,10932,182,1024,8,134,0.4296875
0,abl1,rabvs_budgeted_reliable,1,10932,182,384,97,105,0.4739583333333333
0,abl1,rabvs_budgeted_reliable,2,10932,182,512,18,123,0.474609375
0,abl1,rabvs_budgeted_reliable,3,10932,182,640,2,125,0.4328125
0,abl1,rabvs_budgeted_reliable,4,10932,182,768,0,125,0.4231770833333333
0,abl1,rabvs_budgeted_reliable,5,10932,182,896,1,126,0.41517857142857145
0,abl1,rabvs_budgeted_reliable,6,10932,182,1024,8,134,0.4296875
0,abl1,rabvs_budgeted_no_ucb,1,10932,182,384,100,108,0.4609375
0,abl1,rabvs_budgeted_no_ucb,2,10932,182,512,33,141,0.453125
0,abl1,rabvs_budgeted_no_ucb,3,10932,182,640,17,158,0.4328125
0,abl1,rabvs_budgeted_no_ucb,4,10932,182,768,7,165,0.4583333333333333
0,abl1,rabvs_budgeted_no_ucb,5,10932,182,896,5,170,0.44308035714285715
0,abl1,rabvs_budgeted_no_ucb,6,10932,182,1024,1,171,0.4345703125
0,ace,greedy_surrogate,1,17182,282,384,128,136,0.5494791666666666
0,ace,greedy_surrogate,2,17182,282,512,126,262,0.603515625
0,ace,greedy_surrogate,3,17182,282,640,15,277,0.584375
0,ace,greedy_surrogate,4,17182,282,768,2,279,0.5677083333333334
0,ace,greedy_surrogate,5,17182,282,896,1,280,0.5412946428571429
0,ace,greedy_surrogate,6,17182,282,1024,1,281,0.5390625
0,ace,boba_ucb,1,17182,282,384,128,136,0.5494791666666666
0,ace,boba_ucb,2,17182,282,512,3,139,0.568359375
0,ace,boba_ucb,3,17182,282,640,1,140,0.53125
0,ace,boba_ucb,4,17182,282,768,0,140,0.4908854166666667
0,ace,boba_ucb,5,17182,282,896,0,140,0.4921875
0,ace,boba_ucb,6,17182,282,1024,0,140,0.4697265625
0,ace,rabvs_budgeted_reliable,1,17182,282,384,128,136,0.5494791666666666
0,ace,rabvs_budgeted_reliable,2,17182,282,512,3,139,0.568359375
0,ace,rabvs_budgeted_reliable,3,17182,282,640,1,140,0.53125
0,ace,rabvs_budgeted_reliable,4,17182,282,768,0,140,0.4908854166666667
0,ace,rabvs_budgeted_reliable,5,17182,282,896,0,140,0.4921875
0,ace,rabvs_budgeted_reliable,6,17182,282,1024,0,140,0.4697265625
0,ace,rabvs_budgeted_no_ucb,1,17182,282,384,128,136,0.5494791666666666
0,ace,rabvs_budgeted_no_ucb,2,17182,282,512,126,262,0.603515625
0,ace,rabvs_budgeted_no_ucb,3,17182,282,640,14,276,0.5875
0,ace,rabvs_budgeted_no_ucb,4,17182,282,768,4,280,0.5846354166666666
0,ace,rabvs_budgeted_no_ucb,5,17182,282,896,0,280,0.5703125
0,ace,rabvs_budgeted_no_ucb,6,17182,282,1024,0,280,0.576171875
0,aces,greedy_surrogate,1,26703,453,384,128,136,0.4947916666666667
0,aces,greedy_surrogate,2,26703,453,512,117,253,0.537109375
0,aces,greedy_surrogate,3,26703,453,640,49,302,0.571875
0,aces,greedy_surrogate,4,26703,453,768,39,341,0.6002604166666666
0,aces,greedy_surrogate,5,26703,453,896,25,366,0.6160714285714286
0,aces,greedy_surrogate,6,26703,453,1024,14,380,0.6005859375
0,aces,boba_ucb,1,26703,453,384,128,136,0.4947916666666667
0,aces,boba_ucb,2,26703,453,512,56,192,0.53515625
0,aces,boba_ucb,3,26703,453,640,12,204,0.584375
0,aces,boba_ucb,4,26703,453,768,17,221,0.5520833333333334
0,aces,boba_ucb,5,26703,453,896,16,237,0.5602678571428571
0,aces,boba_ucb,6,26703,453,1024,5,242,0.5693359375
0,aces,rabvs_budgeted_reliable,1,26703,453,384,128,136,0.4947916666666667
0,aces,rabvs_budgeted_reliable,2,26703,453,512,56,192,0.53515625
0,aces,rabvs_budgeted_reliable,3,26703,453,640,12,204,0.584375
0,aces,rabvs_budgeted_reliable,4,26703,453,768,17,221,0.5520833333333334
0,aces,rabvs_budgeted_reliable,5,26703,453,896,16,237,0.5602678571428571
0,aces,rabvs_budgeted_reliable,6,26703,453,1024,5,242,0.5693359375
0,aces,rabvs_budgeted_no_ucb,1,26703,453,384,128,136,0.4947916666666667
0,aces,rabvs_budgeted_no_ucb,2,26703,453,512,117,253,0.537109375
0,aces,rabvs_budgeted_no_ucb,3,26703,453,640,56,309,0.56875
0,aces,rabvs_budgeted_no_ucb,4,26703,453,768,38,347,0.5989583333333334
0,aces,rabvs_budgeted_no_ucb,5,26703,453,896,15,362,0.6216517857142857
0,aces,rabvs_budgeted_no_ucb,6,26703,453,1024,7,369,0.6015625
0,ada,greedy_surrogate,1,5543,93,384,84,92,0.4947916666666667
0,ada,greedy_surrogate,2,5543,93,512,0,92,0.484375
0,ada,greedy_surrogate,3,5543,93,640,0,92,0.475
0,ada,greedy_surrogate,4,5543,93,768,0,92,0.4752604166666667
0,ada,greedy_surrogate,5,5543,93,896,0,92,0.47767857142857145
0,ada,greedy_surrogate,6,5543,93,1024,0,92,0.4736328125
0,ada,boba_ucb,1,5543,93,384,84,92,0.5078125
0,ada,boba_ucb,2,5543,93,512,0,92,0.486328125
0,ada,boba_ucb,3,5543,93,640,0,92,0.4890625
0,ada,boba_ucb,4,5543,93,768,0,92,0.4869791666666667
0,ada,boba_ucb,5,5543,93,896,0,92,0.4609375
0,ada,boba_ucb,6,5543,93,1024,0,92,0.482421875
0,ada,rabvs_budgeted_reliable,1,5543,93,384,84,92,0.5078125
0,ada,rabvs_budgeted_reliable,2,5543,93,512,0,92,0.486328125
0,ada,rabvs_budgeted_reliable,3,5543,93,640,0,92,0.4890625
0,ada,rabvs_budgeted_reliable,4,5543,93,768,0,92,0.4869791666666667
0,ada,rabvs_budgeted_reliable,5,5543,93,896,0,92,0.4609375
0,ada,rabvs_budgeted_reliable,6,5543,93,1024,0,92,0.482421875
0,ada,rabvs_budgeted_no_ucb,1,5543,93,384,84,92,0.4973958333333333
0,ada,rabvs_budgeted_no_ucb,2,5543,93,512,0,92,0.509765625
0,ada,rabvs_budgeted_no_ucb,3,5543,93,640,0,92,0.4953125
0,ada,rabvs_budgeted_no_ucb,4,5543,93,768,0,92,0.4947916666666667
0,ada,rabvs_budgeted_no_ucb,5,5543,93,896,0,92,0.49441964285714285
0,ada,rabvs_budgeted_no_ucb,6,5543,93,1024,0,92,0.5078125
0,akt1,greedy_surrogate,1,16743,293,384,128,136,0.3151041666666667
0,akt1,greedy_surrogate,2,16743,293,512,93,229,0.3046875
0,akt1,greedy_surrogate,3,16743,293,640,11,240,0.321875
0,akt1,greedy_surrogate,4,16743,293,768,15,255,0.32421875
0,akt1,greedy_surrogate,5,16743,293,896,13,268,0.3404017857142857
0,akt1,greedy_surrogate,6,16743,293,1024,7,275,0.3310546875
0,akt1,boba_ucb,1,16743,293,384,128,136,0.3151041666666667
0,akt1,boba_ucb,2,16743,293,512,13,149,0.353515625
0,akt1,boba_ucb,3,16743,293,640,0,149,0.375
0,akt1,boba_ucb,4,16743,293,768,4,153,0.3815104166666667
0,akt1,boba_ucb,5,16743,293,896,2,155,0.3549107142857143
0,akt1,boba_ucb,6,16743,293,1024,0,155,0.359375
0,akt1,rabvs_budgeted_reliable,1,16743,293,384,128,136,0.3151041666666667
0,akt1,rabvs_budgeted_reliable,2,16743,293,512,13,149,0.353515625
0,akt1,rabvs_budgeted_reliable,3,16743,293,640,0,149,0.375
0,akt1,rabvs_budgeted_reliable,4,16743,293,768,4,153,0.3815104166666667
0,akt1,rabvs_budgeted_reliable,5,16743,293,896,2,155,0.3549107142857143
0,akt1,rabvs_budgeted_reliable,6,16743,293,1024,0,155,0.359375
0,akt1,rabvs_budgeted_no_ucb,1,16743,293,384,128,136,0.3151041666666667
0,akt1,rabvs_budgeted_no_ucb,2,16743,293,512,93,229,0.306640625
0,akt1,rabvs_budgeted_no_ucb,3,16743,293,640,12,241,0.315625
0,akt1,rabvs_budgeted_no_ucb,4,16743,293,768,24,265,0.3294270833333333
0,akt1,rabvs_budgeted_no_ucb,5,16743,293,896,4,269,0.3404017857142857
0,akt1,rabvs_budgeted_no_ucb,6,16743,293,1024,3,272,0.3193359375
0,akt2,greedy_surrogate,1,7017,117,384,86,94,0.359375
0,akt2,greedy_surrogate,2,7017,117,512,16,110,0.392578125
0,akt2,greedy_surrogate,3,7017,117,640,4,114,0.43125
0,akt2,greedy_surrogate,4,7017,117,768,2,116,0.4322916666666667
0,akt2,greedy_surrogate,5,7017,117,896,0,116,0.45200892857142855
0,akt2,greedy_surrogate,6,7017,117,1024,0,116,0.46484375
0,akt2,boba_ucb,1,7017,117,384,86,94,0.3723958333333333
0,akt2,boba_ucb,2,7017,117,512,13,107,0.37890625
0,akt2,boba_ucb,3,7017,117,640,0,107,0.4109375
0,akt2,boba_ucb,4,7017,117,768,0,107,0.4088541666666667
0,akt2,boba_ucb,5,7017,117,896,0,107,0.4341517857142857
0,akt2,boba_ucb,6,7017,117,1024,0,107,0.423828125
0,akt2,rabvs_budgeted_reliable,1,7017,117,384,86,94,0.3723958333333333
0,akt2,rabvs_budgeted_reliable,2,7017,117,512,13,107,0.37890625
0,akt2,rabvs_budgeted_reliable,3,7017,117,640,0,107,0.4109375
0,akt2,rabvs_budgeted_reliable,4,7017,117,768,0,107,0.4088541666666667
0,akt2,rabvs_budgeted_reliable,5,7017,117,896,0,107,0.4341517857142857
0,akt2,rabvs_budgeted_reliable,6,7017,117,1024,0,107,0.423828125
0,akt2,rabvs_budgeted_no_ucb,1,7017,117,384,87,95,0.3671875
0,akt2,rabvs_budgeted_no_ucb,2,7017,117,512,15,110,0.37890625
0,akt2,rabvs_budgeted_no_ucb,3,7017,117,640,2,112,0.4171875
0,akt2,rabvs_budgeted_no_ucb,4,7017,117,768,1,113,0.4166666666666667
0,akt2,rabvs_budgeted_no_ucb,5,7017,117,896,0,113,0.4140625
0,akt2,rabvs_budgeted_no_ucb,6,7017,117,1024,1,114,0.4287109375
0,aldr,greedy_surrogate,1,9159,159,384,96,104,0.5286458333333334
0,aldr,greedy_surrogate,2,9159,159,512,36,140,0.515625
0,aldr,greedy_surrogate,3,9159,159,640,15,155,0.509375
0,aldr,greedy_surrogate,4,9159,159,768,2,157,0.5
0,aldr,greedy_surrogate,5,9159,159,896,2,159,0.5189732142857143
0,aldr,greedy_surrogate,6,9159,159,1024,0,159,0.517578125
0,aldr,boba_ucb,1,9159,159,384,91,99,0.5390625
0,aldr,boba_ucb,2,9159,159,512,28,127,0.494140625
0,aldr,boba_ucb,3,9159,159,640,0,127,0.540625
0,aldr,boba_ucb,4,9159,159,768,8,135,0.5377604166666666
0,aldr,boba_ucb,5,9159,159,896,5,140,0.5178571428571429
0,aldr,boba_ucb,6,9159,159,1024,0,140,0.5224609375
0,aldr,rabvs_budgeted_reliable,1,9159,159,384,91,99,0.5390625
0,aldr,rabvs_budgeted_reliable,2,9159,159,512,28,127,0.494140625
0,aldr,rabvs_budgeted_reliable,3,9159,159,640,0,127,0.540625
0,aldr,rabvs_budgeted_reliable,4,9159,159,768,8,135,0.5377604166666666
0,aldr,rabvs_budgeted_reliable,5,9159,159,896,5,140,0.5178571428571429
0,aldr,rabvs_budgeted_reliable,6,9159,159,1024,0,140,0.5224609375
0,aldr,rabvs_budgeted_no_ucb,1,9159,159,384,95,103,0.5338541666666666
0,aldr,rabvs_budgeted_no_ucb,2,9159,159,512,39,142,0.517578125
0,aldr,rabvs_budgeted_no_ucb,3,9159,159,640,11,153,0.525
0,aldr,rabvs_budgeted_no_ucb,4,9159,159,768,2,155,0.5247395833333334
0,aldr,rabvs_budgeted_no_ucb,5,9159,159,896,3,158,0.5267857142857143
0,aldr,rabvs_budgeted_no_ucb,6,9159,159,1024,0,158,0.5234375
0,ampc,greedy_surrogate,1,2898,48,384,28,36,0.5052083333333334
0,ampc,greedy_surrogate,2,2898,48,512,4,40,0.498046875
0,ampc,greedy_surrogate,3,2898,48,640,2,42,0.4921875
0,ampc,greedy_surrogate,4,2898,48,768,1,43,0.4921875
0,ampc,greedy_surrogate,5,2898,48,896,1,44,0.49107142857142855
0,ampc,greedy_surrogate,6,2898,48,1024,0,44,0.478515625
0,ampc,boba_ucb,1,2898,48,384,22,30,0.4921875
0,ampc,boba_ucb,2,2898,48,512,0,30,0.455078125
0,ampc,boba_ucb,3,2898,48,640,0,30,0.496875
0,ampc,boba_ucb,4,2898,48,768,1,31,0.5286458333333334
0,ampc,boba_ucb,5,2898,48,896,7,38,0.5256696428571429
0,ampc,boba_ucb,6,2898,48,1024,6,44,0.513671875
0,ampc,rabvs_budgeted_reliable,1,2898,48,384,22,30,0.4921875
0,ampc,rabvs_budgeted_reliable,2,2898,48,512,0,30,0.455078125
0,ampc,rabvs_budgeted_reliable,3,2898,48,640,0,30,0.496875
0,ampc,rabvs_budgeted_reliable,4,2898,48,768,1,31,0.5286458333333334
0,ampc,rabvs_budgeted_reliable,5,2898,48,896,7,38,0.5256696428571429
0,ampc,rabvs_budgeted_reliable,6,2898,48,1024,6,44,0.513671875
0,ampc,rabvs_budgeted_no_ucb,1,2898,48,384,28,36,0.4895833333333333
0,ampc,rabvs_budgeted_no_ucb,2,2898,48,512,4,40,0.47265625
0,ampc,rabvs_budgeted_no_ucb,3,2898,48,640,1,41,0.4875
0,ampc,rabvs_budgeted_no_ucb,4,2898,48,768,2,43,0.484375
0,ampc,rabvs_budgeted_no_ucb,5,2898,48,896,0,43,0.5011160714285714
0,ampc,rabvs_budgeted_no_ucb,6,2898,48,1024,1,44,0.5068359375
0,andr,greedy_surrogate,1,14619,269,384,113,121,0.4322916666666667
0,andr,greedy_surrogate,2,14619,269,512,62,183,0.44140625
0,andr,greedy_surrogate,3,14619,269,640,18,201,0.45
0,andr,greedy_surrogate,4,14619,269,768,20,221,0.47265625
0,andr,greedy_surrogate,5,14619,269,896,15,236,0.5022321428571429
0,andr,greedy_surrogate,6,14619,269,1024,7,243,0.5244140625
0,andr,boba_ucb,1,14619,269,384,99,107,0.4192708333333333
0,andr,boba_ucb,2,14619,269,512,7,114,0.45703125
0,andr,boba_ucb,3,14619,269,640,17,131,0.50625
0,andr,boba_ucb,4,14619,269,768,3,134,0.5091145833333334
0,andr,boba_ucb,5,14619,269,896,2,136,0.5066964285714286
0,andr,boba_ucb,6,14619,269,1024,4,140,0.51171875
0,andr,rabvs_budgeted_reliable,1,14619,269,384,99,107,0.4192708333333333
0,andr,rabvs_budgeted_reliable,2,14619,269,512,7,114,0.45703125
0,andr,rabvs_budgeted_reliable,3,14619,269,640,17,131,0.50625
0,andr,rabvs_budgeted_reliable,4,14619,269,768,3,134,0.5091145833333334
0,andr,rabvs_budgeted_reliable,5,14619,269,896,2,136,0.5066964285714286
0,andr,rabvs_budgeted_reliable,6,14619,269,1024,4,140,0.51171875
0,andr,rabvs_budgeted_no_ucb,1,14619,269,384,112,120,0.4348958333333333
0,andr,rabvs_budgeted_no_ucb,2,14619,269,512,66,186,0.427734375
0,andr,rabvs_budgeted_no_ucb,3,14619,269,640,14,200,0.453125
0,andr,rabvs_budgeted_no_ucb,4,14619,269,768,14,214,0.4895833333333333
0,andr,rabvs_budgeted_no_ucb,5,14619,269,896,3,217,0.49888392857142855
0,andr,rabvs_budgeted_no_ucb,6,14619,269,1024,5,222,0.5048828125
0,aofb,greedy_surrogate,1,7022,122,384,58,66,0.4166666666666667
0,aofb,greedy_surrogate,2,7022,122,512,14,80,0.427734375
0,aofb,greedy_surrogate,3,7022,122,640,12,92,0.4359375
0,aofb,greedy_surrogate,4,7022,122,768,7,99,0.4361979166666667
0,aofb,greedy_surrogate,5,7022,122,896,6,105,0.4375
0,aofb,greedy_surrogate,6,7022,122,1024,1,106,0.4501953125
0,aofb,boba_ucb,1,7022,122,384,57,65,0.4166666666666667
0,aofb,boba_ucb,2,7022,122,512,10,75,0.421875
0,aofb,boba_ucb,3,7022,122,640,5,80,0.40625
0,aofb,boba_ucb,4,7022,122,768,1,81,0.3932291666666667
0,aofb,boba_ucb,5,7022,122,896,3,84,0.41183035714285715
0,aofb,boba_ucb,6,7022,122,1024,0,84,0.419921875
0,aofb,rabvs_budgeted_reliable,1,7022,122,384,57,65,0.4166666666666667
0,aofb,rabvs_budgeted_reliable,2,7022,122,512,10,75,0.421875
0,aofb,rabvs_budgeted_reliable,3,7022,122,640,5,80,0.40625
0,aofb,rabvs_budgeted_reliable,4,7022,122,768,1,81,0.3932291666666667
0,aofb,rabvs_budgeted_reliable,5,7022,122,896,3,84,0.41183035714285715
0,aofb,rabvs_budgeted_reliable,6,7022,122,1024,0,84,0.419921875
0,aofb,rabvs_budgeted_no_ucb,1,7022,122,384,57,65,0.4166666666666667
0,aofb,rabvs_budgeted_no_ucb,2,7022,122,512,12,77,0.390625
0,aofb,rabvs_budgeted_no_ucb,3,7022,122,640,10,87,0.4203125
0,aofb,rabvs_budgeted_no_ucb,4,7022,122,768,9,96,0.4244791666666667
0,aofb,rabvs_budgeted_no_ucb,5,7022,122,896,2,98,0.4174107142857143
0,aofb,rabvs_budgeted_no_ucb,6,7022,122,1024,5,103,0.4326171875
0,bace1,greedy_surrogate,1,18383,283,384,127,135,0.359375
0,bace1,greedy_surrogate,2,18383,283,512,85,220,0.318359375
0,bace1,greedy_surrogate,3,18383,283,640,24,244,0.35625
0,bace1,greedy_surrogate,4,18383,283,768,14,258,0.3645833333333333
0,bace1,greedy_surrogate,5,18383,283,896,8,266,0.39174107142857145
0,bace1,greedy_surrogate,6,18383,283,1024,7,273,0.39453125
0,bace1,boba_ucb,1,18383,283,384,127,135,0.3567708333333333
0,bace1,boba_ucb,2,18383,283,512,43,178,0.37109375
0,bace1,boba_ucb,3,18383,283,640,2,180,0.403125
0,bace1,boba_ucb,4,18383,283,768,7,187,0.40234375
0,bace1,boba_ucb,5,18383,283,896,0,187,0.41629464285714285
0,bace1,boba_ucb,6,18383,283,1024,0,187,0.4287109375
0,bace1,rabvs_budgeted_reliable,1,18383,283,384,127,135,0.3567708333333333
0,bace1,rabvs_budgeted_reliable,2,18383,283,512,43,178,0.37109375
0,bace1,rabvs_budgeted_reliable,3,18383,283,640,2,180,0.403125
0,bace1,rabvs_budgeted_reliable,4,18383,283,768,7,187,0.40234375
0,bace1,rabvs_budgeted_reliable,5,18383,283,896,0,187,0.41629464285714285
0,bace1,rabvs_budgeted_reliable,6,18383,283,1024,0,187,0.4287109375
0,bace1,rabvs_budgeted_no_ucb,1,18383,283,384,127,135,0.359375
0,bace1,rabvs_budgeted_no_ucb,2,18383,283,512,78,213,0.32421875
0,bace1,rabvs_budgeted_no_ucb,3,18383,283,640,21,234,0.3328125
0,bace1,rabvs_budgeted_no_ucb,4,18383,283,768,20,254,0.3515625
0,bace1,rabvs_budgeted_no_ucb,5,18383,283,896,11,265,0.3872767857142857
0,bace1,rabvs_budgeted_no_ucb,6,18383,283,1024,4,269,0.3994140625
0,braf,greedy_surrogate,1,10102,152,384,125,133,0.3828125
0,braf,greedy_surrogate,2,10102,152,512,14,147,0.396484375
0,braf,greedy_surrogate,3,10102,152,640,2,149,0.4
0,braf,greedy_surrogate,4,10102,152,768,0,149,0.41796875
0,braf,greedy_surrogate,5,10102,152,896,0,149,0.41183035714285715
0,braf,greedy_surrogate,6,10102,152,1024,0,149,0.4169921875
0,braf,boba_ucb,1,10102,152,384,125,133,0.3828125
0,braf,boba_ucb,2,10102,152,512,1,134,0.38671875
0,braf,boba_ucb,3,10102,152,640,1,135,0.41875
0,braf,boba_ucb,4,10102,152,768,0,135,0.4166666666666667
0,braf,boba_ucb,5,10102,152,896,0,135,0.43861607142857145
0,braf,boba_ucb,6,10102,152,1024,0,135,0.4541015625
0,braf,rabvs_budgeted_reliable,1,10102,152,384,125,133,0.3828125
0,braf,rabvs_budgeted_reliable,2,10102,152,512,1,134,0.38671875
0,braf,rabvs_budgeted_reliable,3,10102,152,640,1,135,0.41875
0,braf,rabvs_budgeted_reliable,4,10102,152,768,0,135,0.4166666666666667
0,braf,rabvs_budgeted_reliable,5,10102,152,896,0,135,0.43861607142857145
0,braf,rabvs_budgeted_reliable,6,10102,152,1024,0,135,0.4541015625
0,braf,rabvs_budgeted_no_ucb,1,10102,152,384,125,133,0.3828125
0,braf,rabvs_budgeted_no_ucb,2,10102,152,512,12,145,0.390625
0,braf,rabvs_budgeted_no_ucb,3,10102,152,640,2,147,0.3875
0,braf,rabvs_budgeted_no_ucb,4,10102,152,768,1,148,0.3893229166666667
0,braf,rabvs_budgeted_no_ucb,5,10102,152,896,1,149,0.40736607142857145
0,braf,rabvs_budgeted_no_ucb,6,10102,152,1024,0,149,0.4189453125
0,cah2,greedy_surrogate,1,31664,492,384,128,136,0.53125
0,cah2,greedy_surrogate,2,31664,492,512,128,264,0.59375
0,cah2,greedy_surrogate,3,31664,492,640,124,388,0.5703125
0,cah2,greedy_surrogate,4,31664,492,768,71,459,0.5520833333333334
0,cah2,greedy_surrogate,5,31664,492,896,23,482,0.5647321428571429
0,cah2,greedy_surrogate,6,31664,492,1024,4,486,0.5673828125
0,cah2,boba_ucb,1,31664,492,384,128,136,0.53125
0,cah2,boba_ucb,2,31664,492,512,34,170,0.52734375
0,cah2,boba_ucb,3,31664,492,640,17,187,0.5328125
0,cah2,boba_ucb,4,31664,492,768,1,188,0.5208333333333334
0,cah2,boba_ucb,5,31664,492,896,0,188,0.49776785714285715
0,cah2,boba_ucb,6,31664,492,1024,0,188,0.4990234375
0,cah2,rabvs_budgeted_reliable,1,31664,492,384,128,136,0.53125
0,cah2,rabvs_budgeted_reliable,2,31664,492,512,34,170,0.52734375
0,cah2,rabvs_budgeted_reliable,3,31664,492,640,17,187,0.5328125
0,cah2,rabvs_budgeted_reliable,4,31664,492,768,1,188,0.5208333333333334
0,cah2,rabvs_budgeted_reliable,5,31664,492,896,0,188,0.49776785714285715
0,cah2,rabvs_budgeted_reliable,6,31664,492,1024,0,188,0.4990234375
0,cah2,rabvs_budgeted_no_ucb,1,31664,492,384,128,136,0.5286458333333334
0,cah2,rabvs_budgeted_no_ucb,2,31664,492,512,128,264,0.591796875
0,cah2,rabvs_budgeted_no_ucb,3,31664,492,640,124,388,0.5671875
0,cah2,rabvs_budgeted_no_ucb,4,31664,492,768,62,450,0.5625
0,cah2,rabvs_budgeted_no_ucb,5,31664,492,896,26,476,0.5870535714285714
0,cah2,rabvs_budgeted_no_ucb,6,31664,492,1024,10,486,0.591796875
0,casp3,greedy_surrogate,1,10899,199,384,118,126,0.5
0,casp3,greedy_surrogate,2,10899,199,512,57,183,0.48828125
0,casp3,greedy_surrogate,3,10899,199,640,7,190,0.48125
0,casp3,greedy_surrogate,4,10899,199,768,5,195,0.48828125
0,casp3,greedy_surrogate,5,10899,199,896,1,196,0.4810267857142857
0,casp3,greedy_surrogate,6,10899,199,1024,0,196,0.4921875
0,casp3,boba_ucb,1,10899,199,384,118,126,0.4921875
0,casp3,boba_ucb,2,10899,199,512,4,130,0.53125
0,casp3,boba_ucb,3,10899,199,640,4,134,0.5203125
0,casp3,boba_ucb,4,10899,199,768,0,134,0.5
0,casp3,boba_ucb,5,10899,199,896,0,134,0.5022321428571429
0,casp3,boba_ucb,6,10899,199,1024,1,135,0.494140625
0,casp3,rabvs_budgeted_reliable,1,10899,199,384,118,126,0.4921875
0,casp3,rabvs_budgeted_reliable,2,10899,199,512,4,130,0.53125
0,casp3,rabvs_budgeted_reliable,3,10899,199,640,4,134,0.5203125
0,casp3,rabvs_budgeted_reliable,4,10899,199,768,0,134,0.5
0,casp3,rabvs_budgeted_reliable,5,10899,199,896,0,134,0.5022321428571429
0,casp3,rabvs_budgeted_reliable,6,10899,199,1024,1,135,0.494140625
0,casp3,rabvs_budgeted_no_ucb,1,10899,199,384,118,126,0.4973958333333333
0,casp3,rabvs_budgeted_no_ucb,2,10899,199,512,57,183,0.482421875
0,casp3,rabvs_budgeted_no_ucb,3,10899,199,640,9,192,0.490625
0,casp3,rabvs_budgeted_no_ucb,4,10899,199,768,3,195,0.4817708333333333
0,casp3,rabvs_budgeted_no_ucb,5,10899,199,896,0,195,0.5
0,casp3,rabvs_budgeted_no_ucb,6,10899,199,1024,0,195,0.474609375
0,cdk2,greedy_surrogate,1,28324,474,384,80,88,0.4036458333333333
0,cdk2,greedy_surrogate,2,28324,474,512,84,172,0.404296875
0,cdk2,greedy_surrogate,3,28324,474,640,67,239,0.41875
0,cdk2,greedy_surrogate,4,28324,474,768,51,290,0.4283854166666667
0,cdk2,greedy_surrogate,5,28324,474,896,30,320,0.4419642857142857
0,cdk2,greedy_surrogate,6,28324,474,1024,18,338,0.443359375
0,cdk2,boba_ucb,1,28324,474,384,88,96,0.3958333333333333
0,cdk2,boba_ucb,2,28324,474,512,20,116,0.45703125
0,cdk2,boba_ucb,3,28324,474,640,23,139,0.45
0,cdk2,boba_ucb,4,28324,474,768,6,145,0.4505208333333333
0,cdk2,boba_ucb,5,28324,474,896,5,150,0.46763392857142855
0,cdk2,boba_ucb,6,28324,474,1024,25,175,0.4638671875
0,cdk2,rabvs_budgeted_reliable,1,28324,474,384,88,96,0.3958333333333333
0,cdk2,rabvs_budgeted_reliable,2,28324,474,512,20,116,0.45703125
0,cdk2,rabvs_budgeted_reliable,3,28324,474,640,23,139,0.45
0,cdk2,rabvs_budgeted_reliable,4,28324,474,768,6,145,0.4505208333333333
0,cdk2,rabvs_budgeted_reliable,5,28324,474,896,5,150,0.46763392857142855
0,cdk2,rabvs_budgeted_reliable,6,28324,474,1024,25,175,0.4638671875
0,cdk2,rabvs_budgeted_no_ucb,1,28324,474,384,85,93,0.4088541666666667
0,cdk2,rabvs_budgeted_no_ucb,2,28324,474,512,82,175,0.41796875
0,cdk2,rabvs_budgeted_no_ucb,3,28324,474,640,59,234,0.4109375
0,cdk2,rabvs_budgeted_no_ucb,4,28324,474,768,43,277,0.3802083333333333
0,cdk2,rabvs_budgeted_no_ucb,5,28324,474,896,17,294,0.42857142857142855
0,cdk2,rabvs_budgeted_no_ucb,6,28324,474,1024,15,309,0.44140625
0,comt,greedy_surrogate,1,3891,41,384,33,41,0.6015625
0,comt,greedy_surrogate,2,3891,41,512,0,41,0.58203125
0,comt,greedy_surrogate,3,3891,41,640,0,41,0.5640625
0,comt,greedy_surrogate,4,3891,41,768,0,41,0.5729166666666666
0,comt,greedy_surrogate,5,3891,41,896,0,41,0.5725446428571429
0,comt,greedy_surrogate,6,3891,41,1024,0,41,0.57421875
0,comt,boba_ucb,1,3891,41,384,30,38,0.6015625
0,comt,boba_ucb,2,3891,41,512,0,38,0.587890625
0,comt,boba_ucb,3,3891,41,640,0,38,0.5640625
0,comt,boba_ucb,4,3891,41,768,0,38,0.5091145833333334
0,comt,boba_ucb,5,3891,41,896,0,38,0.4877232142857143
0,comt,boba_ucb,6,3891,41,1024,0,38,0.4833984375
0,comt,rabvs_budgeted_reliable,1,3891,41,384,30,38,0.6015625
0,comt,rabvs_budgeted_reliable,2,3891,41,512,0,38,0.587890625
0,comt,rabvs_budgeted_reliable,3,3891,41,640,0,38,0.5640625
0,comt,rabvs_budgeted_reliable,4,3891,41,768,0,38,0.5091145833333334
0,comt,rabvs_budgeted_reliable,5,3891,41,896,0,38,0.4877232142857143
0,comt,rabvs_budgeted_reliable,6,3891,41,1024,0,38,0.4833984375
0,comt,rabvs_budgeted_no_ucb,1,3891,41,384,33,41,0.6015625
0,comt,rabvs_budgeted_no_ucb,2,3891,41,512,0,41,0.578125
0,comt,rabvs_budgeted_no_ucb,3,3891,41,640,0,41,0.5875
0,comt,rabvs_budgeted_no_ucb,4,3891,41,768,0,41,0.5677083333333334
0,comt,rabvs_budgeted_no_ucb,5,3891,41,896,0,41,0.5580357142857143
0,comt,rabvs_budgeted_no_ucb,6,3891,41,1024,0,41,0.5322265625
0,cp2c9,greedy_surrogate,1,7570,120,384,42,50,0.4375
0,cp2c9,greedy_surrogate,2,7570,120,512,24,74,0.451171875
0,cp2c9,greedy_surrogate,3,7570,120,640,9,83,0.453125
0,cp2c9,greedy_surrogate,4,7570,120,768,6,89,0.4752604166666667
0,cp2c9,greedy_surrogate,5,7570,120,896,4,93,0.46763392857142855
0,cp2c9,greedy_surrogate,6,7570,120,1024,4,97,0.4765625
0,cp2c9,boba_ucb,1,7570,120,384,40,48,0.4427083333333333
0,cp2c9,boba_ucb,2,7570,120,512,4,52,0.439453125
0,cp2c9,boba_ucb,3,7570,120,640,2,54,0.459375
0,cp2c9,boba_ucb,4,7570,120,768,16,70,0.4453125
0,cp2c9,boba_ucb,5,7570,120,896,0,70,0.453125
0,cp2c9,boba_ucb,6,7570,120,1024,4,74,0.4560546875
0,cp2c9,rabvs_budgeted_reliable,1,7570,120,384,40,48,0.4427083333333333
0,cp2c9,rabvs_budgeted_reliable,2,7570,120,512,4,52,0.439453125
0,cp2c9,rabvs_budgeted_reliable,3,7570,120,640,2,54,0.459375
0,cp2c9,rabvs_budgeted_reliable,4,7570,120,768,16,70,0.4453125
0,cp2c9,rabvs_budgeted_reliable,5,7570,120,896,0,70,0.453125
0,cp2c9,rabvs_budgeted_reliable,6,7570,120,1024,4,74,0.4560546875
0,cp2c9,rabvs_budgeted_no_ucb,1,7570,120,384,41,49,0.421875
0,cp2c9,rabvs_budgeted_no_ucb,2,7570,120,512,11,60,0.435546875
0,cp2c9,rabvs_budgeted_no_ucb,3,7570,120,640,16,76,0.440625
0,cp2c9,rabvs_budgeted_no_ucb,4,7570,120,768,6,82,0.4544270833333333
0,cp2c9,rabvs_budgeted_no_ucb,5,7570,120,896,7,89,0.4453125
0,cp2c9,rabvs_budgeted_no_ucb,6,7570,120,1024,3,92,0.4736328125
0,cp3a4,greedy_surrogate,1,11970,170,384,39,47,0.3697916666666667
0,cp3a4,greedy_surrogate,2,11970,170,512,23,70,0.333984375
0,cp3a4,greedy_surrogate,3,11970,170,640,24,94,0.33125
0,cp3a4,greedy_surrogate,4,11970,170,768,21,115,0.3489583333333333
0,cp3a4,greedy_surrogate,5,11970,170,896,8,123,0.35267857142857145
0,cp3a4,greedy_surrogate,6,11970,170,1024,6,129,0.36328125
0,cp3a4,boba_ucb,1,11970,170,384,27,35,0.4036458333333333
0,cp3a4,boba_ucb,2,11970,170,512,28,63,0.353515625
0,cp3a4,boba_ucb,3,11970,170,640,7,70,0.3453125
0,cp3a4,boba_ucb,4,11970,170,768,5,75,0.3528645833333333
0,cp3a4,boba_ucb,5,11970,170,896,1,76,0.38058035714285715
0,cp3a4,boba_ucb,6,11970,170,1024,2,78,0.3984375
0,cp3a4,rabvs_budgeted_reliable,1,11970,170,384,27,35,0.4036458333333333
0,cp3a4,rabvs_budgeted_reliable,2,11970,170,512,28,63,0.353515625
0,cp3a4,rabvs_budgeted_reliable,3,11970,170,640,7,70,0.3453125
0,cp3a4,rabvs_budgeted_reliable,4,11970,170,768,5,75,0.3528645833333333
0,cp3a4,rabvs_budgeted_reliable,5,11970,170,896,1,76,0.38058035714285715
0,cp3a4,rabvs_budgeted_reliable,6,11970,170,1024,2,78,0.3984375
0,cp3a4,rabvs_budgeted_no_ucb,1,11970,170,384,42,50,0.3645833333333333
0,cp3a4,rabvs_budgeted_no_ucb,2,11970,170,512,22,72,0.330078125
0,cp3a4,rabvs_budgeted_no_ucb,3,11970,170,640,23,95,0.3234375
0,cp3a4,rabvs_budgeted_no_ucb,4,11970,170,768,14,109,0.3385416666666667
0,cp3a4,rabvs_budgeted_no_ucb,5,11970,170,896,3,112,0.32924107142857145
0,cp3a4,rabvs_budgeted_no_ucb,6,11970,170,1024,7,119,0.32421875
0,csf1r,greedy_surrogate,1,12315,166,384,111,119,0.4140625
0,csf1r,greedy_surrogate,2,12315,166,512,25,144,0.384765625
0,csf1r,greedy_surrogate,3,12315,166,640,5,149,0.396875
0,csf1r,greedy_surrogate,4,12315,166,768,4,153,0.3997395833333333
0,csf1r,greedy_surrogate,5,12315,166,896,3,156,0.40401785714285715
0,csf1r,greedy_surrogate,6,12315,166,1024,3,159,0.40234375
0,csf1r,boba_ucb,1,12315,166,384,106,114,0.4036458333333333
0,csf1r,boba_ucb,2,12315,166,512,8,122,0.384765625
0,csf1r,boba_ucb,3,12315,166,640,6,128,0.4296875
0,csf1r,boba_ucb,4,12315,166,768,0,128,0.3997395833333333
0,csf1r,boba_ucb,5,12315,166,896,0,128,0.4330357142857143
0,csf1r,boba_ucb,6,12315,166,1024,1,129,0.4169921875
0,csf1r,rabvs_budgeted_reliable,1,12315,166,384,106,114,0.4036458333333333
0,csf1r,rabvs_budgeted_reliable,2,12315,166,512,8,122,0.384765625
0,csf1r,rabvs_budgeted_reliable,3,12315,166,640,6,128,0.4296875
0,csf1r,rabvs_budgeted_reliable,4,12315,166,768,0,128,0.3997395833333333
0,csf1r,rabvs_budgeted_reliable,5,12315,166,896,0,128,0.4330357142857143
0,csf1r,rabvs_budgeted_reliable,6,12315,166,1024,1,129,0.4169921875
0,csf1r,rabvs_budgeted_no_ucb,1,12315,166,384,110,118,0.4114583333333333
0,csf1r,rabvs_budgeted_no_ucb,2,12315,166,512,24,142,0.390625
0,csf1r,rabvs_budgeted_no_ucb,3,12315,166,640,6,148,0.4265625
0,csf1r,rabvs_budgeted_no_ucb,4,12315,166,768,3,151,0.4401041666666667
0,csf1r,rabvs_budgeted_no_ucb,5,12315,166,896,3,154,0.42075892857142855
0,csf1r,rabvs_budgeted_no_ucb,6,12315,166,1024,5,159,0.4033203125
